# to-the-summit divide tree L0
format 1
seed 36044
regionKm 540.000
playKm 17.517
summitM 5709.0
promFloorM 100.0
elevScale 0.622185
peaks 7268
0 0.00 0.00 5709.00 5709.00
1 4320.00 -4140.00 4800.00 203.64
2 -179792.31 82232.17 4271.51 173.47
3 -269756.74 -76157.61 4102.92 1248.42
4 -176516.95 253029.18 4017.92 470.47
5 142897.26 63313.83 3787.81 260.20
6 -85955.28 -147737.10 905.86 82.55
7 3495.26 4672.90 5232.35 382.59
8 168260.49 239691.10 3769.30 110.12
9 175636.83 -26777.05 3643.84 445.80
10 167165.06 250281.67 4178.15 385.19
11 165019.14 143767.30 4063.30 721.43
12 -228634.54 45840.04 3742.51 367.41
13 -10700.59 -5222.33 4270.88 45.29
14 -200626.45 186746.30 3736.25 706.34
15 -252256.99 238184.05 4073.38 248.52
16 -259210.03 130673.22 4166.44 870.51
17 -75534.33 -19368.92 3049.75 230.61
18 2071.31 149931.10 3904.90 625.85
19 191533.56 -11877.80 3737.66 225.41
20 62548.71 260387.55 3874.26 215.87
21 5800.83 14151.64 4150.61 224.26
22 235792.16 -120482.09 1244.20 177.65
23 -170423.62 262498.70 4160.09 729.88
24 -195743.31 -178403.13 768.53 57.61
25 -262832.09 119356.02 4080.88 473.63
26 -255275.06 236135.28 4361.44 563.00
27 47964.66 -73151.24 1533.30 111.36
28 101248.68 137209.69 3735.42 248.01
29 -73850.15 -250721.40 625.65 329.72
30 -182504.02 79649.88 4101.26 134.84
31 697.25 -5892.11 4152.68 87.49
32 161356.50 238522.82 4409.03 740.95
33 -175993.62 -108729.93 2215.10 267.77
34 -93297.17 207887.28 3897.75 485.95
35 253848.99 97766.88 3455.52 239.49
36 90607.71 4904.56 4000.88 1190.79
37 -243280.08 225499.05 3884.87 514.01
38 -174094.42 248245.61 3425.33 81.24
39 -155605.81 -26891.76 3801.99 665.14
40 -21303.42 -67043.15 1199.36 110.68
41 -252114.55 122962.00 4405.75 1207.89
42 1519.77 13344.15 4494.67 190.16
43 250069.39 -63241.73 1691.51 511.91
44 887.77 133699.17 4213.03 740.03
45 -80421.53 219696.18 4048.72 737.98
46 -229665.76 124572.43 4098.47 1007.53
47 235725.96 226882.48 4118.32 242.50
48 180095.86 149944.50 3977.90 784.84
49 -146889.57 -104824.85 2390.99 171.82
50 -130070.58 138524.39 3765.02 243.22
51 -249245.79 156148.14 4114.83 950.65
52 156579.43 242703.57 3949.03 295.65
53 117533.60 232148.48 3233.88 43.39
54 88975.79 -127862.78 1621.86 77.58
55 -166630.36 -16876.43 4085.39 725.25
56 -239759.04 59467.96 3251.92 30.00
57 -136917.40 -109439.00 1164.63 30.00
58 -263514.69 108031.12 4035.10 555.96
59 203598.36 249203.34 3729.91 202.48
60 -207795.13 183914.54 3692.90 211.15
61 215328.42 159458.53 4171.38 1245.24
62 -788.61 146041.77 3943.37 633.93
63 99409.67 12333.54 2564.15 87.16
64 -260155.19 -95865.31 2403.90 90.87
65 188809.48 243786.43 3732.30 74.51
66 151604.12 131830.46 3853.25 107.80
67 205375.04 264055.83 4386.08 242.20
68 -213312.34 168332.45 3339.03 127.19
69 -176360.60 -29676.27 4192.43 1070.08
70 204900.91 233163.31 3793.26 243.81
71 233864.97 237388.55 4180.77 261.17
72 -70841.59 97825.62 2505.10 145.52
73 -156752.10 69580.09 4122.71 738.59
74 -238855.11 77630.14 3965.71 634.97
75 142080.12 -72238.08 1417.91 117.06
76 -179916.98 268130.72 4114.06 613.41
77 -78895.41 -144099.90 837.01 117.99
78 14043.60 6476.88 4554.32 405.83
79 184840.09 261202.10 4298.50 500.95
80 198529.63 246319.92 4651.44 1192.59
81 -212325.31 201458.83 3627.90 75.75
82 100967.84 213062.68 3719.54 368.99
83 212622.57 264936.96 4330.25 211.52
84 -101185.44 -151191.66 1262.80 399.83
85 -267153.14 102061.41 4158.55 488.60
86 19831.06 221961.47 3701.92 143.35
87 -177699.58 77091.39 4406.94 695.99
88 181729.28 232411.33 3979.01 320.57
89 -192120.05 73400.25 4185.62 626.20
90 -186997.20 249599.87 4535.66 1458.85
91 -5544.88 9898.60 4324.84 96.88
92 109044.07 243092.95 3853.26 413.34
93 243261.76 102581.14 3243.99 231.60
94 -268326.22 -91732.22 2968.70 320.04
95 -110994.62 -155546.14 1283.74 394.40
96 -191117.44 -167660.54 1556.36 99.34
97 2233.00 -11878.21 1525.34 120.63
98 -190943.64 181602.73 3345.94 239.79
99 213107.54 261226.47 4313.78 193.67
100 153566.39 230624.18 4026.65 536.43
101 -2497.13 -8002.27 4553.03 178.30
102 10421.73 215876.44 4148.77 961.35
103 199258.05 266909.93 4336.97 305.87
104 161690.44 -145319.00 1491.39 783.71
105 -181369.41 161189.82 3955.79 1081.28
106 -239842.96 256259.99 4099.65 135.42
107 117831.69 239335.75 4538.06 1495.28
108 -259875.19 232204.31 4111.45 145.25
109 5384.11 -3838.25 4248.18 90.02
110 -174884.86 181662.37 3954.13 1222.72
111 -256457.72 213298.94 3227.95 76.76
112 162811.56 -136662.49 1473.72 85.44
113 -178083.31 -104263.94 2278.98 451.17
114 247337.52 -46151.83 2245.09 129.07
115 -134149.25 -84908.53 3298.59 452.96
116 -166348.28 64801.29 4190.70 1009.92
117 7456.84 3445.60 4913.18 200.70
118 -156697.05 -108436.69 2274.95 129.77
119 109554.70 250807.74 4104.77 163.32
120 -217333.86 -172087.03 1197.16 61.79
121 160990.34 219395.98 3862.92 134.58
122 -74543.35 121117.07 3783.39 92.88
123 141129.93 246941.01 3732.22 26.64
124 99208.21 248255.95 4795.96 1541.20
125 -15476.03 -1980.50 3505.45 130.18
126 217499.79 259754.76 4285.46 149.53
127 -190613.59 80541.02 4171.16 73.12
128 212802.04 -25960.82 3921.51 1485.19
129 -188316.41 -97164.75 2566.16 237.14
130 103435.69 134141.95 3907.50 499.39
131 153699.38 51507.14 3773.59 281.06
132 -265719.10 129300.32 4064.83 221.58
133 -127814.00 141875.29 3926.13 746.28
134 92005.70 252136.52 4251.54 415.05
135 -190995.70 66532.49 4439.92 416.51
136 161953.28 245541.99 4107.73 244.72
137 87392.47 -117739.60 1659.42 229.14
138 94056.83 262859.16 4052.30 629.95
139 1553.34 9464.18 4590.99 82.40
140 -12101.23 156825.18 3473.80 139.85
141 109626.18 255198.08 3811.78 108.22
142 -201136.14 204409.38 3755.06 581.20
143 -611.47 4903.89 4905.99 45.96
144 197703.66 263360.82 4242.92 77.68
145 226637.16 252240.66 4137.86 94.81
146 -211481.82 -157442.22 1229.37 67.30
147 268187.79 -86998.79 873.40 129.55
148 -870.68 -252733.52 830.18 597.13
149 264247.46 -52988.68 1446.16 153.51
150 5071.03 32.18 5262.28 794.51
151 194170.53 232701.61 3983.34 324.79
152 148191.90 254286.47 3885.09 91.76
153 -214460.59 216128.08 3719.97 92.98
154 43316.56 86774.86 3967.32 141.91
155 -173540.59 78938.23 4181.61 57.74
156 -188726.67 -26787.16 3595.85 259.64
157 150348.03 244100.40 3858.34 30.00
158 167032.81 262253.52 4222.30 834.78
159 85774.85 261553.23 4375.26 191.80
160 -234742.73 115460.28 3049.51 156.05
161 229958.56 226782.51 4206.44 190.81
162 11799.62 7490.48 4248.76 78.93
163 233836.33 236643.23 3986.97 51.25
164 -95509.45 192449.01 3985.92 825.29
165 194360.49 267134.27 4311.17 156.05
166 144905.34 71265.44 4037.34 1074.06
167 61840.73 265904.87 4459.16 1178.88
168 76220.66 265857.88 4081.57 126.08
169 197341.14 255914.97 4350.31 214.90
170 -202551.37 -23634.10 3923.90 541.14
171 254016.53 206327.72 3676.61 30.00
172 -153381.96 -102347.09 2913.35 144.39
173 129961.37 233792.93 3637.94 174.25
174 -40656.80 67188.66 3287.46 30.00
175 158177.32 -152216.37 981.26 96.79
176 -12206.64 7830.67 4082.72 39.67
177 -197855.09 81919.39 4158.86 268.06
178 5339.62 -124319.98 1467.07 102.17
179 -208528.40 65729.46 3942.42 984.98
180 -179377.36 135593.22 4087.47 988.90
181 -239597.16 88515.59 4122.12 763.94
182 -143550.35 -65791.81 3838.98 1086.50
183 53214.77 245237.00 3424.99 30.00
184 -228215.79 214613.99 4120.77 880.81
185 148873.39 261243.24 4141.05 521.50
186 119840.58 247320.60 3993.64 504.66
187 -177887.06 92702.68 4387.70 605.59
188 -260585.13 -102694.32 2210.10 94.47
189 -203892.45 -104696.00 1665.53 301.71
190 -5596.08 -8971.51 4472.29 50.32
191 -7720.73 18073.46 3593.46 457.62
192 -139133.45 -207147.97 707.87 97.38
193 181893.76 243697.42 4139.31 803.78
194 227286.05 235186.43 4252.75 661.75
195 -188414.75 -113708.72 1263.21 99.78
196 50079.34 253123.45 3312.45 144.83
197 11047.85 -4214.34 2230.42 90.82
198 -189719.60 103355.34 3788.99 30.00
199 203157.59 169302.59 3760.06 272.56
200 526.38 -113952.56 1608.52 392.33
201 209142.61 257127.97 4105.85 50.83
202 158043.72 -130434.96 1801.50 1358.14
203 6184.01 -18892.89 2572.17 126.85
204 -173621.62 71523.51 4007.75 180.60
205 133392.13 131719.97 4128.44 963.65
206 -194489.94 70060.78 4510.77 726.01
207 -144456.97 41871.38 3611.83 85.87
208 -134414.60 75648.43 4047.55 554.29
209 46972.44 76967.17 3632.21 127.24
210 -190914.78 91551.73 4174.75 794.20
211 -194172.75 -96650.20 2399.85 112.32
212 -186265.37 201018.16 3781.17 189.52
213 57925.15 259676.82 4061.12 644.46
214 -91634.90 -105279.85 1251.47 190.40
215 -183449.21 72311.78 4446.36 652.36
216 -198553.72 100603.86 4441.27 1229.53
217 -212189.43 -150560.97 1681.82 30.00
218 -181738.11 117122.53 3988.22 55.46
219 192831.00 227654.38 4161.80 461.89
220 225529.59 195473.94 3984.33 368.50
221 -106256.99 -159068.59 1177.50 258.71
222 190451.49 254224.28 4184.49 564.42
223 55021.04 -63643.12 2258.55 131.70
224 -95201.06 -50466.77 2986.58 183.21
225 157631.25 -50734.66 4074.97 1314.71
226 -251855.08 40419.34 3703.84 560.30
227 -135299.94 -45153.18 4242.85 1788.96
228 208238.38 -127513.30 1283.13 41.49
229 -245853.40 253705.11 4443.17 967.75
230 -203778.00 -32888.70 3982.79 752.62
231 -178819.79 106470.56 4130.93 149.13
232 -190060.46 122163.36 3704.55 67.30
233 -118498.41 -83654.47 2598.18 51.79
234 -196567.30 -170470.38 1107.30 65.92
235 -230357.78 198241.09 3633.79 73.84
236 202777.41 -11153.35 3436.78 166.94
237 220413.76 247557.63 3802.61 118.21
238 -258037.84 195683.69 3566.75 31.07
239 -159457.16 244672.91 3649.88 49.16
240 -77079.77 -62632.07 2581.87 78.58
241 -196418.09 73682.82 4080.39 212.18
242 -4321.76 14894.49 4143.94 99.72
243 6365.41 7253.41 4287.35 79.35
244 -12424.38 229055.28 4408.05 1265.54
245 221040.91 232791.92 4324.06 315.35
246 135356.05 197098.05 3806.97 321.39
247 179495.84 258082.10 4173.93 350.93
248 221909.56 265598.35 3268.93 66.80
249 45780.27 -90743.19 1401.01 131.21
250 -7721.23 4121.05 4982.46 45.42
251 -200624.70 96166.55 4285.43 573.80
252 -268987.69 107489.45 3536.91 143.84
253 -10061.18 -383.96 4948.67 61.19
254 -5854.59 -5198.89 4901.01 189.52
255 180268.91 250351.87 4054.69 352.84
256 130560.15 244376.26 4186.65 631.66
257 132676.57 40512.85 3800.44 691.72
258 -186814.05 85124.97 4476.38 932.53
259 -183273.24 99904.49 4181.93 206.70
260 -190273.17 248123.27 4113.92 343.02
261 -104249.47 178573.21 3293.34 102.48
262 244787.27 211910.88 4030.25 143.74
263 -85291.27 -90621.31 1185.94 261.86
264 224655.65 259006.11 4106.07 247.77
265 -228984.70 113079.00 4105.67 644.54
266 -261056.68 -55599.90 3438.40 110.71
267 -11865.58 142785.72 3290.12 30.00
268 -195450.83 -21011.24 3311.51 224.50
269 147903.85 230083.65 3365.41 90.35
270 -84926.61 -32370.54 3804.44 704.59
271 244358.15 235618.29 4380.15 848.57
272 84493.75 -135845.37 807.21 54.31
273 1071.01 165005.02 4127.24 886.71
274 108837.95 124533.19 3777.11 116.46
275 232584.35 244785.60 4130.71 857.47
276 43459.93 -63867.26 2933.52 88.42
277 225424.43 77876.22 3774.19 705.72
278 -215936.82 234013.86 4023.31 72.57
279 208813.48 266920.51 4636.87 86.53
280 268474.41 -48672.56 1421.95 86.51
281 -228060.47 -178215.68 788.28 186.38
282 197849.38 264234.52 4402.74 712.99
283 -154137.03 136424.31 3646.09 53.77
284 152064.74 100341.66 4063.93 56.78
285 -209744.79 92042.87 3736.03 143.60
286 230524.81 263808.83 4193.30 285.20
287 -205399.77 101235.27 4282.09 288.09
288 88537.68 -263896.56 636.17 306.25
289 63096.51 242123.88 4019.18 174.49
290 74151.67 261312.86 4140.03 237.30
291 -69544.11 216016.32 3669.97 73.36
292 3039.12 214877.47 3863.45 284.82
293 -64161.03 -69859.28 1212.71 125.99
294 -205111.15 78789.25 4166.39 170.04
295 -181057.62 52947.08 3880.21 372.48
296 105633.88 122012.03 4069.58 875.83
297 140876.19 192926.55 3880.40 360.64
298 -23085.26 237098.16 3508.50 154.11
299 -189722.90 99327.87 4164.76 454.94
300 -162198.75 145272.13 3448.21 6.67
301 -131267.15 -104264.62 1600.61 100.44
302 -121707.99 -82026.33 2698.12 91.28
303 -177228.46 85605.31 3955.42 52.95
304 -73686.85 211463.52 4049.32 552.56
305 -3765.73 4358.38 5561.43 634.17
306 24714.93 239487.40 4410.86 1264.94
307 84958.17 -100558.74 1518.60 116.56
308 144426.22 100364.02 4180.87 646.94
309 121494.77 230861.18 3917.57 50.80
310 -174888.38 90124.29 4132.43 141.25
311 236884.49 250959.72 4532.95 917.48
312 141585.51 251126.91 4585.66 969.10
313 153375.11 240551.18 3966.28 92.13
314 130338.55 -148411.53 1179.34 396.40
315 222314.63 243131.96 3870.09 134.85
316 -185569.19 67622.48 4298.16 215.59
317 152922.97 267886.31 4357.95 1161.89
318 31632.03 -64564.95 2633.36 125.45
319 129457.54 257494.11 4021.12 239.78
320 -11247.14 -233683.56 603.63 57.36
321 120389.83 61076.82 3786.76 423.65
322 -1053.81 -32572.50 2412.00 242.31
323 191056.32 258948.63 4138.48 178.81
324 239767.37 261128.47 3725.12 137.37
325 52645.30 -56358.59 3749.13 639.77
326 224749.54 240199.00 4363.50 964.37
327 105820.50 256245.88 4142.13 89.93
328 -55857.25 156745.75 3809.64 460.92
329 71995.76 258511.73 4296.93 766.43
330 -88754.91 -149274.63 699.10 30.00
331 -207922.15 -110327.97 1438.30 81.08
332 -195306.40 90653.64 4397.47 871.24
333 138543.61 -144217.83 1481.13 726.36
334 1321.65 -4092.36 4994.91 210.56
335 114579.44 -66128.39 1606.77 145.37
336 141758.60 257670.96 3723.25 168.93
337 -190667.78 109590.03 4456.30 977.32
338 77968.42 -96383.63 2207.01 635.57
339 -88699.20 -96102.18 1109.86 133.09
340 250122.55 -44138.44 2284.19 120.99
341 211057.70 83549.62 3810.03 320.62
342 207238.64 230152.89 4316.50 916.22
343 116566.94 172900.97 4130.10 1125.29
344 34182.97 217477.10 4030.96 722.35
345 -14899.08 -70513.41 1457.24 122.58
346 -187892.88 257296.92 4206.37 703.96
347 83135.36 257140.79 4567.55 571.77
348 -186329.01 48305.69 4141.70 792.77
349 184201.98 220502.11 3445.94 172.66
350 -65688.58 203086.46 3682.93 175.82
351 77839.84 -114610.06 1495.90 92.38
352 10063.44 11133.33 4630.75 585.23
353 95314.16 -103402.84 1168.21 131.01
354 -195668.20 -167547.59 1171.48 72.95
355 90350.62 247642.89 4139.34 245.56
356 155618.52 -132595.58 1184.99 42.95
357 12426.06 -17277.72 2267.66 79.24
358 -263510.58 214312.37 3728.58 415.16
359 -134786.78 236046.86 3855.57 532.86
360 139010.74 52459.62 3975.97 811.17
361 -6805.99 10456.68 4473.65 190.65
362 -129934.82 -110873.44 1687.61 752.03
363 221555.30 232097.79 3754.59 55.99
364 -4672.81 12234.16 4794.23 669.68
365 -203010.10 107790.00 4218.14 196.88
366 189149.11 -61759.66 2562.84 54.49
367 -200978.71 -88968.11 2562.79 84.60
368 234707.06 221570.48 3944.10 86.02
369 -4310.19 312.33 5589.33 237.12
370 257039.07 164194.38 3513.35 38.79
371 -54014.98 169056.67 3605.22 233.53
372 -92488.10 -73773.21 2214.29 144.56
373 117564.16 266292.81 3705.27 195.70
374 -213411.40 93947.39 3759.67 100.97
375 -189627.13 -33020.73 4197.41 1229.20
376 266944.59 -96975.21 1473.90 645.81
377 -133574.84 -68478.33 2971.66 46.69
378 119411.97 87167.84 3952.41 96.63
379 149060.84 255877.54 4014.20 512.31
380 258760.56 -105076.44 1454.98 546.34
381 158770.62 249897.36 3951.06 720.11
382 76916.38 248171.86 4543.85 1218.46
383 -77349.61 10893.26 3281.18 141.85
384 -231568.88 201776.11 3789.16 540.03
385 208626.44 244243.17 4278.49 624.25
386 -21946.84 -105422.12 1853.73 87.03
387 -132603.48 -92890.53 2581.55 170.13
388 108010.81 269383.18 4139.22 652.71
389 248816.20 212691.65 3397.17 30.00
390 195283.51 -50497.11 4036.94 695.98
391 7577.90 9613.91 4407.95 212.57
392 -217891.29 215215.72 3864.68 720.81
393 137628.55 255242.06 4534.96 223.26
394 214247.48 -43319.98 3209.93 155.30
395 52445.09 -67575.46 1513.74 52.24
396 2759.46 6180.13 4925.76 34.30
397 -183950.60 92778.96 4228.16 435.01
398 15562.25 -80515.33 1215.76 64.87
399 83080.85 266555.44 3787.65 52.74
400 -12824.72 51.42 4113.60 138.64
401 10999.18 247872.31 4102.03 873.74
402 -62.32 -16205.79 2280.88 30.00
403 -185734.30 63652.65 4532.28 1445.94
404 -185073.16 246700.13 3977.64 405.91
405 115073.92 226116.55 3828.96 456.98
406 -605.47 -4584.51 4950.49 81.34
407 -102383.17 -64317.48 3463.09 239.81
408 -258860.54 94738.10 4024.97 148.08
409 255382.79 171562.90 3935.43 177.57
410 -71756.44 -130336.73 1448.35 96.51
411 -3421.58 193817.86 4317.56 1203.04
412 -232986.54 100485.41 3498.76 32.31
413 148075.69 -154021.01 611.38 55.41
414 -178264.46 -129256.81 1417.62 83.44
415 6230.40 68861.33 3240.87 177.41
416 19004.55 -31972.71 3223.68 345.14
417 95185.47 -117212.90 1428.93 52.57
418 79085.87 267275.85 3426.45 93.91
419 197274.34 160498.08 4127.46 879.69
420 13447.77 -62786.72 2392.17 58.77
421 233017.02 232369.92 4485.13 1450.19
422 -194686.68 -122444.98 1447.38 637.61
423 -7422.54 639.16 5216.24 89.17
424 7930.64 13581.15 4445.91 450.80
425 9688.80 -30523.79 2550.06 65.63
426 -122944.86 217348.25 3677.45 183.52
427 111343.02 -35396.68 4146.28 1389.00
428 252183.36 223631.49 4039.13 173.26
429 146469.33 264186.19 4048.63 451.65
430 235756.61 244450.79 3945.43 182.22
431 165673.28 -155466.42 825.19 92.69
432 -88333.79 178729.17 3463.77 147.52
433 -207162.40 107611.72 4475.17 190.61
434 -46766.19 166716.30 3862.18 655.00
435 225035.28 222838.31 4285.95 448.22
436 142281.42 -96655.05 1466.63 97.67
437 -181991.00 -70551.41 3254.06 289.83
438 -6838.32 11908.03 4180.12 33.60
439 29153.21 207346.72 3525.00 89.47
440 -254189.56 206066.36 3999.06 493.00
441 -121590.60 -156584.98 1228.49 99.41
442 203651.65 84060.25 3597.66 467.87
443 -139087.94 216765.93 4102.50 998.51
444 -180614.31 -127072.84 1632.56 361.31
445 -4361.03 66155.90 3872.14 981.26
446 23037.89 62463.43 3809.65 962.25
447 165051.33 149704.11 4032.29 500.81
448 -249229.09 141974.37 4075.60 1019.68
449 -232130.74 58646.10 3821.75 1031.30
450 153739.84 224495.70 3533.43 112.53
451 10714.12 11414.29 4543.78 80.62
452 217120.24 263425.32 4196.60 169.55
453 263861.48 222715.68 3968.78 391.63
454 -215360.23 74113.22 3946.47 186.77
455 -193916.40 255911.64 3944.15 141.97
456 132650.60 263030.91 4221.01 171.71
457 192829.68 -38528.18 4189.85 1483.18
458 -7056.68 13230.03 4306.49 225.53
459 -198522.15 -63265.14 3743.40 297.15
460 27845.38 -76120.63 1480.01 69.62
461 -265897.82 96061.26 4286.79 780.25
462 -11142.12 -5137.52 4380.30 166.92
463 20607.81 -75076.93 1477.38 32.76
464 -230057.00 45718.31 3679.48 116.98
465 -175010.12 242476.04 3744.29 182.34
466 214754.38 230403.58 4512.28 1240.79
467 -173078.20 266877.42 4021.09 242.85
468 -238896.96 96221.49 4198.42 786.05
469 206831.21 88227.29 3342.33 189.55
470 174038.18 256618.79 4057.20 146.78
471 -234150.45 -5594.70 3369.64 30.00
472 -212574.26 221189.40 3847.09 259.99
473 -250696.72 243119.76 3868.09 55.02
474 -235778.00 192783.81 3274.67 156.98
475 -199685.71 147896.92 3434.26 168.43
476 -246625.07 69081.24 3726.21 164.41
477 -57174.13 218169.34 3313.61 131.99
478 125520.10 131475.29 3084.54 71.73
479 -186080.75 33119.38 3632.86 100.36
480 72410.60 167262.93 4015.99 341.71
481 252377.38 -126731.02 879.61 130.83
482 53456.83 269025.53 3708.74 88.34
483 -139157.18 234188.44 3827.96 317.23
484 18606.18 159184.98 3990.57 494.12
485 -216549.53 251501.20 3970.75 418.74
486 132649.33 268114.22 4523.87 1243.97
487 -195536.30 116074.98 3922.87 176.12
488 -16017.29 16492.33 3867.93 571.33
489 124419.67 148533.38 3431.04 188.92
490 158149.74 95521.94 4198.49 278.48
491 206088.17 53512.53 3914.55 637.73
492 246638.94 257462.37 4276.52 722.44
493 -205672.78 224296.21 3809.67 190.57
494 221063.94 167993.99 3644.91 125.46
495 -198080.01 69831.66 3766.26 84.69
496 117144.00 92401.05 3000.78 100.52
497 127313.33 241900.71 3745.74 197.55
498 82348.07 252135.12 4160.66 376.59
499 -258272.26 233904.93 3711.21 139.80
500 -207225.16 -104084.63 1423.36 30.00
501 -203653.17 -21150.16 3539.00 186.39
502 221041.47 80779.31 3105.43 54.90
503 -247653.64 257162.98 4384.21 660.10
504 -160073.35 -110069.98 1499.28 30.00
505 253782.29 -69440.76 976.76 130.35
506 148382.39 47080.53 3195.51 164.79
507 -90303.30 -77725.27 1422.17 75.41
508 -253096.22 200544.84 3561.07 94.82
509 -183348.35 66464.51 4205.87 84.27
510 -149282.12 -211504.22 506.47 140.91
511 -218174.31 220529.07 3737.96 224.42
512 131957.49 120181.42 2990.96 60.09
513 251673.46 96860.40 3408.04 190.47
514 -106251.25 -164838.04 867.98 81.67
515 -223092.10 -151823.50 994.05 63.76
516 148002.34 -53987.23 3144.95 166.50
517 -200726.94 -32174.98 3292.49 43.80
518 210773.22 229352.73 3481.47 67.27
519 -82126.68 -20645.00 3585.15 310.87
520 198678.71 151505.38 3871.34 107.57
521 -179988.83 -124352.58 1412.73 42.87
522 -173524.91 184927.58 3256.46 30.00
523 -118032.48 -88957.62 2492.54 236.68
524 -262665.50 239503.65 3772.55 74.15
525 221827.78 251984.32 3896.32 178.98
526 129980.28 263486.16 4299.84 281.37
527 122178.59 131940.46 3627.54 502.95
528 250381.59 253972.74 3636.45 166.45
529 57464.30 257713.73 3469.83 31.94
530 182442.12 159018.37 3912.62 1045.84
531 -24551.54 -3920.12 3303.67 427.02
532 -212084.76 -173925.66 779.40 64.60
533 1380.36 224361.04 3328.09 349.07
534 -208621.42 -34977.23 3514.28 103.64
535 176722.01 232425.01 3869.22 480.74
536 -92360.39 205104.57 3495.88 30.00
537 164963.72 263319.87 4173.85 265.77
538 59796.23 -66724.63 1803.55 283.05
539 -78250.44 115325.30 3621.70 30.00
540 209479.92 256765.26 4141.18 137.21
541 151342.23 97714.70 4194.50 675.97
542 -139585.23 -43294.88 3348.99 143.06
543 -234162.82 89202.95 3909.90 327.98
544 -253328.97 -95129.79 2284.54 150.50
545 189344.94 -64770.70 2255.55 119.03
546 -261115.24 197195.69 3685.97 60.44
547 100851.81 -40428.23 3525.06 558.10
548 195201.36 163865.54 3390.45 30.00
549 -228510.78 33938.78 3566.73 69.53
550 252097.59 241793.70 3500.68 173.50
551 141485.35 46996.74 3317.36 81.60
552 116895.35 76808.13 3581.52 199.48
553 -221887.30 -169261.04 1404.94 438.39
554 -183991.80 266921.24 3843.68 203.21
555 -8066.03 -254991.29 714.04 131.46
556 -207302.32 214332.70 3236.11 213.74
557 -62802.14 199682.16 3868.59 399.60
558 -221397.97 263664.60 3888.76 51.68
559 263366.70 -57235.04 1102.01 64.00
560 -254897.21 -102216.56 2227.78 515.35
561 24944.98 159037.28 3570.79 312.26
562 135402.83 -149348.06 928.66 92.97
563 -198134.72 203595.64 3592.95 176.87
564 45567.77 -71602.91 1793.65 119.63
565 254056.38 239419.81 4381.03 977.46
566 28584.26 71233.98 3542.46 135.41
567 -232616.21 93760.80 3913.03 316.56
568 91239.47 -7531.23 3088.19 70.27
569 -247606.72 43148.24 3444.64 106.25
570 131461.63 37330.13 2924.00 57.12
571 12905.28 67654.28 3564.94 587.11
572 -44672.85 -138166.90 750.56 60.24
573 -235279.86 256279.99 3739.64 181.54
574 2963.79 212237.08 3635.10 30.00
575 205962.98 104653.18 3137.80 148.72
576 254247.79 -80554.06 1054.93 61.04
577 180910.30 252838.94 3850.11 114.89
578 -202179.22 182202.37 3089.90 31.70
579 -266172.12 119049.36 3898.66 186.76
580 -130093.09 245715.08 3178.06 30.00
581 -176059.70 -32710.31 3656.87 223.09
582 211580.26 -137748.57 1045.52 125.99
583 -18583.21 43372.11 3349.20 81.34
584 -87175.01 22776.04 2940.39 176.76
585 197240.59 -54410.47 3254.15 30.00
586 159387.67 102577.77 3867.10 144.62
587 -139137.46 69165.39 3329.89 89.85
588 -242105.35 251198.67 3743.51 197.28
589 194043.37 81439.34 3298.20 138.51
590 -83304.30 105891.78 3607.99 133.60
591 254288.43 178831.91 3481.51 31.89
592 204765.18 -60095.95 2509.30 121.24
593 -207453.12 -145804.88 1286.35 306.84
594 -192098.65 122163.43 3809.88 229.98
595 222432.59 269311.67 3867.80 380.48
596 115007.74 -59602.79 1468.80 97.01
597 116011.09 223036.22 3478.86 79.61
598 2229.49 -17800.27 2249.13 91.36
599 -151788.49 -37959.85 3411.39 57.71
600 -117867.57 -167686.21 1042.01 143.17
601 9332.85 75958.44 3650.77 716.35
602 -92332.64 -22405.97 3158.47 101.92
603 -202476.18 -65852.57 3573.68 352.71
604 153343.02 259124.64 4024.33 532.36
605 -243775.57 247087.69 4047.73 223.67
606 149341.44 50393.38 3601.71 204.51
607 9229.77 20390.13 3063.61 68.59
608 263155.78 -106482.95 1118.89 79.94
609 -15166.19 -89001.93 1639.99 94.18
610 16638.20 2929.36 3487.07 201.06
611 -146173.22 62407.96 4312.67 853.41
612 196469.96 177220.06 3494.98 139.76
613 178403.24 244783.97 3968.96 602.07
614 -149889.07 66164.93 4202.62 444.87
615 100879.18 253925.24 4018.28 548.10
616 -261758.30 185337.20 3470.04 60.49
617 -134922.99 -49182.00 3756.67 188.55
618 140141.99 -101245.38 1126.70 120.29
619 -225724.50 -177706.50 981.58 361.24
620 25552.22 -39960.48 3220.68 30.00
621 -203010.88 82953.85 3975.06 427.87
622 -208896.03 -31411.18 3663.12 199.41
623 13671.28 -8206.15 2101.91 49.15
624 -1477.60 126531.67 3698.52 116.68
625 232606.15 -45725.63 2735.21 126.58
626 157002.05 221558.19 3476.38 156.55
627 -240148.67 149520.43 3344.77 149.22
628 183842.45 -66632.53 2348.68 177.38
629 -146411.57 -217517.11 655.90 164.57
630 210996.53 -142214.95 723.18 94.68
631 113296.92 119919.38 3329.54 99.81
632 113287.36 -76811.93 1287.98 288.39
633 -265189.46 226306.62 3550.28 147.32
634 97724.40 -44223.31 3521.58 98.46
635 35336.86 84594.39 3352.98 104.41
636 203601.03 -18016.82 3309.96 128.26
637 142395.87 182149.19 3695.71 94.22
638 -169586.06 180766.10 3641.24 130.10
639 230430.36 168045.40 3436.25 190.17
640 243934.79 -64610.97 1332.33 124.04
641 82390.19 266586.09 4392.91 848.39
642 251833.77 -66094.69 1216.18 81.60
643 256515.23 159228.34 3649.26 137.02
644 -46188.12 -130585.25 1258.05 152.94
645 -188015.54 -18352.16 3168.50 164.82
646 -86818.04 31502.61 3355.70 162.75
647 -257925.78 171689.83 3354.91 48.30
648 -199633.13 262052.43 3454.63 91.87
649 223400.92 265476.01 3537.48 30.00
650 254258.23 90731.51 3159.85 147.18
651 139742.59 242010.11 4101.54 445.19
652 226632.31 160057.79 3700.71 284.25
653 -190012.13 54658.14 3636.32 149.18
654 -232301.99 213501.57 3627.84 69.36
655 -194023.80 126464.52 4138.16 724.77
656 -26197.48 2742.42 3784.07 607.90
657 221998.68 241648.62 3992.62 183.07
658 -188894.34 236234.42 4154.85 1044.58
659 265317.78 -110050.18 1145.36 164.54
660 -134179.27 233472.44 3410.47 77.93
661 -185764.92 197767.96 3625.48 234.14
662 47804.06 -50137.05 3661.91 115.65
663 -96727.65 -71734.97 2582.03 98.73
664 21104.92 9612.27 3312.87 243.22
665 -214577.38 -38585.66 2994.50 37.11
666 -193496.95 172262.35 3510.88 277.14
667 207398.08 -28615.37 3283.35 148.58
668 -236787.59 115284.04 3553.86 122.83
669 -29225.80 -3555.66 2977.55 174.99
670 -92587.60 -15137.42 3081.22 31.72
671 -22901.11 -108815.29 1120.65 105.30
672 -149699.73 -36084.74 4095.13 1078.53
673 98276.51 136138.37 3711.10 127.97
674 239722.44 222237.36 4007.67 203.13
675 -95886.29 -7395.33 3341.86 135.07
676 88329.29 -11621.57 3338.01 542.26
677 -81716.32 -63302.41 3142.38 227.50
678 235675.90 217550.58 4197.73 567.71
679 -40740.01 -141599.59 902.07 241.55
680 -133255.75 -89822.20 2563.21 30.00
681 -262158.09 210165.07 3558.03 30.00
682 -259804.59 188012.24 3879.55 469.88
683 16620.48 244406.69 3580.67 86.95
684 -81436.58 -149652.41 487.43 56.97
685 208126.91 154867.19 3610.72 84.98
686 -237487.00 124453.93 3831.02 671.22
687 136607.85 113783.69 3549.65 629.18
688 136651.06 98243.67 3646.61 185.93
689 30478.14 219998.58 3416.19 66.47
690 -3120.89 221377.52 3113.04 74.20
691 73460.57 244695.97 4233.24 107.82
692 249584.89 203774.68 3883.78 310.63
693 -239262.13 237939.97 3750.08 61.78
694 104857.79 257035.79 4589.38 1177.56
695 -136355.84 -67285.88 3150.58 143.47
696 91381.84 234772.04 4052.39 681.67
697 77434.27 171221.10 3260.20 130.79
698 144391.98 245250.49 3865.03 57.55
699 145800.70 41172.82 3679.54 287.71
700 -199419.46 257595.46 4130.97 669.17
701 171961.44 -26439.63 3580.16 116.27
702 87252.91 2375.61 3086.37 52.54
703 -217894.16 262735.56 4229.68 344.68
704 123927.25 94276.63 3486.73 68.97
705 219783.29 -46671.87 3024.06 121.04
706 84463.44 5597.86 3517.07 125.91
707 247150.94 -130388.24 790.66 118.75
708 -267933.41 228900.79 3405.89 30.00
709 210459.71 56541.07 3896.39 572.74
710 32566.44 167776.34 3759.20 184.32
711 -65743.87 -140049.87 988.98 73.33
712 178872.80 162738.06 3543.30 131.74
713 36626.29 14226.82 3593.97 140.35
714 250409.35 100709.27 3249.04 116.60
715 -97416.75 -17528.26 3141.56 98.52
716 145178.67 191921.82 3539.20 24.22
717 -129831.14 248898.69 3547.20 441.97
718 -79389.58 -61984.82 2916.71 55.63
719 129871.45 148156.41 3522.07 484.05
720 194923.97 -45391.85 3902.24 154.96
721 90208.70 238048.34 3451.06 55.73
722 -10292.36 -3317.99 4760.83 201.75
723 -194051.49 124538.79 3492.84 48.30
724 227040.30 215101.90 3178.29 143.21
725 -169606.47 65337.19 4089.33 176.76
726 -137959.13 -38388.32 3525.49 164.03
727 201873.90 244880.66 4265.53 177.66
728 -168778.59 192505.46 3297.97 148.02
729 -195547.82 119827.91 3786.00 179.59
730 11207.32 -3102.56 2832.96 86.80
731 -105074.60 -68972.52 3040.53 124.53
732 136879.79 80263.63 3276.47 102.49
733 -225454.16 -116963.70 1489.85 118.77
734 -229038.83 119452.23 3231.84 130.97
735 -7651.39 127715.24 3670.60 147.75
736 -169182.45 61151.19 4093.91 206.73
737 -174379.23 -132488.45 1200.76 83.25
738 -249271.85 240144.54 3644.28 35.86
739 -236932.16 212066.20 3348.39 191.58
740 -230575.82 256172.35 3655.62 161.17
741 194141.02 -61767.16 2073.77 96.24
742 166454.91 151332.18 3373.76 30.00
743 3547.10 116722.91 3849.03 282.46
744 -237626.66 84113.23 4042.32 394.43
745 41543.37 82446.24 3351.27 49.81
746 -263548.06 195180.04 4184.83 1022.66
747 241530.54 -127334.77 1036.25 158.46
748 62362.78 159168.34 2940.90 99.13
749 -205432.29 -77270.22 3646.50 30.00
750 204522.04 -129732.69 1101.32 119.03
751 45427.77 90610.72 3410.70 30.00
752 -102731.55 181511.47 3661.83 194.81
753 -267670.47 88906.94 4235.79 1087.04
754 3292.00 173328.61 3722.17 180.31
755 241432.42 234118.40 4048.59 62.93
756 37843.13 6986.00 3225.00 51.26
757 72739.01 -97322.87 1703.05 140.41
758 79868.52 -49686.72 3113.94 134.01
759 170450.44 -159440.26 431.11 97.47
760 -95827.76 210371.97 3743.29 298.28
761 -251440.89 44803.30 3008.03 181.33
762 219801.91 64931.66 3025.56 184.68
763 -267956.08 125974.46 3995.85 163.75
764 142004.59 67461.29 3586.99 36.69
765 27099.10 66086.86 3697.76 416.40
766 148067.92 95515.60 3407.55 51.28
767 80759.42 -92390.21 2086.69 473.12
768 -121587.82 -89428.91 2339.86 75.61
769 -6103.19 109466.83 3920.48 414.87
770 167756.09 262629.48 4184.16 67.11
771 -71188.57 115840.76 3872.01 591.08
772 -218159.61 230998.95 3982.68 159.17
773 223114.92 75026.89 3107.22 124.16
774 -89143.77 -84808.31 1172.00 50.07
775 -142146.53 -27080.89 3607.34 85.84
776 -267367.61 -64641.86 3433.12 151.67
777 -92208.28 29092.93 2939.70 140.71
778 23708.24 164215.57 4000.98 568.42
779 145130.00 97207.18 3613.53 78.44
780 266881.56 -44408.03 2282.48 120.30
781 62073.66 236179.38 4099.43 478.54
782 -67744.56 155932.49 3806.64 147.04
783 -61835.82 -141905.08 952.16 61.26
784 160562.03 -140187.09 928.43 94.18
785 182678.50 -43000.51 3578.23 75.46
786 -92867.93 -44177.60 2959.32 96.19
787 -96260.76 -75310.50 2525.30 117.13
788 -264105.34 243540.61 4186.91 597.32
789 -242672.17 237519.46 4253.49 708.24
790 174858.72 45148.10 3364.60 98.27
791 -94059.77 214962.13 3555.01 89.91
792 24228.84 236210.24 3810.16 343.60
793 163796.01 155860.06 3817.17 143.93
794 -1550.55 124693.54 3650.14 76.04
795 18841.37 248749.69 3514.37 169.61
796 -190123.88 46121.59 3415.72 39.18
797 -88562.60 -12336.32 3384.04 80.24
798 -212592.58 -177297.29 696.84 117.83
799 234338.54 264085.23 3988.01 69.48
800 116151.98 86259.08 3679.47 88.49
801 206775.07 -131653.97 1801.98 112.34
802 -150195.84 -32427.51 3307.00 121.92
803 -19647.79 -69138.28 1133.24 119.44
804 -170012.64 266095.92 3754.26 182.97
805 -169199.27 22496.10 3456.58 44.55
806 -268452.01 225447.83 3506.69 102.34
807 67878.67 165727.16 3674.97 203.93
808 153240.48 157723.73 3892.37 219.31
809 -203119.19 -157163.48 1357.08 166.02
810 104720.47 203875.85 3461.06 286.44
811 185309.76 224579.63 3405.43 35.21
812 -258835.14 194613.46 3841.21 295.00
813 132577.28 -69038.50 1345.67 80.57
814 -197820.06 -175183.34 980.27 84.07
815 -14450.99 -84049.21 902.36 70.59
816 -85237.85 -26470.96 2943.23 97.57
817 9439.31 102440.07 3239.24 161.91
818 151612.33 256817.43 3572.15 36.35
819 -123534.10 140229.00 3410.34 30.00
820 -192939.18 243083.01 3637.22 189.27
821 -146334.32 -42182.14 3814.39 722.60
822 -192875.45 -182702.28 693.30 188.08
823 186843.03 -63290.88 2205.97 99.51
824 137255.76 92331.05 3123.35 122.03
825 -81998.27 9229.65 3237.69 103.10
826 102365.15 84905.09 2956.20 148.57
827 5282.32 -34580.53 2574.58 400.48
828 58240.17 155772.59 3870.99 483.81
829 -265490.85 199152.95 3729.59 90.71
830 249664.13 -128678.91 1068.78 123.85
831 -13104.64 -27800.33 3039.45 78.21
832 177317.03 169085.27 3888.34 763.83
833 -127839.95 -172603.36 1124.22 390.91
834 120990.35 90452.23 3209.46 30.00
835 12187.10 64614.48 3159.32 32.30
836 -102825.59 24873.78 3464.85 137.32
837 -211613.39 -104827.70 1959.30 98.10
838 100651.03 223318.12 3636.02 147.73
839 236780.38 -127365.78 646.68 63.59
840 44328.60 129876.50 3453.57 156.73
841 -262635.80 -96914.88 2202.29 78.58
842 -205621.00 -55039.99 3842.83 898.72
843 65289.50 162394.69 4188.11 1387.57
844 189073.95 -51962.70 3778.05 421.97
845 236198.03 -47239.89 2045.66 138.26
846 -14856.29 107965.56 3840.68 596.08
847 161098.25 157227.85 3691.70 30.00
848 234680.48 258697.13 4319.81 122.76
849 57406.94 70277.69 3610.60 560.78
850 -105571.93 -73870.79 3027.67 167.19
851 -199866.80 -67752.12 3541.12 126.36
852 -262390.58 -69936.87 3669.27 121.97
853 20873.57 38539.31 3125.15 377.15
854 88157.16 -134126.22 1161.94 111.54
855 -203113.15 146997.05 3119.41 105.53
856 125367.50 89120.61 3145.69 152.76
857 110673.24 -69301.93 1070.23 45.87
858 58201.07 63686.18 3449.46 198.96
859 -149755.93 218251.44 3699.08 176.96
860 -202295.22 78783.26 4169.22 450.60
861 204871.65 -55458.12 2337.45 30.00
862 -269345.53 120997.13 4116.14 147.61
863 -203943.48 -107178.82 1043.02 82.62
864 147501.98 134865.47 3298.23 89.17
865 -236498.59 57977.09 2934.50 90.72
866 113005.31 255466.29 3662.52 55.57
867 257337.19 230175.69 3633.51 30.00
868 -263648.91 193318.51 3468.59 38.58
869 -214905.29 -77688.54 3665.26 132.21
870 139621.44 36581.01 3241.15 134.28
871 215406.40 -144335.71 620.00 121.48
872 -4688.55 20848.05 3486.49 321.08
873 -168968.89 68568.01 4313.13 1409.42
874 -100666.83 215988.83 3759.62 139.05
875 -168946.71 25026.23 3929.00 529.01
876 -179094.95 206838.94 3943.95 969.04
877 -190106.92 76884.30 4134.44 265.27
878 -252028.64 48622.76 3797.14 609.80
879 -116989.06 -172466.43 626.46 98.27
880 201845.26 96334.12 3789.47 123.15
881 -222817.72 237846.04 3855.59 74.51
882 -194182.24 -180020.73 654.79 68.92
883 79100.70 -135712.41 998.55 94.79
884 127088.42 62102.33 3808.12 229.10
885 -110876.04 -63623.01 3203.56 460.23
886 259909.75 84943.89 3172.46 537.27
887 -249855.01 135267.37 3694.01 99.07
888 -241561.19 45910.51 3393.23 159.13
889 208177.50 26680.79 3558.11 169.23
890 -192323.57 35787.28 3901.74 429.58
891 52469.82 120313.68 3950.19 174.69
892 -204393.94 249546.59 3255.99 137.73
893 9660.06 26558.88 3795.62 921.00
894 -262351.15 233310.25 4180.35 129.98
895 -203585.71 85669.59 3902.46 126.28
896 -236215.25 81170.38 3763.00 145.38
897 -206263.55 54173.86 3115.81 149.94
898 -211748.49 251242.97 3712.00 130.32
899 -269262.07 105210.05 3375.52 80.61
900 -197566.47 92026.56 3919.60 163.13
901 -201766.64 -91415.89 2575.84 107.12
902 -218133.81 265578.87 4254.25 574.46
903 -96526.14 -49550.06 2996.45 225.76
904 -89354.91 -109333.00 923.06 129.99
905 184168.59 155390.29 3845.35 137.23
906 -73943.18 230165.45 3876.94 317.85
907 207151.85 66582.26 3562.91 237.48
908 268322.15 -102302.03 1322.70 30.00
909 -252860.32 157899.08 3423.98 30.00
910 -86411.54 162954.98 3405.74 144.13
911 60375.02 167393.79 3871.59 110.24
912 204549.66 225175.05 4260.43 526.86
913 75661.21 241976.50 4334.32 234.35
914 -196988.85 -15785.76 3254.45 230.33
915 7365.70 259691.67 3593.04 484.72
916 -98789.02 -53355.58 2561.10 99.07
917 -139149.96 230739.07 3826.62 138.99
918 -85102.05 103067.67 3739.08 291.54
919 -201519.44 93617.68 3314.27 30.00
920 -172064.86 78989.91 4303.92 1144.18
921 137369.24 -62511.43 2470.62 121.99
922 -243406.68 63502.81 3698.78 431.76
923 -138359.48 -173378.34 946.87 63.85
924 -8395.39 -86986.61 1933.01 689.85
925 181077.18 146952.48 3428.97 130.83
926 46405.95 80783.43 3898.30 794.04
927 17550.76 153392.79 3813.85 142.74
928 201046.96 80566.95 3343.21 113.86
929 -54362.90 -139986.61 1073.77 90.63
930 -71569.44 133495.34 4121.97 1160.49
931 -252747.07 242472.76 4257.40 515.19
932 -1060.98 -21465.25 2249.38 132.68
933 -83793.93 96464.14 3127.28 172.02
934 25185.11 37344.91 2804.21 30.00
935 -92090.85 20780.07 2939.21 82.44
936 78891.64 -138376.51 940.85 106.25
937 110333.18 -49511.53 3071.16 920.91
938 239774.82 -131023.68 619.81 30.23
939 16977.65 -65218.97 2156.62 97.75
940 -22728.64 14814.46 3343.22 142.76
941 -507.97 -39210.86 1965.81 149.87
942 120012.42 269714.00 3564.51 124.14
943 171847.82 -21060.22 3175.39 99.81
944 116570.57 74028.77 3139.03 122.88
945 -199273.19 -27884.29 3622.05 142.54
946 -68103.55 129833.76 3729.38 135.54
947 -224644.08 240907.09 3784.64 127.57
948 -156720.14 -107188.58 2464.79 235.93
949 51098.94 218253.18 3737.81 222.14
950 233721.71 -128110.43 1129.85 371.24
951 206464.06 -10740.92 3613.72 143.23
952 -117429.50 -73067.35 3703.95 878.61
953 811.59 143714.99 3365.88 31.97
954 -2886.07 -18915.81 3194.44 364.81
955 33495.62 -32894.92 3435.46 204.19
956 219990.93 264814.09 4388.70 955.00
957 -175976.27 -35105.50 3117.21 54.33
958 -12324.42 32902.93 3740.03 419.91
959 162406.85 165755.64 3649.34 80.24
960 -148201.52 248044.21 3758.73 419.73
961 82629.64 -56560.00 2505.08 188.40
962 -200783.09 -165848.34 1343.35 90.63
963 -128199.65 -169686.09 1053.23 90.91
964 244744.04 181931.10 3815.98 84.94
965 -91689.60 8060.79 3403.85 1043.32
966 199232.27 28186.39 3221.53 160.87
967 22146.36 56104.70 3214.72 44.95
968 61165.47 -69636.55 1733.88 121.68
969 250982.37 236561.38 3579.77 174.90
970 -237698.14 253721.44 4171.20 820.61
971 119530.62 -29096.85 3452.21 135.86
972 -49118.58 -138688.25 947.54 126.51
973 167044.84 -139055.62 1152.89 107.97
974 226776.37 -128801.88 1104.15 30.00
975 -145807.90 -54334.66 3165.07 30.00
976 -140731.92 47511.95 3539.85 532.65
977 -200236.91 265297.19 3992.51 229.24
978 128897.71 189761.03 3418.88 50.01
979 -175308.71 21066.81 3469.95 75.86
980 113493.40 128643.97 3186.25 30.00
981 211217.69 241577.20 4156.74 311.75
982 -78762.91 120770.08 3123.31 30.00
983 253555.80 200722.83 4042.86 677.40
984 -640.51 -118042.97 1353.68 119.72
985 155563.09 -46276.50 3344.83 45.79
986 214704.91 -49068.17 3283.50 149.92
987 -112195.04 -6490.88 3294.20 421.96
988 15087.85 38030.76 3154.93 145.49
989 -251550.04 -89576.79 2889.34 136.91
990 -16624.85 -24885.98 3454.16 495.63
991 -86344.79 2595.44 3456.27 168.22
992 254738.47 252765.34 4225.51 126.52
993 243535.90 56713.88 3181.44 30.00
994 206104.99 37901.29 3524.09 493.70
995 20131.76 33448.93 3321.71 291.68
996 -59128.02 163588.60 3455.35 52.60
997 -73838.48 8096.62 3105.04 94.97
998 184486.34 212475.59 3334.17 30.00
999 -194825.67 -94883.88 2504.59 135.72
1000 -221644.74 259716.30 3807.44 174.56
1001 -163930.72 246435.45 3399.92 183.14
1002 217412.93 -46488.69 2557.68 100.72
1003 29102.77 9216.71 3335.09 57.71
1004 -41207.02 156694.62 3594.36 55.57
1005 31626.49 -48454.13 3517.82 459.81
1006 -142265.43 -175548.48 887.97 30.00
1007 135178.32 -140117.95 1366.30 241.13
1008 -155901.16 210117.52 3153.56 132.58
1009 83784.31 -95867.77 1964.99 117.49
1010 188871.29 225636.15 4204.72 801.23
1011 -6122.04 121779.23 4169.55 660.38
1012 -240598.48 125084.94 3534.05 176.42
1013 -44433.33 63014.13 3218.05 55.05
1014 73130.30 -52020.47 2951.57 130.36
1015 107487.88 213938.43 3718.91 233.36
1016 251805.18 250587.20 4179.11 148.40
1017 60234.15 71142.01 3041.43 136.41
1018 -90891.54 19494.85 3879.09 1279.24
1019 -169334.17 63458.47 4153.11 209.64
1020 -165769.34 187227.20 3709.94 361.12
1021 164314.86 141900.04 3934.53 124.06
1022 -128444.74 -36940.31 3476.60 254.28
1023 -145177.06 241690.43 3812.63 181.33
1024 -153939.38 155902.54 3366.65 236.99
1025 -186424.62 260429.03 3561.88 31.87
1026 -259175.89 -97460.80 2327.42 30.00
1027 -244443.14 45250.29 3363.73 106.96
1028 -261110.23 146264.18 3798.47 260.32
1029 166736.89 49000.03 3787.08 830.22
1030 -94882.76 -2914.84 3202.70 213.96
1031 240343.58 -42017.23 2516.03 84.15
1032 125383.88 37674.77 3367.40 82.09
1033 256410.76 -47845.95 1785.00 125.96
1034 150016.17 266249.35 3954.63 140.86
1035 216400.11 -139271.63 699.02 114.57
1036 -97071.64 28717.87 3094.71 140.86
1037 69356.69 -107368.72 1983.83 294.49
1038 216582.51 106536.13 3663.15 278.80
1039 -78576.50 15327.47 3252.12 83.11
1040 -83849.09 660.30 3352.90 163.34
1041 267733.12 -48031.21 1678.62 77.00
1042 210393.45 153072.55 3894.17 495.14
1043 -216477.87 -36951.15 3455.41 112.78
1044 212848.93 267905.10 3943.63 179.44
1045 -58762.09 -137464.09 1475.39 157.33
1046 -21853.18 29183.68 3690.20 380.90
1047 24227.66 221177.48 3647.63 135.20
1048 213668.50 -55803.71 1828.85 30.00
1049 -221785.44 164268.77 3184.55 150.93
1050 94017.80 -1073.44 2950.68 51.32
1051 106689.58 -13044.26 3411.30 322.53
1052 158323.03 98870.56 4041.70 199.79
1053 154301.28 -41235.12 3860.61 594.57
1054 109527.31 93365.66 3676.65 856.66
1055 -83385.58 -89698.52 1426.99 65.58
1056 -37881.84 182676.90 3663.69 246.78
1057 114343.00 116451.85 4148.60 1132.93
1058 650.36 152311.09 3406.21 122.01
1059 126344.95 -59306.65 2484.73 144.88
1060 -217796.38 233974.90 4111.60 1043.40
1061 151055.08 101367.77 4192.99 760.34
1062 121108.36 166605.04 3621.04 182.25
1063 -192063.82 42822.46 3521.93 138.13
1064 40690.82 -66689.45 2194.15 110.76
1065 -206910.27 -33028.02 3682.96 131.67
1066 109851.08 -15435.16 3216.19 82.32
1067 165748.75 -48473.20 3665.42 259.45
1068 -64560.53 153356.11 3578.18 137.69
1069 -235924.93 25656.24 3192.38 30.00
1070 34763.03 221691.24 3775.46 136.28
1071 260005.20 -131766.80 913.67 116.79
1072 -83439.59 -144446.51 1125.39 395.24
1073 -198704.34 42429.63 3503.27 316.47
1074 -88950.98 -30454.18 3378.21 134.86
1075 -165725.07 178133.12 3177.10 84.41
1076 -124815.76 -174542.28 532.55 72.06
1077 217769.49 -49125.30 3079.20 268.25
1078 -246343.65 244063.84 4116.61 322.14
1079 -249507.20 198122.89 3410.80 160.19
1080 28784.48 35717.16 3406.56 94.88
1081 8577.40 254077.09 3824.41 191.94
1082 -233017.15 -181188.37 444.43 76.32
1083 95291.62 -52753.80 2486.46 136.51
1084 -254016.47 -55008.77 3418.14 321.40
1085 -175359.57 67313.71 3724.30 39.19
1086 -9966.01 35997.05 3407.71 30.00
1087 45176.03 120172.32 3624.53 56.09
1088 63704.52 232736.00 3686.41 30.00
1089 107373.05 263432.63 4072.97 399.12
1090 56723.66 -50725.90 3625.18 490.61
1091 -128064.76 -100823.35 1185.81 105.56
1092 -173135.06 -135651.92 2040.30 1080.32
1093 174480.44 -46498.36 3737.81 543.14
1094 218264.49 234066.82 4036.98 120.20
1095 -193139.61 264108.11 3773.41 135.65
1096 231560.43 -123979.13 1706.28 1154.21
1097 -253685.30 211597.96 3638.28 491.31
1098 127104.73 244870.19 4239.47 724.15
1099 -249823.79 152841.52 3643.86 123.09
1100 268299.39 -92367.58 1134.76 132.89
1101 -19016.93 -92420.12 1541.94 81.44
1102 -147256.64 -38790.45 3290.81 144.91
1103 -150380.94 214846.46 3922.63 739.22
1104 149003.87 -124350.20 1404.56 300.49
1105 -190187.70 259074.09 3772.65 140.67
1106 6029.53 -38151.45 2424.63 143.41
1107 168447.36 -28180.33 3629.72 178.00
1108 224507.62 139530.46 3836.41 295.13
1109 198040.75 -58657.33 2902.61 136.04
1110 -253868.24 -76453.49 3804.58 1453.80
1111 -19657.09 1415.14 3698.52 339.14
1112 167884.00 -52176.28 3266.58 31.39
1113 104882.43 -8853.23 3385.50 158.72
1114 62918.65 -108863.57 1917.21 624.02
1115 -192707.13 -176486.28 995.71 126.06
1116 110545.43 217672.44 3597.06 134.12
1117 143614.97 45181.00 3682.44 176.89
1118 -173590.65 -127707.34 1613.29 766.49
1119 -196216.15 259297.30 3980.91 181.88
1120 -10677.25 106198.92 3512.11 173.65
1121 73629.44 -117975.40 1749.21 606.04
1122 -232963.47 44296.61 3672.45 129.85
1123 -153829.94 -176698.72 1023.75 87.88
1124 -136028.79 -30621.92 3578.81 208.09
1125 186135.50 -41548.15 3442.70 69.89
1126 76887.30 168006.02 3718.42 496.51
1127 -207361.66 104685.52 3469.02 99.52
1128 -262825.94 221386.83 3705.46 154.60
1129 -154051.82 58376.79 3766.84 105.96
1130 -154710.42 146515.37 3694.17 236.49
1131 -142675.55 -25282.62 3402.23 102.31
1132 -257240.41 228941.38 4228.42 553.56
1133 -177385.70 232721.96 3983.59 215.55
1134 -216361.13 -42902.55 3355.72 30.00
1135 -62437.84 216576.74 3647.22 90.20
1136 -6607.84 41975.42 3627.92 579.28
1137 144235.07 -54305.91 3814.97 417.91
1138 166889.24 38543.80 3471.58 90.20
1139 -212541.30 -97551.05 1998.39 84.10
1140 -197217.73 148812.08 3878.03 565.81
1141 -113105.94 208833.86 3540.36 138.15
1142 -1276.80 122627.98 3672.53 69.89
1143 -161821.77 157664.13 3187.75 158.63
1144 52645.32 115101.46 4226.44 1543.73
1145 258993.79 -85331.44 1721.35 836.95
1146 206290.29 71167.10 3486.92 131.75
1147 125164.48 -136257.20 1249.07 89.17
1148 117374.53 235539.57 4267.73 180.49
1149 139474.71 -75515.58 1184.37 82.85
1150 -150606.40 -177646.76 1145.94 39.89
1151 -244101.92 259646.72 3708.51 98.48
1152 -198286.07 -29837.65 3773.42 305.53
1153 257836.80 181385.61 4045.77 648.16
1154 -236124.26 89900.08 3650.63 30.58
1155 175235.88 -162611.73 717.62 123.09
1156 -102488.26 -77873.14 2376.59 71.22
1157 41212.97 117774.69 4048.65 491.21
1158 -186992.27 44662.51 3712.10 215.43
1159 -259347.09 206623.03 3615.04 34.21
1160 197715.45 59016.25 3198.19 142.08
1161 188936.91 -62707.30 2796.53 349.38
1162 -22170.54 -95470.71 1787.14 243.99
1163 235286.50 268257.09 4121.80 262.69
1164 -198815.54 232638.12 3978.12 88.46
1165 -208641.27 -158104.21 1346.20 136.78
1166 -208125.80 -82277.02 3973.00 376.88
1167 -2913.86 -26742.75 2319.03 88.45
1168 117182.18 87046.43 4010.34 1227.35
1169 -192525.22 30033.10 3548.24 141.44
1170 19697.25 163909.23 3674.24 162.76
1171 44497.15 2619.09 3488.03 658.14
1172 -28201.04 17929.78 3631.28 749.55
1173 128841.55 -144560.38 1042.61 133.25
1174 189581.24 -14549.43 3300.44 107.45
1175 -128377.09 72346.13 3616.67 91.56
1176 256800.51 -85781.53 1333.89 105.92
1177 73264.50 170867.90 3503.00 137.51
1178 252281.03 -42870.73 2732.29 439.80
1179 219844.40 220624.20 3827.30 330.08
1180 35336.73 136555.13 3167.94 161.55
1181 -223155.07 -44404.78 2908.82 149.59
1182 -5092.19 12150.07 4509.11 51.11
1183 -218383.53 264619.64 3979.99 30.00
1184 -149146.81 -54356.28 3493.12 179.93
1185 -83498.33 159321.07 4105.10 789.69
1186 256532.89 -127805.79 918.28 86.39
1187 -263157.29 85793.40 4209.28 186.12
1188 235968.07 261390.22 4190.54 174.98
1189 -92909.11 179067.93 3546.81 140.51
1190 241951.35 180214.04 3907.47 224.80
1191 -150775.36 -180474.94 861.60 116.28
1192 -106811.07 172304.79 3582.61 355.95
1193 120606.90 264263.92 4194.99 958.91
1194 58530.60 253237.88 3851.08 332.77
1195 -194590.03 22981.62 3966.08 589.19
1196 240681.34 250290.51 4098.16 114.96
1197 18660.17 217909.28 3816.34 496.37
1198 132859.67 97639.03 4049.63 929.69
1199 10738.55 40901.46 3672.44 168.69
1200 -102953.43 211865.34 3891.05 510.36
1201 139321.34 40424.30 3647.84 301.34
1202 -161618.57 250772.17 3255.31 51.93
1203 184104.19 264872.30 4103.46 180.36
1204 94030.62 -4158.99 3419.14 514.25
1205 -194859.65 66876.16 3843.59 30.00
1206 49554.88 222241.95 3688.97 280.86
1207 247824.54 -125465.03 1058.31 68.45
1208 -69393.70 3255.93 3613.18 635.02
1209 187878.35 -38083.12 3425.94 127.44
1210 -153959.23 -30049.94 3667.28 177.46
1211 234338.39 254666.34 4398.66 144.78
1212 219106.73 -44044.06 3512.02 521.67
1213 -246768.61 47340.59 3544.70 349.46
1214 60228.25 -63293.94 2138.33 267.00
1215 -182439.32 224059.89 3529.10 168.16
1216 139336.46 -148065.12 1079.07 155.51
1217 185883.06 204815.45 3537.97 321.74
1218 -186648.90 -125632.18 1070.16 134.39
1219 101733.85 -9272.30 3175.52 200.09
1220 -209537.92 -98987.83 1898.98 98.80
1221 -53810.68 162198.77 3757.89 311.53
1222 -247751.35 251868.15 4137.22 195.52
1223 113211.98 84328.01 3682.68 694.31
1224 -141954.73 138357.88 3492.89 191.74
1225 -186521.37 -32335.07 3425.67 52.80
1226 -10404.47 -256755.95 653.97 99.06
1227 -202307.59 256680.35 3518.61 54.18
1228 -91607.01 35794.15 3079.08 34.14
1229 -218788.70 199583.78 3122.49 142.65
1230 254501.16 226965.08 4088.52 529.57
1231 77775.86 15040.98 3377.63 156.77
1232 -154184.47 52182.40 3810.57 312.75
1233 -184252.12 243240.15 4019.43 229.40
1234 166909.70 267566.46 4066.62 147.32
1235 16425.10 59014.47 3253.67 115.79
1236 -112693.21 204770.47 3514.21 92.32
1237 132047.59 -145273.07 677.88 61.76
1238 -204686.68 182105.04 3839.93 551.75
1239 -70045.21 -21743.30 3277.61 104.46
1240 156071.52 38088.47 3678.16 792.50
1241 227380.25 -135292.28 901.97 272.60
1242 -254612.89 125470.46 3971.06 84.82
1243 -2665.25 43581.72 4001.87 1453.80
1244 22885.58 -38277.70 3951.72 1096.02
1245 -58516.81 118298.55 3483.98 155.04
1246 152082.61 -40391.56 3435.85 203.03
1247 -269730.30 116941.22 4284.13 687.97
1248 105339.57 -52249.15 2283.29 94.19
1249 3591.63 256492.59 3175.72 30.00
1250 -137795.14 74856.02 3809.76 133.60
1251 -161952.77 181285.18 3930.03 855.03
1252 38030.15 118212.84 4184.58 645.13
1253 102305.18 -52834.06 2373.87 107.36
1254 221736.84 214515.11 4257.20 972.29
1255 58698.43 153247.13 3682.50 161.24
1256 152748.73 -57058.24 3237.31 97.02
1257 -191083.53 74625.58 3614.97 67.40
1258 168630.71 173782.44 3523.30 167.11
1259 -18345.66 49474.16 3563.06 543.83
1260 255586.65 249418.76 4264.92 1355.94
1261 -90426.36 -86704.02 921.47 110.39
1262 -252450.61 250274.82 3491.68 57.66
1263 -102927.03 179194.35 3531.39 527.33
1264 -212906.08 199820.95 3634.10 320.18
1265 -269735.77 126365.16 3777.05 142.36
1266 -268517.93 195049.87 4092.16 596.65
1267 -82918.12 122606.97 3364.56 345.82
1268 -38194.24 150558.05 3206.20 76.13
1269 160592.17 -15812.76 3492.44 389.42
1270 221368.59 246691.13 4104.88 554.38
1271 -142552.70 -95765.16 2974.88 136.55
1272 -208890.32 259087.16 3535.02 190.92
1273 -201826.93 -65849.84 3279.67 48.95
1274 54804.39 250362.53 4211.34 849.51
1275 207938.22 -123907.12 1289.90 340.50
1276 16900.30 55840.28 3287.51 142.99
1277 187709.70 145362.72 3518.19 30.00
1278 103398.51 -60958.61 1409.51 142.87
1279 -220490.88 -172457.02 1190.26 115.91
1280 70653.54 -60138.63 2284.91 133.03
1281 -17181.72 112247.22 3467.59 250.55
1282 244032.87 258320.68 3632.33 131.74
1283 -158167.43 123474.68 3671.50 114.52
1284 35627.78 91367.51 3335.12 232.10
1285 -173181.03 -35663.95 3632.35 623.35
1286 104658.95 212735.13 3761.49 319.19
1287 -133732.66 -78181.61 3431.81 339.32
1288 22372.47 -30043.48 3433.80 146.92
1289 140491.52 60459.50 3470.88 142.87
1290 193548.43 77675.96 3707.15 113.03
1291 -155737.85 214121.22 3856.60 148.86
1292 -86461.00 197329.74 3607.57 180.17
1293 158611.38 29463.35 4018.10 1294.26
1294 -135350.18 227389.17 3888.40 62.89
1295 130150.26 247809.80 3576.53 134.71
1296 68866.41 58767.42 3556.91 491.62
1297 -230153.98 16839.59 3615.07 213.46
1298 148130.48 70679.56 3534.12 30.00
1299 -246872.78 73177.22 3628.07 419.77
1300 253634.80 158408.93 4008.70 708.16
1301 57931.78 235612.79 3944.90 336.27
1302 -94855.17 21524.97 3109.57 254.11
1303 -233509.86 230926.39 3656.51 166.36
1304 -215360.14 -19637.57 3187.29 107.47
1305 125184.46 231182.33 3851.69 42.19
1306 223981.84 -50018.46 2431.77 370.81
1307 114455.78 96876.74 3970.42 1088.01
1308 -255955.99 -95972.83 2147.40 30.00
1309 -257610.28 164245.42 3567.54 145.77
1310 -192362.74 107790.82 4277.67 773.22
1311 21386.76 27863.96 3454.01 234.87
1312 96515.75 221407.72 4193.97 1091.49
1313 112782.49 251978.94 4539.96 973.62
1314 -184412.14 -73843.26 3238.65 176.95
1315 -246529.13 228826.05 3675.59 164.56
1316 -255903.78 -96620.68 2410.96 319.75
1317 -191430.67 131086.20 3932.98 213.46
1318 199098.70 10156.16 3739.06 326.16
1319 -87491.69 -149702.84 1000.80 355.78
1320 -6476.64 117409.55 3369.69 76.20
1321 228727.93 71014.44 3796.95 878.55
1322 -153423.88 135687.71 3882.81 547.17
1323 -146085.56 -58731.01 3726.40 629.34
1324 -206311.85 188190.96 3656.30 143.93
1325 -99385.30 -7570.41 3531.81 304.15
1326 90071.03 111228.69 3572.59 99.87
1327 -170286.34 -125527.88 1458.32 100.47
1328 17053.88 63704.48 3063.89 115.20
1329 -95811.98 35842.59 2728.11 109.41
1330 195134.23 76504.05 3802.01 363.46
1331 -89040.77 213722.62 3857.07 474.91
1332 88204.00 -15244.91 3153.68 135.86
1333 -244934.99 121030.44 3544.85 147.72
1334 218379.49 231622.95 4119.52 51.01
1335 260274.29 -74680.77 1398.99 465.16
1336 -213717.27 257111.82 4107.28 601.97
1337 9733.65 52550.90 3021.77 200.23
1338 -6378.49 193873.85 4046.77 426.09
1339 136154.58 -135839.89 1102.95 118.40
1340 179317.16 260825.35 4118.16 195.88
1341 134258.17 -151900.60 539.52 84.43
1342 -229736.26 206237.11 3549.92 177.34
1343 12032.21 48469.89 2984.60 30.00
1344 -171027.45 184032.67 3579.72 192.26
1345 213970.39 193846.22 3876.43 758.32
1346 3049.55 253583.66 3629.98 52.29
1347 255419.47 155843.93 3978.24 134.63
1348 -166112.16 72016.66 3401.01 107.91
1349 -5651.80 -9324.18 4185.53 51.39
1350 -146713.59 60089.51 3604.68 138.04
1351 -6932.30 33712.64 3804.92 815.64
1352 41301.40 63501.98 3807.25 668.28
1353 78650.15 240443.68 3680.82 72.58
1354 -68203.17 217222.93 3885.68 587.37
1355 -236794.01 -175798.82 1139.02 459.55
1356 80741.96 269380.42 4203.57 130.21
1357 167701.79 175205.67 3631.30 356.82
1358 -127575.69 67908.45 3865.45 441.73
1359 -236992.94 263145.49 4166.87 381.13
1360 49418.66 -5216.24 3485.61 250.53
1361 43951.74 -88914.21 1604.73 82.90
1362 -91707.50 -46537.37 3109.42 277.18
1363 -269928.16 -55106.40 3689.63 776.09
1364 -108409.49 -162340.99 1041.43 89.36
1365 -13095.66 225217.71 3606.04 132.51
1366 -121718.89 -32668.96 3289.06 97.13
1367 267161.90 -59850.73 1464.44 53.84
1368 -167176.88 213303.15 3894.72 880.77
1369 77776.81 -137822.37 998.25 86.62
1370 161441.65 44757.23 3362.24 205.80
1371 152007.81 130294.92 3861.99 291.69
1372 -16202.36 -52252.63 2704.71 155.79
1373 -10516.07 -4960.17 4723.69 141.66
1374 216732.50 213510.97 4055.02 178.79
1375 79339.23 -53226.42 3015.88 593.15
1376 -152892.05 -172472.80 906.35 111.16
1377 123775.87 -59148.61 1862.72 96.35
1378 -193866.81 45624.81 3707.37 125.01
1379 121668.77 -61475.98 1075.90 84.80
1380 -99764.22 -155479.56 1146.73 81.41
1381 41280.30 231780.51 3421.10 152.58
1382 222349.98 -53757.20 2065.53 200.97
1383 -231426.48 -175398.82 1117.63 81.48
1384 161701.46 214583.99 3590.03 182.85
1385 -204657.39 -37034.75 3834.34 195.70
1386 156576.50 264028.31 3674.28 116.41
1387 -174403.03 201798.12 3716.79 156.48
1388 202058.53 -148551.39 524.79 84.53
1389 -178227.03 85579.14 4102.76 133.13
1390 -25318.35 -104068.62 1819.51 654.42
1391 -21204.95 33312.01 3624.45 230.83
1392 -98220.71 -58552.07 3703.96 1104.22
1393 62401.78 92217.35 3473.65 455.22
1394 11170.33 221181.19 3832.97 148.18
1395 152017.02 46651.24 3939.42 1130.06
1396 130507.02 220994.36 4087.19 1004.75
1397 167452.94 34261.70 3637.95 268.64
1398 226027.33 154399.57 3545.70 146.60
1399 249462.32 221907.45 3918.33 171.05
1400 152237.22 -47703.06 3057.12 133.95
1401 -176524.84 70157.81 4227.10 892.37
1402 158164.61 -76772.10 1358.31 90.92
1403 82230.30 -136245.80 1107.24 277.07
1404 -207579.73 -86552.21 3512.42 193.39
1405 -170294.06 -36237.10 3258.80 133.28
1406 -71748.79 233356.54 3361.62 99.51
1407 253680.81 -44945.69 2262.95 108.42
1408 -163374.57 240249.89 3899.73 93.98
1409 58976.81 -116754.00 1828.73 527.61
1410 -36050.06 14126.33 3837.07 864.85
1411 119915.53 56541.94 3450.82 405.93
1412 -49348.92 145119.61 3347.96 255.50
1413 225684.97 248215.14 3905.17 74.73
1414 209739.19 17117.79 3937.49 135.54
1415 -113347.81 -94032.13 1483.41 73.16
1416 54196.88 56217.41 3268.50 92.65
1417 -89643.99 -35479.02 2968.81 124.25
1418 108867.68 261087.58 3729.61 30.00
1419 -199064.46 126646.20 3786.61 187.29
1420 -72404.53 155883.48 3936.08 350.65
1421 -216156.60 195199.07 3513.23 159.72
1422 -171171.28 90156.42 4307.24 351.18
1423 -248091.62 -173430.89 1350.73 93.97
1424 -264375.82 80616.32 3579.68 114.59
1425 -228095.94 110309.44 3688.66 105.10
1426 -90822.99 154648.50 3959.35 916.98
1427 -87540.04 -14656.06 3248.08 54.67
1428 -208188.45 50985.27 3894.68 790.69
1429 95983.75 249950.16 4058.99 92.69
1430 67413.25 255562.07 4239.48 813.35
1431 237176.58 248154.49 4098.83 156.02
1432 110073.27 -7829.43 3811.07 1045.45
1433 4946.86 50610.39 3335.74 62.60
1434 30069.90 -125430.77 1420.91 139.38
1435 -134231.69 37982.81 3625.73 97.78
1436 140042.59 -55209.77 3819.52 877.95
1437 191920.74 231633.82 3744.83 60.68
1438 -67533.83 -142542.14 1047.26 129.00
1439 41173.97 -93068.27 1706.26 110.31
1440 -19097.81 69434.71 3555.49 470.95
1441 -73436.29 22363.98 3336.11 123.44
1442 66370.75 243627.62 4018.21 168.26
1443 75360.85 268769.78 4334.02 539.79
1444 -128181.41 -175230.40 644.65 51.21
1445 -119574.32 171232.05 3774.70 79.13
1446 -242518.32 263610.43 4329.98 808.62
1447 -40698.31 22380.96 3406.15 386.89
1448 79847.44 248833.67 3980.24 124.11
1449 -207547.19 90997.37 3832.55 297.06
1450 -130540.05 147134.92 3819.32 115.27
1451 91217.55 138548.82 3290.20 49.55
1452 -255727.48 169588.19 3511.58 115.26
1453 -34987.48 10045.64 3728.00 137.45
1454 -190436.14 174279.52 3297.75 175.77
1455 -109436.99 4813.63 3157.41 191.93
1456 -197107.49 152588.70 3244.63 130.14
1457 -55197.86 168208.90 3277.33 43.24
1458 145285.91 241125.97 4122.23 352.18
1459 263517.34 219348.57 3955.56 130.14
1460 -191013.70 -35037.14 3125.86 64.91
1461 106991.01 -52475.31 2475.23 101.84
1462 215764.34 -28564.72 3427.85 148.78
1463 12476.04 -16606.83 2437.21 105.77
1464 32893.13 35730.32 3651.37 263.14
1465 -167660.05 264603.27 3334.22 94.64
1466 -15712.80 103123.05 3062.02 132.45
1467 -69789.43 1383.51 3031.95 41.26
1468 -206268.09 -64465.28 3078.94 100.92
1469 58993.30 -74777.90 1557.99 103.99
1470 -64725.42 148734.41 3498.01 150.57
1471 126049.48 229741.17 3219.61 71.35
1472 -75516.66 -16068.04 2967.43 175.98
1473 259705.72 86635.43 2697.14 59.42
1474 254229.39 -125749.17 728.82 102.41
1475 -54144.78 -130808.29 1271.55 116.01
1476 -1403.35 64040.58 3536.75 390.13
1477 -223809.46 -175034.83 662.61 59.42
1478 -164266.56 46824.25 3226.74 11.48
1479 116148.53 219092.97 3468.87 30.00
1480 144586.12 -98767.02 958.27 90.07
1481 55357.76 267685.33 3834.66 155.57
1482 261558.89 89072.23 3156.93 120.76
1483 165436.43 239215.75 3680.22 30.70
1484 158145.13 266986.96 4318.44 196.17
1485 244258.76 175974.15 3758.97 189.08
1486 -258464.96 164788.86 3051.49 88.45
1487 52862.80 -8429.14 3026.98 113.05
1488 -147536.00 -33704.17 3455.98 125.41
1489 50515.92 214644.90 3661.81 175.21
1490 68855.62 111325.09 3494.41 235.63
1491 -250031.00 115191.07 3999.74 576.44
1492 -165856.07 44252.50 3423.53 226.79
1493 52883.14 -67310.24 2205.54 88.96
1494 126621.65 38708.70 3167.90 44.40
1495 -4601.50 13935.26 3722.12 64.90
1496 -176838.02 265377.23 3985.57 374.43
1497 -214203.93 263508.16 4100.35 167.03
1498 89176.51 261828.33 4727.53 1311.96
1499 -113243.35 -10208.96 2854.97 65.45
1500 -132559.53 42570.77 3411.01 120.76
1501 359.62 -23299.01 1929.59 161.56
1502 114297.35 -33748.94 3496.51 176.32
1503 26394.01 237372.39 3746.67 121.13
1504 34731.37 172073.18 3753.48 479.87
1505 -134774.12 36329.29 3100.60 30.00
1506 -261520.95 -52725.95 3522.93 138.45
1507 259120.67 239601.08 3538.52 118.17
1508 -185717.60 59419.97 4040.86 137.15
1509 258963.77 232209.37 3813.23 175.50
1510 -239700.98 266084.23 3599.65 45.08
1511 77746.14 -141555.21 757.66 82.66
1512 198445.21 224881.63 3480.44 54.26
1513 52794.68 220121.66 3651.49 121.98
1514 166868.00 -157871.16 646.32 92.78
1515 -227891.44 240857.73 3513.51 125.30
1516 223997.05 264779.58 4305.20 1112.04
1517 -255664.64 37764.49 3586.64 149.41
1518 -201983.53 145720.06 3294.59 104.14
1519 -179021.80 183261.59 3358.29 136.55
1520 -248724.42 139977.13 3557.61 30.00
1521 -73181.48 4862.98 3184.27 193.81
1522 -184283.24 33091.04 3603.14 71.51
1523 247229.87 155769.53 3561.09 176.14
1524 58636.53 61621.69 3214.66 103.38
1525 57568.16 122054.94 3438.34 81.67
1526 -238612.36 128318.75 3695.28 257.70
1527 229805.77 65231.84 3687.11 226.35
1528 -160052.63 -113731.04 1229.78 137.06
1529 259765.90 185745.18 3359.49 30.00
1530 -211940.06 106558.46 3884.18 184.32
1531 -191441.59 -185167.71 543.07 35.17
1532 -217868.07 266709.05 4041.04 66.06
1533 -92484.50 12700.33 3083.19 362.42
1534 -263055.42 111378.23 3602.53 94.19
1535 -259355.05 -49624.04 3645.92 687.91
1536 -251423.13 243596.15 3878.65 92.65
1537 -24271.38 5865.61 3637.38 245.76
1538 64194.22 -112660.44 1634.13 104.81
1539 61709.25 243268.06 3305.41 132.97
1540 54680.01 -12959.47 3009.14 92.36
1541 2259.24 9563.05 4832.20 71.17
1542 -168172.84 139642.91 3775.27 130.33
1543 -237765.42 39597.85 3648.19 403.08
1544 118585.96 174979.02 3692.86 106.52
1545 -236218.34 126981.51 3546.13 98.25
1546 -18187.92 65911.26 3515.14 130.56
1547 -191239.92 234519.62 3318.41 46.02
1548 -216554.90 260108.02 3752.97 51.36
1549 -217248.32 -77926.69 3005.81 56.98
1550 125173.98 37042.18 3615.13 510.19
1551 -86979.55 219584.58 3073.77 125.56
1552 115737.07 82615.77 3831.79 985.10
1553 -200269.74 -172667.69 758.59 40.08
1554 15471.83 152369.61 3345.35 57.60
1555 -215375.19 -91927.21 2948.07 115.91
1556 57579.60 176659.35 3556.39 153.80
1557 -59730.91 198318.05 3471.45 51.67
1558 48152.91 106303.68 3529.52 146.35
1559 214571.67 -52574.36 2858.04 163.95
1560 -245080.62 42706.51 3365.99 117.62
1561 -96410.85 475.32 3097.68 77.47
1562 193677.68 -3734.23 3444.02 154.05
1563 -36918.07 144492.79 3101.99 31.39
1564 -166579.35 266196.00 4377.79 1150.28
1565 -31213.70 -102514.15 1671.96 108.99
1566 -226207.63 60385.32 3522.21 162.35
1567 -60891.43 217806.17 3583.03 126.19
1568 -262570.00 83125.33 4048.33 154.04
1569 -190942.13 -111928.44 1039.82 92.65
1570 246472.60 223081.04 3903.69 268.13
1571 165510.64 259717.69 3555.80 30.00
1572 -220549.98 264856.51 4058.50 193.32
1573 162155.76 224985.40 3560.42 138.09
1574 56806.44 55368.83 3269.22 30.00
1575 186036.35 242458.13 4012.21 154.91
1576 -157496.09 -32109.79 3195.18 104.63
1577 -245874.61 222614.76 3707.32 132.59
1578 -12711.67 191464.69 3891.07 152.99
1579 56198.92 114542.65 3470.80 120.62
1580 -202364.15 266024.09 3884.11 119.06
1581 -122936.54 80215.91 3879.89 160.41
1582 -11949.01 53530.60 3321.65 86.28
1583 -201829.86 -76143.94 3619.48 112.23
1584 40612.37 72714.86 3450.87 87.47
1585 80668.32 -111271.66 1168.96 73.08
1586 -130624.71 -96132.89 1949.15 30.00
1587 -101683.13 -8461.88 3452.44 117.68
1588 55084.24 -8973.42 3055.08 134.78
1589 -163575.35 180680.88 3555.17 128.82
1590 -248073.73 -61264.49 3304.34 74.97
1591 -45417.16 161253.62 3630.37 96.17
1592 181508.77 143414.51 3807.17 81.22
1593 -118954.29 -74455.74 3148.92 155.43
1594 63053.89 73003.92 3514.29 908.26
1595 -136978.56 -75686.08 3222.72 58.41
1596 -164423.71 143362.05 3683.78 233.83
1597 244634.25 59311.96 3021.96 137.34
1598 -186237.89 93187.24 3865.32 137.35
1599 -72849.29 -16688.99 3576.25 457.85
1600 54136.21 69136.40 3393.16 131.84
1601 -104189.06 -162228.19 987.59 68.42
1602 165916.38 -164082.94 439.17 97.49
1603 9638.01 265768.95 3238.19 104.42
1604 205294.56 -144937.15 417.87 51.33
1605 73769.54 165468.05 3726.05 30.00
1606 -257571.34 231139.64 3772.45 79.48
1607 160923.25 -78571.89 903.72 84.92
1608 -202874.81 -26608.37 3467.71 48.52
1609 51592.03 243720.15 3883.26 537.28
1610 49746.81 268634.71 3640.88 100.21
1611 202236.09 174528.17 3656.77 135.95
1612 227882.61 -47195.17 2113.49 74.71
1613 -143643.40 64365.54 3631.75 111.91
1614 -33239.86 -140864.35 668.93 52.29
1615 23233.61 20801.92 3098.36 183.25
1616 19754.46 54335.66 2820.92 78.25
1617 -95322.39 -103249.07 1181.74 98.05
1618 -226344.87 243897.51 4064.80 629.20
1619 104268.77 190649.39 3385.14 145.22
1620 203172.43 93591.87 3759.77 170.99
1621 -148166.28 -45848.69 3695.95 107.74
1622 -192040.14 245870.90 4042.53 183.27
1623 -84055.87 29975.58 3210.46 62.13
1624 250287.54 151839.69 3837.75 170.32
1625 259916.60 89313.16 3356.73 356.25
1626 1432.15 14617.34 4093.29 133.13
1627 -212431.86 258183.91 3849.49 101.22
1628 98891.09 121725.13 3425.29 117.19
1629 50145.26 -9295.44 3117.05 30.00
1630 -131269.07 -77952.93 3411.44 101.22
1631 22822.29 -26089.08 2469.94 102.77
1632 144667.54 -69509.53 1352.23 94.59
1633 203126.74 -118039.84 1253.12 69.01
1634 186555.17 245072.82 4035.81 180.32
1635 -71775.61 163755.37 3394.09 177.87
1636 70854.15 -148288.50 633.24 277.68
1637 -256150.22 46719.17 3016.38 107.66
1638 -215481.06 86686.17 3643.09 59.47
1639 -198615.44 226329.64 2866.63 92.08
1640 -248198.29 114114.16 3664.76 128.13
1641 -73870.06 162188.34 3393.50 141.47
1642 -239523.01 38921.59 3301.01 30.00
1643 -175854.69 65702.13 4198.63 548.25
1644 45441.52 104573.36 3783.41 345.45
1645 -77451.15 -15434.98 2956.07 135.84
1646 -137575.79 -80182.15 3598.40 199.29
1647 -179645.73 55572.89 3280.88 139.99
1648 -16638.12 53054.56 2683.18 103.63
1649 -39819.91 19587.00 3075.52 30.00
1650 44161.15 101657.73 3901.19 552.95
1651 -92767.19 -83554.25 1440.20 83.07
1652 132897.18 42826.51 3486.85 111.16
1653 110564.58 245358.86 3511.97 30.00
1654 -211326.18 -37172.84 3193.80 30.00
1655 -186721.89 -176038.18 976.31 101.93
1656 -82263.34 35307.59 2761.15 112.26
1657 124254.88 94557.92 3596.72 446.40
1658 89572.15 244337.94 3484.44 73.41
1659 152446.18 -125594.58 1320.34 88.59
1660 -63430.64 2041.66 2797.32 114.96
1661 -244128.59 237615.68 3619.79 30.00
1662 -213350.35 -75913.36 3595.23 116.28
1663 211223.20 151156.09 3868.23 146.79
1664 -14275.38 -235497.58 527.11 48.26
1665 196547.96 174616.49 3354.76 30.00
1666 119389.28 241131.87 3225.57 79.07
1667 204257.23 -63998.84 1990.72 94.36
1668 -192977.61 79234.41 3646.59 106.44
1669 74651.76 -143650.06 622.09 100.74
1670 -181846.55 115501.99 4078.96 183.83
1671 -61079.95 131943.96 3499.98 140.50
1672 108372.87 60230.35 3410.68 132.52
1673 -194757.67 234361.95 3644.60 123.30
1674 -5302.81 -8529.90 4541.60 128.29
1675 172378.79 -152936.72 996.64 55.62
1676 99954.88 124330.89 3601.19 295.12
1677 175263.16 228334.74 3847.85 192.54
1678 73330.67 256495.19 4151.53 151.69
1679 43645.13 117139.42 3994.65 109.89
1680 -217380.04 236287.10 3928.86 119.69
1681 -98052.46 -56713.35 3274.08 144.82
1682 208175.62 221171.87 4035.45 149.43
1683 -3528.59 41681.38 2912.50 75.71
1684 -247937.75 124692.20 3829.34 300.69
1685 183255.58 143663.29 3423.05 222.59
1686 17163.20 158421.42 3455.17 103.04
1687 -128370.01 -38724.85 3333.02 109.38
1688 -48642.09 170000.50 3778.65 173.94
1689 -269037.67 -76952.31 3014.09 97.74
1690 60823.23 123723.65 3458.25 107.38
1691 -259935.97 -69755.76 3517.07 185.44
1692 -178815.40 265984.55 3670.73 30.00
1693 -26606.90 -5112.47 3212.54 121.42
1694 -46084.78 -140434.93 585.16 84.74
1695 202621.75 99188.50 3498.93 111.73
1696 120412.11 29902.83 3193.25 100.02
1697 -225007.37 13812.16 3525.62 102.01
1698 26064.21 221701.24 3525.83 157.30
1699 -163251.79 240426.06 3484.07 52.62
1700 227018.70 257700.83 3958.01 91.46
1701 98866.33 -41726.68 3021.99 31.76
1702 -214788.85 -93827.77 2227.27 107.61
1703 -86847.11 -25052.93 3071.90 250.48
1704 101465.54 -38659.04 3182.80 30.00
1705 173553.20 -168644.51 482.20 86.77
1706 -96827.53 -161887.56 755.64 230.58
1707 -170625.84 69836.95 3986.56 126.43
1708 201651.07 171939.61 3143.23 103.70
1709 187914.00 -2775.56 3532.02 77.54
1710 -192245.64 201946.54 3251.15 32.18
1711 -198860.43 -176446.79 990.12 121.57
1712 -227653.78 127416.26 3671.55 99.71
1713 81440.84 -115402.00 1766.22 265.39
1714 158946.10 -128080.19 989.84 106.17
1715 44876.14 103361.53 3522.28 30.00
1716 256013.69 238198.18 3470.74 45.08
1717 121442.47 171982.10 3561.93 125.63
1718 -169021.70 59397.29 3448.83 30.00
1719 -70309.43 24369.67 2661.41 50.80
1720 187006.41 -41087.12 3616.51 245.42
1721 149699.17 52660.19 3551.13 123.60
1722 94821.34 119317.11 3406.99 89.96
1723 -51290.56 223322.21 3704.76 312.18
1724 79524.50 -117110.18 1552.34 30.00
1725 -16221.40 45704.40 3096.08 76.36
1726 210865.24 12304.45 3154.77 50.02
1727 -108190.71 187975.09 3400.23 147.63
1728 127324.51 166089.98 3585.47 222.46
1729 223610.50 225247.43 4075.28 172.71
1730 -196310.54 233222.63 3790.97 122.44
1731 116686.55 115890.15 3821.69 131.66
1732 -176908.46 176682.44 3582.49 148.39
1733 -123756.46 83216.79 3872.78 176.16
1734 -90367.27 -76377.64 1993.82 113.05
1735 -235896.82 131088.93 3525.96 136.07
1736 -16577.12 64969.48 3756.77 272.34
1737 -180262.50 232070.00 3888.51 80.38
1738 -248191.80 136253.03 3709.07 118.29
1739 -254816.65 232908.22 4511.41 1243.86
1740 34704.42 16063.59 2968.68 82.13
1741 -252162.75 158197.84 3822.75 130.94
1742 -103643.05 -78801.15 2390.26 92.60
1743 132063.94 44717.95 3581.05 235.66
1744 36325.03 19197.20 3035.58 61.57
1745 -133808.36 -80519.64 2898.23 30.00
1746 -22872.64 -52359.99 1936.37 84.32
1747 180682.13 220024.09 3162.43 52.59
1748 -33246.56 -136709.35 920.98 41.55
1749 175224.28 -167161.82 421.26 30.00
1750 55415.22 -12676.86 3224.74 87.49
1751 -117475.39 82080.18 3571.06 164.30
1752 -213776.44 -39211.98 3595.06 460.63
1753 101176.12 247977.29 3707.80 154.43
1754 -170540.39 20157.04 3767.84 133.79
1755 87774.38 -86765.58 1658.53 72.66
1756 -74091.70 226994.69 3651.91 40.24
1757 -168459.40 72103.02 3843.57 319.66
1758 209723.92 24235.41 3514.27 124.82
1759 75122.89 60651.28 3519.79 222.64
1760 116589.03 268789.91 3686.66 96.52
1761 -130466.71 72314.40 3561.33 143.06
1762 240859.83 -129699.11 693.17 97.30
1763 62845.51 -68049.19 1427.90 113.94
1764 -13706.36 -90700.48 1396.56 93.29
1765 86670.20 -138587.97 472.22 30.00
1766 -249169.68 121303.65 3543.71 88.75
1767 -170089.08 55117.51 3225.59 76.85
1768 -266571.77 99478.62 3774.67 71.73
1769 -211343.44 93449.16 3628.41 80.03
1770 -207525.33 242611.28 3263.65 58.34
1771 82045.87 -134232.87 942.23 99.65
1772 205844.46 172131.87 3671.71 125.18
1773 -79740.46 -1621.85 3163.98 134.71
1774 -214045.84 95249.01 3878.36 308.50
1775 45698.95 -80748.88 1052.56 63.48
1776 26260.74 62896.73 3069.52 35.87
1777 7085.68 2836.65 4538.07 43.87
1778 36160.56 36311.47 3628.08 204.62
1779 87978.57 -269069.63 302.46 88.63
1780 227839.75 80888.76 3145.43 60.49
1781 -253750.00 -105412.64 1923.59 119.34
1782 -190850.99 -181768.70 604.28 83.67
1783 -240552.48 60247.57 3557.74 167.68
1784 13770.87 -84481.96 1432.83 87.41
1785 8139.73 215089.09 3294.03 82.82
1786 -133778.19 39286.27 3771.03 109.84
1787 -163461.11 92837.69 3725.37 182.05
1788 176806.92 -153122.59 969.42 111.25
1789 -3458.22 249455.02 3218.15 144.55
1790 -127203.92 74734.15 4392.03 1208.86
1791 -108058.85 211930.05 3271.01 91.47
1792 -162473.87 94368.10 3652.40 87.45
1793 -10132.05 -231490.02 485.31 99.70
1794 203355.28 233052.75 3660.27 56.28
1795 -152291.58 -28764.52 3237.73 76.95
1796 188608.72 -67869.16 1992.51 205.84
1797 154810.81 23471.88 3594.60 139.99
1798 -129123.58 -106349.58 1056.56 98.54
1799 55408.69 112273.94 3816.44 145.72
1800 123471.37 -63671.82 1614.87 138.05
1801 -116338.90 -177295.31 400.47 84.87
1802 -205125.39 -76232.10 4065.81 806.49
1803 39493.24 84092.62 3328.91 127.22
1804 -518.93 -251658.85 752.28 82.25
1805 12022.95 239541.55 3580.38 30.00
1806 -212845.86 214785.52 3832.96 243.23
1807 88407.08 109007.79 3401.01 113.43
1808 72842.14 -152490.65 473.29 96.31
1809 1334.30 167591.59 3581.35 120.65
1810 -253276.73 -100493.47 1893.89 150.62
1811 -170265.87 78408.76 3701.70 134.97
1812 -198500.98 -79024.66 3657.60 251.13
1813 -253631.54 -92022.00 2374.16 120.53
1814 124526.66 245931.00 3351.14 88.12
1815 -109218.01 -14082.01 3466.90 742.38
1816 -70605.38 -64016.09 1635.16 123.55
1817 -235222.22 -8214.23 3102.74 64.78
1818 52160.67 -66872.66 2228.22 553.96
1819 52337.40 -117527.69 1590.61 197.92
1820 -267009.25 162665.90 3805.66 560.76
1821 -247648.17 -66698.26 3309.61 284.65
1822 208258.66 64072.15 3473.73 110.21
1823 -64953.25 3797.03 3339.98 141.73
1824 246654.54 176168.13 3896.36 141.73
1825 104540.46 269332.66 3675.82 82.62
1826 118597.98 236315.12 3457.17 132.08
1827 26187.24 160743.62 3323.87 30.00
1828 200006.12 82816.92 3211.46 30.00
1829 33260.06 21229.47 3427.70 83.48
1830 -189708.79 34529.17 3712.98 108.59
1831 67586.78 161703.41 4111.08 120.26
1832 -225095.39 268678.84 3599.25 99.23
1833 248896.86 192598.57 4014.25 774.39
1834 -213635.56 92588.40 3432.35 121.76
1835 191661.58 75554.62 3618.55 127.75
1836 -216388.26 54526.66 3361.36 131.17
1837 -104435.17 217020.34 3407.81 30.00
1838 128877.05 214320.19 3488.65 47.75
1839 -140103.08 -210720.44 689.78 34.62
1840 -62197.79 140995.57 3698.66 138.73
1841 205694.06 174364.56 3670.54 196.70
1842 -89927.31 -16375.27 3162.55 133.54
1843 -100975.86 -79893.30 1765.66 92.92
1844 -77120.15 -16668.16 2892.47 66.50
1845 191726.67 176746.24 3191.57 32.03
1846 -6465.88 144287.02 3723.19 370.38
1847 -104985.90 24233.78 2799.83 93.09
1848 -253050.13 235881.39 3922.92 80.85
1849 244335.34 231286.63 4004.43 138.94
1850 70543.70 258919.36 3801.60 140.73
1851 -67454.32 151436.18 3496.46 174.00
1852 47178.38 266142.50 3482.35 91.04
1853 33738.11 -67365.14 2007.72 93.23
1854 -18543.05 -105401.67 1601.52 106.54
1855 146716.45 -157997.96 525.66 123.02
1856 38344.06 4439.92 3051.10 77.76
1857 242039.53 209557.31 3670.06 111.28
1858 -218273.63 90601.61 3495.44 157.87
1859 160477.54 96255.00 4011.05 46.00
1860 -157110.76 -175620.56 753.51 30.00
1861 52306.27 -6051.79 2711.51 112.31
1862 29277.57 2584.30 3203.23 239.05
1863 107068.86 217478.17 3512.29 30.00
1864 -230967.71 77753.58 3635.84 229.16
1865 -24974.86 61957.18 3337.73 30.00
1866 -186203.27 212298.29 3757.51 383.15
1867 -17327.30 108011.47 3333.24 55.45
1868 -199060.38 224735.86 3728.77 599.28
1869 -187272.68 -111964.67 1542.26 108.73
1870 -106601.92 -77682.52 2744.32 92.78
1871 -235987.19 -5191.36 3728.24 718.34
1872 -69536.17 26814.34 3654.89 348.77
1873 63890.62 265397.69 4122.61 119.79
1874 114256.36 -2174.24 3366.98 105.88
1875 -195175.20 117879.86 3835.81 107.20
1876 12335.65 62661.89 3099.68 118.96
1877 232485.08 64994.96 3542.19 66.35
1878 183554.14 139941.96 3591.13 31.87
1879 208009.82 9338.45 3326.37 131.61
1880 165064.37 135295.66 3659.52 50.87
1881 161077.70 147998.36 3671.38 142.04
1882 -36447.56 19962.56 3008.24 83.87
1883 -71006.61 153561.02 3528.20 149.93
1884 6656.85 151812.13 3431.36 30.00
1885 212433.04 226377.49 3595.47 98.66
1886 -204496.43 243340.09 3527.88 346.23
1887 -212872.70 -80398.74 3707.38 273.76
1888 10364.57 260974.15 3075.27 30.00
1889 41579.60 -63753.39 2829.44 63.44
1890 128656.79 -57100.57 2408.17 74.37
1891 -212564.33 109609.38 4021.26 394.13
1892 -84365.83 -65787.22 2892.46 140.47
1893 245556.79 179433.93 3911.24 209.77
1894 -226188.64 -5799.51 3268.46 98.66
1895 156158.12 -153474.62 822.14 201.98
1896 -199335.48 79671.29 3963.48 70.66
1897 -264478.92 101287.78 4620.18 1657.85
1898 3619.19 7567.51 4872.63 129.69
1899 -119493.73 -72659.64 3025.25 125.69
1900 -3541.68 185547.52 3440.98 30.00
1901 -223112.80 10812.84 3628.38 639.77
1902 15363.91 246731.07 3234.40 164.56
1903 -201427.65 -179592.42 784.17 69.89
1904 29314.87 62904.45 3801.41 795.35
1905 48861.07 -9035.92 3321.09 76.95
1906 -143117.60 68400.22 4571.03 1785.70
1907 -191592.60 83804.96 4279.91 207.35
1908 181961.88 223625.28 3827.78 489.80
1909 -171742.61 -138400.05 1951.19 113.19
1910 68032.98 62489.63 2850.00 98.29
1911 -134006.22 -28427.88 3410.64 50.62
1912 -95888.89 10394.66 2878.51 149.34
1913 -209029.25 141187.29 3352.97 54.49
1914 36492.31 39396.52 3180.70 113.98
1915 90517.85 110730.04 4375.06 1775.06
1916 94215.59 -55335.85 2042.04 101.02
1917 -181387.84 263691.46 4794.15 2031.24
1918 -200088.54 118005.03 4343.40 808.27
1919 82950.44 257360.45 3789.64 68.01
1920 -260703.51 -66659.95 3449.52 154.98
1921 26764.42 154044.76 3100.17 143.64
1922 261129.99 81196.24 2625.72 76.81
1923 161705.59 -154503.34 1415.41 837.98
1924 -243210.75 221359.19 3338.61 76.94
1925 -214369.67 51462.19 3530.73 307.15
1926 -91507.50 37474.59 3077.68 76.29
1927 -120001.74 86554.34 3258.59 30.00
1928 -76571.81 232341.73 3434.81 122.49
1929 163473.83 101439.11 3695.14 43.39
1930 127697.73 -136144.74 998.77 73.45
1931 -121710.03 -38288.72 3201.45 30.00
1932 -258726.01 96636.91 3718.73 117.30
1933 -131149.58 77863.43 3845.97 135.46
1934 56774.32 174799.94 3955.74 236.53
1935 -247143.78 143977.86 3484.08 35.57
1936 -226544.38 111116.17 3983.39 153.81
1937 -172738.16 19641.02 4029.09 977.75
1938 -108700.09 -156715.43 944.12 30.00
1939 -139931.67 -215767.03 743.55 122.47
1940 129086.75 -59107.00 2148.75 107.14
1941 249664.15 264627.38 3683.42 85.06
1942 -4980.70 -11483.67 3449.50 117.02
1943 -139566.79 35064.54 3607.63 129.75
1944 31398.21 162847.39 3975.54 113.88
1945 -182760.31 199943.79 3165.23 134.37
1946 -212070.15 -106272.17 1908.27 99.26
1947 -84455.37 33703.61 3129.11 182.41
1948 -181578.70 229563.12 4067.46 1191.33
1949 -265636.16 -89618.34 2891.17 227.28
1950 159416.33 -155239.28 667.10 85.62
1951 142676.25 -146464.13 946.64 113.94
1952 -112375.17 -84428.16 1950.87 113.93
1953 -269972.17 -58120.90 2997.30 125.74
1954 -214323.72 161866.32 3304.50 91.81
1955 -82278.46 3541.27 3062.51 104.54
1956 -255682.83 100480.69 3856.77 150.54
1957 263879.08 87579.58 3030.47 24.14
1958 -248508.96 193766.40 3311.76 146.03
1959 -128271.89 219311.76 3489.31 30.00
1960 25832.17 -43262.31 3346.74 141.04
1961 45516.77 -84619.96 2076.28 591.13
1962 119840.88 74986.61 3629.52 567.52
1963 -74036.84 -129872.72 1249.73 30.00
1964 -212654.51 104585.01 3452.22 42.12
1965 170657.62 252937.68 4132.37 124.79
1966 60484.38 149777.64 3494.05 82.29
1967 227752.44 239799.97 3517.21 159.11
1968 -27908.86 -105397.87 1172.73 76.28
1969 63681.04 237587.11 3681.52 60.55
1970 173315.12 -155083.03 458.91 75.11
1971 165560.51 102949.18 3913.96 118.14
1972 -258456.41 44976.29 3621.87 141.94
1973 176893.91 -150698.77 957.24 64.03
1974 -67742.39 127092.41 3305.52 53.78
1975 267217.16 -61248.17 981.63 65.70
1976 215738.22 -24405.51 2883.20 134.48
1977 -154663.46 -186091.54 630.30 287.78
1978 34580.19 225597.94 3390.51 128.26
1979 39234.27 -89728.46 1700.04 30.00
1980 -220234.07 228522.84 3510.40 120.54
1981 -208564.53 -97397.20 1937.72 194.96
1982 230154.15 195728.98 3873.72 142.87
1983 -241465.99 247331.27 3996.69 107.87
1984 -251356.28 -177947.72 919.84 55.42
1985 -157349.99 -179435.22 703.60 105.33
1986 -263836.62 -56734.81 3227.06 116.24
1987 91480.93 237016.13 3642.67 123.39
1988 68762.75 6782.68 3312.02 124.68
1989 -85653.94 -60536.42 3001.79 91.21
1990 -43016.86 165583.59 3723.23 189.54
1991 -173968.36 230603.10 3888.82 246.87
1992 -72757.46 -14297.12 3074.78 51.52
1993 202713.73 -144270.46 1052.26 310.40
1994 -134792.05 -69806.58 3033.40 47.99
1995 49579.48 266335.03 3662.23 132.95
1996 144106.81 -58322.34 3017.48 43.83
1997 -253654.68 -78052.45 3025.99 91.37
1998 -37090.17 -136396.61 921.64 91.62
1999 -182569.47 117952.69 4092.09 204.26
2000 154502.35 20533.03 3518.90 121.32
2001 178877.16 136281.16 3680.01 248.07
2002 -223385.51 74810.33 3424.93 173.34
2003 47931.66 -113528.34 1832.86 648.54
2004 -247891.99 117388.02 3506.59 44.28
2005 -181092.80 55914.64 3575.58 30.00
2006 208409.70 -143928.26 496.14 149.57
2007 -196563.95 28853.05 3449.15 130.03
2008 206260.84 266459.97 4304.61 110.31
2009 -56588.18 -137453.95 1200.32 81.04
2010 -27474.46 103701.51 3132.76 95.82
2011 9037.71 -1132.79 3829.83 120.83
2012 181439.23 158273.65 3712.44 91.81
2013 -166436.87 221411.89 3616.97 197.83
2014 52918.27 268458.02 3763.76 144.48
2015 89476.30 -86774.24 1275.05 87.07
2016 -18483.68 101478.62 3243.98 67.86
2017 -101225.65 -157315.97 624.83 75.46
2018 107389.31 -14569.44 3162.94 56.38
2019 -70056.96 -1406.66 3209.36 173.68
2020 42867.06 -52621.10 3253.21 30.00
2021 -19027.00 42022.85 3523.93 270.23
2022 -259010.44 -97693.29 2635.47 362.19
2023 -223900.58 121785.08 3648.06 174.58
2024 58159.30 112915.39 3605.45 148.28
2025 -169192.93 216870.25 3632.52 190.47
2026 181000.37 243884.20 3436.07 31.55
2027 -101277.91 -64608.80 3356.75 128.48
2028 -196670.21 25349.66 3060.10 90.69
2029 -139557.19 -98602.45 2764.25 574.48
2030 161843.99 222660.04 3665.51 207.44
2031 160149.62 31048.10 2832.54 82.23
2032 916.82 -31672.16 2278.66 391.20
2033 -85169.46 157065.24 3396.76 63.08
2034 213202.97 12527.13 3651.49 133.40
2035 -150260.19 69795.55 4074.69 171.71
2036 233789.02 57605.04 3323.66 114.70
2037 14348.81 69757.14 3089.46 91.25
2038 -182124.67 -107358.09 1706.22 30.00
2039 67538.67 -106202.30 1919.95 107.33
2040 70324.16 7269.05 3472.73 194.69
2041 33978.90 -34120.77 3339.82 94.24
2042 -161550.17 -106805.79 1943.85 108.67
2043 -96252.82 -156601.15 598.26 71.45
2044 -588.03 60881.82 2767.54 110.43
2045 -249510.37 -163947.80 1159.73 105.45
2046 -217893.68 213763.28 3653.58 133.38
2047 160950.72 16176.99 3326.52 156.83
2048 183349.36 -45556.29 3816.51 679.86
2049 -30264.45 -53233.73 1926.50 116.51
2050 -113698.60 186293.47 3383.04 141.32
2051 209626.24 68269.43 3372.66 62.39
2052 150106.67 -95636.97 1642.10 76.35
2053 -532.52 188740.08 3641.42 148.82
2054 171599.55 137424.61 3845.00 252.08
2055 -22162.58 -39546.16 3268.10 193.71
2056 -159559.22 -107477.68 2107.98 96.61
2057 227894.40 -51260.10 2245.06 177.52
2058 186315.84 260807.82 3550.98 76.72
2059 -184891.57 -114035.09 1493.76 101.75
2060 -176802.84 232431.31 3718.83 39.12
2061 90251.47 -129056.64 1402.16 91.94
2062 100087.97 -34848.32 3298.12 146.55
2063 124194.63 40876.66 3218.07 135.47
2064 174358.63 -151383.25 896.28 73.89
2065 -253795.91 -77037.36 3399.79 76.88
2066 -253936.65 122740.55 3258.18 48.43
2067 -166118.34 92376.45 3473.07 95.54
2068 178638.34 -65987.24 2742.64 99.94
2069 -67745.24 -217.66 2708.69 45.06
2070 -80756.75 -152596.55 502.09 50.01
2071 93814.30 252815.22 3891.11 30.00
2072 129103.70 170805.87 3552.10 191.62
2073 -253703.69 -163460.15 1802.03 659.87
2074 -180852.99 81108.61 3772.33 31.56
2075 258189.38 79529.06 2887.87 159.82
2076 123210.46 -145861.80 736.69 86.20
2077 -23701.27 -52037.79 2704.26 117.08
2078 -158460.62 99678.19 3414.85 57.01
2079 58539.26 53536.20 3532.96 298.41
2080 72322.60 -143850.23 468.68 80.34
2081 -77962.78 -129463.02 1374.94 190.91
2082 -265435.71 236345.07 3777.64 95.16
2083 -246659.45 40210.35 3584.08 136.08
2084 29231.89 71524.89 3178.29 87.80
2085 90350.14 -134490.03 1060.40 61.80
2086 -40650.08 16499.51 3248.12 66.39
2087 209842.37 53571.47 3655.85 124.65
2088 -85955.20 156573.07 3116.48 69.42
2089 86514.94 -136523.61 1128.67 98.44
2090 -218990.47 88538.11 4006.71 1207.02
2091 170073.63 -155842.92 429.12 31.97
2092 216287.39 191692.97 3532.13 85.96
2093 144698.17 -95201.37 1855.99 721.15
2094 267077.09 -59026.43 1603.90 123.39
2095 -178202.37 185880.75 3555.85 143.40
2096 58833.37 211614.38 3709.20 135.28
2097 197591.97 220523.95 3972.13 195.67
2098 -188288.32 -168866.12 1258.31 86.47
2099 157398.44 -40216.66 3682.80 164.60
2100 -51489.96 201117.16 3756.39 362.70
2101 -187527.35 36788.38 3891.19 567.64
2102 139949.18 249591.64 3703.50 74.20
2103 166248.82 -156193.14 602.89 41.90
2104 74758.07 3343.60 3528.60 352.83
2105 -26398.80 7129.42 3728.28 338.30
2106 72659.47 162896.11 4043.01 488.59
2107 -190436.37 203322.51 3889.24 602.49
2108 77127.79 -52755.98 2483.53 31.66
2109 174552.50 53311.39 3591.66 101.71
2110 -201067.99 91303.20 3690.85 436.14
2111 -179243.48 -144412.73 1710.63 209.57
2112 -84907.21 228244.86 3635.14 151.05
2113 -232587.93 101931.80 3708.27 137.74
2114 28064.06 -45513.68 3227.14 119.77
2115 -30134.63 -143629.75 972.53 107.54
2116 164141.83 95432.40 4100.06 115.17
2117 -106251.46 182357.93 3540.41 66.25
2118 -115399.41 213795.50 3979.89 584.18
2119 -221539.16 73171.58 4094.63 580.33
2120 7710.84 -29204.02 2344.12 112.53
2121 -90828.69 -38563.62 3351.50 115.66
2122 -188364.26 202823.46 3374.87 39.28
2123 245269.18 224753.57 3699.11 62.65
2124 -156668.40 99306.67 4059.65 730.75
2125 -180051.54 103541.54 3876.78 96.73
2126 124956.55 -135477.08 1498.05 964.26
2127 50347.57 -110977.25 1281.92 83.59
2128 -69470.15 31290.86 3759.77 809.44
2129 -210181.33 109184.30 3782.98 145.09
2130 -199655.44 252762.86 3724.20 163.44
2131 -248324.96 267234.13 3783.55 406.59
2132 -200319.95 30861.69 4011.13 709.05
2133 -89421.02 -61636.40 3083.96 124.55
2134 -189110.23 -165857.21 1172.88 70.20
2135 -266852.22 233537.43 4342.85 616.96
2136 42795.37 11942.54 3004.49 145.07
2137 82550.83 -84688.12 1412.93 98.69
2138 250262.67 -89620.95 1062.03 52.51
2139 -122270.66 143940.01 3757.49 421.09
2140 -47905.44 62163.42 3174.23 30.00
2141 -241342.43 94999.11 3838.90 120.32
2142 -137291.61 135507.80 3116.82 100.80
2143 66471.96 229525.30 3622.09 80.33
2144 150570.49 96067.33 3781.52 48.34
2145 -88606.28 193705.12 3353.55 152.94
2146 -164382.23 220435.71 3597.52 137.20
2147 -38477.54 51708.27 3564.57 564.91
2148 16118.42 165822.62 3566.36 45.93
2149 229712.45 193166.62 3607.05 70.66
2150 63357.77 59176.48 3016.47 73.69
2151 40115.61 -68528.59 1918.67 133.53
2152 -173771.19 -108114.59 1773.40 33.44
2153 169877.66 46236.40 3724.77 118.26
2154 149667.05 194069.00 3661.44 183.74
2155 43044.73 115015.87 3990.52 117.40
2156 -161036.43 45770.54 3635.40 467.45
2157 217166.99 -26713.13 3395.13 110.47
2158 -32109.11 -8065.29 3660.44 711.77
2159 87195.82 -90089.11 1923.61 92.26
2160 47142.86 8930.90 2866.94 95.81
2161 -252182.49 -82113.55 3154.05 241.91
2162 -208372.90 103412.79 4084.66 76.85
2163 -145612.91 -47090.93 3556.97 119.36
2164 -171082.42 11773.43 3608.18 90.66
2165 238845.98 -42455.18 2283.82 73.79
2166 -109025.85 184838.86 3794.29 623.77
2167 207009.68 51661.10 3384.65 43.95
2168 126244.31 44897.82 3746.77 1040.94
2169 73257.23 239436.22 4088.22 365.07
2170 -649.44 134903.99 3620.54 116.23
2171 62873.64 -71864.01 1611.04 114.59
2172 -104345.85 20968.12 3377.67 130.94
2173 -60014.75 161967.43 3562.27 193.41
2174 -241586.58 -163198.39 1421.11 226.81
2175 103463.60 266832.19 3726.64 143.40
2176 164147.59 -75521.28 1291.90 195.41
2177 104181.80 122225.92 3588.38 97.71
2178 -85402.16 -12206.02 3280.09 157.84
2179 62137.06 -101979.14 1703.20 30.00
2180 -86521.90 191338.43 3947.71 776.24
2181 -176244.26 76134.54 3029.22 113.82
2182 48205.49 102382.08 3326.08 360.10
2183 96973.89 104423.93 3390.50 103.84
2184 -268604.12 246435.41 3747.10 256.72
2185 100860.53 142269.99 3445.19 114.41
2186 236906.85 70091.88 3569.48 459.31
2187 -261015.02 -170404.90 1336.95 91.94
2188 179397.30 144304.74 4059.40 526.07
2189 46523.10 206763.92 3717.10 740.57
2190 93935.66 -45260.33 3465.84 65.67
2191 177359.21 -78686.02 1398.24 68.86
2192 89798.45 -139832.55 445.07 48.70
2193 -243275.66 -176493.04 906.71 71.45
2194 250293.82 -87573.92 1276.35 273.55
2195 25780.13 53301.07 3453.03 297.89
2196 70635.61 52558.12 2937.53 150.93
2197 -165761.21 218246.45 3865.94 428.03
2198 129058.70 -149285.00 604.99 74.99
2199 -209062.79 33933.04 3678.55 213.21
2200 -95113.61 -23091.32 3118.21 113.20
2201 -92779.49 -7347.79 2909.80 116.40
2202 -40375.76 -148727.83 422.34 121.33
2203 142733.72 -68789.71 1757.94 505.03
2204 199960.34 94185.98 3854.47 256.27
2205 -138501.59 48776.79 2902.60 48.68
2206 -95210.18 7015.10 3085.73 347.01
2207 -261422.90 95867.58 4075.73 119.11
2208 -167746.80 21706.84 3215.95 30.00
2209 245111.67 220948.84 4235.18 796.39
2210 -140234.51 -78173.33 3659.71 639.88
2211 -129964.91 36692.66 3586.80 59.01
2212 234706.01 224013.86 3846.30 96.74
2213 -101891.10 -161167.30 596.65 50.23
2214 65879.94 -103730.09 2059.72 506.08
2215 167610.51 -9407.67 3138.77 14.25
2216 30769.39 -51980.89 3384.94 159.23
2217 7423.72 74050.63 3177.48 35.19
2218 -234147.75 264374.69 4048.73 125.70
2219 246648.71 235833.35 3484.16 74.97
2220 250726.96 89946.83 2596.66 95.34
2221 -96400.94 -38954.47 3615.36 722.66
2222 -232301.00 87224.20 3582.94 96.93
2223 105609.80 143901.09 3506.85 190.81
2224 -172635.69 -107246.63 2112.33 127.88
2225 -1543.91 41780.03 3089.30 110.74
2226 -210392.68 238140.70 3396.43 98.49
2227 -232814.39 -5131.01 3580.28 267.84
2228 11018.40 -86529.11 1446.91 232.10
2229 203062.89 -50198.91 3064.20 95.70
2230 -127845.96 223157.01 4003.99 594.35
2231 161482.78 170043.02 3577.57 140.50
2232 -214015.55 -19322.68 3710.36 388.63
2233 -181449.37 92804.03 3849.65 30.00
2234 -160018.25 -104332.36 2860.84 594.98
2235 127825.53 -145311.10 648.46 91.24
2236 -34395.82 -12449.27 3817.13 966.66
2237 -63515.64 -256281.34 250.36 70.89
2238 -252072.48 46584.76 3612.31 119.99
2239 -156767.84 133570.27 3546.86 90.33
2240 249702.89 209273.00 3810.23 149.88
2241 8555.94 -63549.00 1504.14 73.54
2242 20018.33 -26606.58 3804.29 949.57
2243 13389.97 -89312.42 1825.63 902.98
2244 112485.37 -8395.01 2877.87 63.58
2245 -229422.91 33338.00 3572.55 126.99
2246 71784.58 -117808.98 1458.33 129.41
2247 264311.76 -111578.93 975.05 60.58
2248 -253433.90 100749.91 4118.37 137.30
2249 255226.83 -56901.76 1393.68 132.21
2250 -68691.08 -13620.84 3036.96 96.54
2251 22084.51 235513.34 3539.81 30.00
2252 50044.27 6984.66 3083.24 107.87
2253 219130.40 -26101.81 3131.31 30.00
2254 79027.54 161002.45 3850.14 351.13
2255 17156.44 238290.53 3350.26 48.30
2256 102583.71 16020.13 3543.12 561.15
2257 217650.24 82612.97 3091.61 53.68
2258 201087.22 152867.11 3491.55 35.61
2259 -230002.89 12577.54 3613.04 151.57
2260 -201927.06 -75094.61 3531.85 72.67
2261 52879.19 2267.12 3632.21 898.37
2262 -25469.86 28937.16 3361.05 30.00
2263 10231.66 -6290.00 2130.93 86.71
2264 -153351.48 -188073.15 432.90 66.21
2265 146203.95 -55412.58 3076.45 127.54
2266 -139168.56 30205.47 3712.71 286.09
2267 -167483.28 93981.14 4027.91 95.24
2268 159676.23 -137176.20 1203.93 45.02
2269 -166217.67 23735.35 3693.19 146.92
2270 46045.69 219749.88 3334.43 57.18
2271 -193017.17 82399.81 3582.46 74.28
2272 -248905.60 39940.95 3613.66 177.99
2273 -133360.55 -100205.16 1678.96 74.36
2274 243562.48 211387.61 4134.47 614.62
2275 71131.80 254864.65 3493.88 45.00
2276 24318.44 76783.12 3348.88 180.37
2277 -204069.04 -55272.53 3173.09 102.62
2278 -10192.92 -14277.11 3685.02 751.33
2279 -95299.01 -36786.32 3165.13 472.30
2280 -71278.17 -124900.72 1690.96 110.40
2281 14880.02 -80066.39 1286.59 45.37
2282 58102.06 -104325.24 1866.76 121.07
2283 251068.01 269402.27 4754.76 1377.72
2284 -168838.35 148310.34 3804.57 413.35
2285 167825.74 -156040.43 945.59 193.17
2286 62667.99 -63998.77 1952.82 42.32
2287 241262.45 48154.97 2910.26 67.63
2288 231038.16 51019.05 3660.92 514.19
2289 102655.02 250983.73 3880.11 163.27
2290 189731.96 -34215.20 3185.92 152.85
2291 -206131.17 190688.92 3396.70 81.67
2292 -32603.59 -51432.03 1786.54 87.51
2293 92346.72 54975.90 3173.37 141.67
2294 -102503.22 -33786.03 3294.21 228.31
2295 -213452.44 205805.24 3415.13 30.00
2296 -81560.13 16005.53 3187.24 53.82
2297 -241593.46 72103.86 3337.85 30.00
2298 104800.14 262247.74 3895.36 183.38
2299 -255352.89 107450.12 2767.21 146.46
2300 -138875.86 -91051.77 3408.16 748.12
2301 -249716.28 -96908.53 2293.93 119.14
2302 -171543.32 13972.99 3672.01 177.88
2303 29841.21 244766.09 3502.72 94.31
2304 39737.93 14129.94 3540.40 78.40
2305 -244937.62 259739.76 3871.06 293.12
2306 252418.52 93647.45 2995.39 30.00
2307 114258.26 -5051.66 3187.23 199.26
2308 -49612.55 63878.72 3358.74 145.99
2309 134385.45 247572.39 3669.16 274.88
2310 -245066.29 66668.14 3344.28 30.00
2311 152094.52 -158458.84 732.45 116.97
2312 -253955.05 -85675.31 2976.34 139.80
2313 188438.20 -9268.98 3599.00 80.53
2314 -146501.62 -67244.98 3454.21 135.19
2315 -114882.01 -168448.31 930.44 85.12
2316 -251795.11 -108703.57 1276.52 58.08
2317 -262569.86 80275.08 4016.05 458.45
2318 53997.96 -19675.22 3421.65 129.96
2319 -20948.93 67086.64 3464.81 404.86
2320 165937.65 97312.00 4159.56 152.76
2321 60668.55 210700.97 3932.93 672.23
2322 147528.42 -6851.98 3208.62 35.64
2323 211178.84 256848.40 3419.83 129.96
2324 -68445.70 220126.49 3436.72 142.17
2325 -174708.27 92111.93 4024.59 33.67
2326 -77189.85 223307.96 3861.62 129.69
2327 77123.06 48352.99 3012.82 30.00
2328 50464.55 169526.14 3723.53 521.97
2329 258553.72 249820.83 4178.45 176.18
2330 -63974.97 186633.04 3854.81 538.23
2331 175505.00 96445.28 3634.82 115.55
2332 43584.71 68092.23 3678.87 142.16
2333 72569.91 -119751.67 1474.99 30.00
2334 -226662.73 -178130.79 670.86 57.48
2335 212504.32 14289.13 4026.42 1227.64
2336 36431.83 21444.01 3198.22 255.09
2337 -2982.32 172507.44 3798.70 66.22
2338 249535.08 192937.45 3332.46 73.73
2339 2558.20 124853.76 3506.53 131.35
2340 189926.03 179769.23 3798.12 693.57
2341 83655.32 -101020.97 1859.15 102.46
2342 -150472.79 -178744.90 837.64 73.55
2343 103288.71 8525.88 3264.19 804.83
2344 9988.78 -17747.06 1900.59 81.49
2345 35591.16 83553.68 3250.37 30.00
2346 -218039.38 78059.02 3554.28 30.00
2347 81136.14 232182.98 3645.93 102.92
2348 -125248.66 65113.75 2962.84 101.23
2349 121217.45 28698.98 3453.28 143.17
2350 20007.52 -37611.39 3567.43 125.14
2351 -17694.43 -42328.66 3647.75 692.05
2352 144254.78 -56439.43 3130.89 151.68
2353 19843.04 153349.26 3397.84 109.90
2354 -95738.83 205037.83 3600.31 170.38
2355 184955.07 -3975.82 3703.71 258.04
2356 -194054.39 200233.80 3510.74 150.26
2357 138397.15 -43366.83 3514.93 138.16
2358 121055.70 76190.50 3370.82 113.56
2359 195762.33 224613.35 4114.31 141.01
2360 116797.10 114010.97 3597.63 140.67
2361 -60583.71 149883.64 3304.67 135.50
2362 224341.69 -51474.43 2234.87 97.01
2363 -262246.32 109895.74 3565.02 57.47
2364 -268495.07 201953.56 3945.38 336.15
2365 -176364.21 15994.45 3545.52 165.80
2366 199108.93 254622.83 4043.44 98.70
2367 64538.26 239827.79 4062.03 410.68
2368 189182.16 -11586.39 3683.16 120.04
2369 257733.29 -66847.59 945.72 109.97
2370 -137207.53 46707.96 3329.61 152.91
2371 -154272.59 -55382.17 3129.21 92.07
2372 143767.35 -58391.22 3445.00 508.50
2373 -42871.49 16067.34 3318.60 128.91
2374 -192704.30 203999.01 3726.85 188.83
2375 -73968.65 -59951.29 2569.17 59.10
2376 -193697.36 -100806.58 2236.66 106.67
2377 30469.40 54215.23 3116.55 109.97
2378 140286.66 -48545.37 3502.09 468.11
2379 -153182.82 148913.87 3209.39 110.10
2380 11863.09 76677.65 2954.57 114.76
2381 -222120.72 -176573.42 922.98 85.02
2382 -98262.45 2038.91 3539.75 199.88
2383 235962.83 74196.22 3343.98 176.99
2384 165141.19 250001.23 3965.34 95.01
2385 -198539.23 -121666.19 1161.09 78.59
2386 166018.54 105654.48 3932.00 33.02
2387 86517.47 234703.03 4054.70 122.56
2388 -214351.85 237449.25 3440.48 154.08
2389 32234.13 159871.15 4312.94 1172.94
2390 88548.60 -88883.25 2005.57 73.10
2391 160615.08 -144939.85 798.35 75.70
2392 85642.79 -91813.59 1351.05 90.76
2393 95968.36 213384.56 3430.89 342.88
2394 162260.25 165129.48 3729.32 274.37
2395 267023.99 -65991.65 1323.32 48.08
2396 -265556.22 95573.18 3537.09 88.04
2397 -171113.19 96171.94 3539.39 105.96
2398 -245242.59 159766.48 3525.14 162.40
2399 -240502.32 -70434.53 3274.65 116.92
2400 126382.97 -57249.10 2706.42 98.30
2401 204012.84 229988.57 3794.70 57.39
2402 -209138.35 138704.63 3536.14 256.78
2403 188957.84 177078.03 3713.88 109.70
2404 -122044.56 -72947.18 2941.76 76.62
2405 -98079.35 -101981.25 1261.48 111.34
2406 249441.22 93240.55 3030.09 118.11
2407 -223295.52 29346.48 3401.35 152.64
2408 79721.09 -83715.50 2468.96 1017.06
2409 -102871.77 29870.06 3443.26 131.66
2410 76696.75 -85997.70 1978.40 179.14
2411 -188048.67 -176823.96 1046.32 98.97
2412 159158.92 133104.60 3392.72 77.79
2413 -84003.01 -24715.11 3312.45 145.65
2414 129032.46 33525.39 3279.69 30.00
2415 -77495.59 208376.58 3433.86 368.28
2416 73801.73 49433.08 3185.60 145.29
2417 17025.72 81267.51 3693.28 255.14
2418 101650.33 256715.24 3625.08 57.97
2419 -259974.43 134934.28 3512.98 94.22
2420 -199975.85 268119.62 3642.29 91.41
2421 195705.98 151028.02 3906.22 182.25
2422 261659.57 187400.45 3730.43 424.03
2423 -212901.09 266323.67 4143.49 86.12
2424 240174.52 49798.37 3596.27 343.57
2425 70086.15 61304.44 3187.61 112.81
2426 -251300.19 -115679.15 1490.95 52.34
2427 91716.02 260305.70 4028.55 514.50
2428 -155553.82 -176699.79 1102.65 463.86
2429 -264183.01 134039.90 4102.06 531.81
2430 -146436.59 72096.73 3731.22 82.72
2431 -152764.00 -185193.20 444.48 75.62
2432 142747.16 -50383.15 3078.41 31.03
2433 -146598.30 -174873.88 1069.07 45.14
2434 -16162.72 -239961.40 536.23 70.74
2435 249368.94 268806.66 4204.08 30.00
2436 -139633.61 78155.34 3431.24 140.69
2437 -138769.21 -109499.69 1329.23 232.08
2438 -50383.71 60045.24 3194.08 330.33
2439 -114513.77 -87361.06 1536.41 70.08
2440 182443.47 -5291.77 3245.14 148.99
2441 -209911.82 -159580.71 923.32 67.72
2442 62688.65 267727.79 4228.21 177.40
2443 -13610.64 6296.41 4173.19 147.96
2444 253788.40 266282.57 4806.88 1017.98
2445 -149277.35 -181214.59 522.29 76.49
2446 -56968.30 198219.20 3573.14 172.21
2447 41472.70 -35751.37 3134.18 293.05
2448 -149743.44 158361.43 3351.16 209.74
2449 241137.27 -41528.13 2334.23 30.00
2450 -136016.45 28971.35 3406.69 258.05
2451 -227127.50 261930.59 3860.11 60.93
2452 22803.23 13244.15 3113.47 38.65
2453 -72038.01 575.70 3255.74 173.08
2454 181291.67 -7601.12 3120.00 30.00
2455 61023.16 125011.40 3547.13 164.09
2456 -175891.47 230955.94 3720.67 62.83
2457 218292.50 166871.11 3690.49 142.97
2458 -66325.11 9442.53 3591.39 149.37
2459 -24089.60 -244616.64 581.63 140.84
2460 -85256.05 215769.31 3598.47 203.61
2461 43090.80 -102574.11 1509.82 74.85
2462 -140870.54 -96997.68 2243.47 31.82
2463 -239814.25 249776.42 4180.63 119.24
2464 258026.30 -88492.25 994.33 75.31
2465 256844.82 198876.51 3712.95 128.72
2466 161767.70 47411.88 3713.97 97.74
2467 60606.83 -100775.66 2038.47 388.22
2468 -172329.89 -111457.21 1932.85 210.39
2469 4540.79 127356.54 4190.89 380.40
2470 -71160.29 206695.88 3598.37 95.65
2471 -44664.17 168729.62 3155.94 62.61
2472 -50597.14 52888.93 3022.26 121.92
2473 102903.19 246998.59 3657.16 56.14
2474 174943.16 49290.51 3410.53 129.77
2475 169727.07 -40699.64 3624.58 261.70
2476 122390.13 262442.38 3537.96 103.23
2477 182472.92 144422.84 3258.50 30.00
2478 5092.27 73944.15 3615.05 503.81
2479 72883.46 3026.97 3163.60 5.47
2480 224593.30 -53616.59 1956.58 79.34
2481 -157687.52 -101133.74 3071.45 173.39
2482 -169879.47 93782.83 4015.33 119.97
2483 -50775.83 221372.90 3265.82 72.80
2484 248839.92 256698.84 3793.99 169.23
2485 153576.54 -1530.93 3716.63 656.66
2486 227877.52 -133367.22 689.87 42.82
2487 149858.15 190767.51 3298.19 79.27
2488 -15449.52 70261.88 3794.98 420.45
2489 -67496.41 -62147.31 1915.13 72.99
2490 -86981.33 -14752.47 4097.38 1509.36
2491 -14995.32 99637.43 3488.45 123.16
2492 -63310.41 9832.42 3649.69 476.85
2493 20395.94 234137.66 3812.87 375.22
2494 -269693.00 249772.33 3541.52 61.04
2495 32126.21 -34706.91 3653.58 807.00
2496 172049.90 -158612.50 410.67 62.01
2497 63882.38 56825.04 3363.68 548.01
2498 251631.29 208697.53 3995.58 378.31
2499 -119760.69 -36238.26 3118.44 65.39
2500 5028.83 55952.86 3524.01 793.51
2501 59699.57 -47972.19 3610.68 376.46
2502 -227781.68 257254.40 3652.13 50.21
2503 45290.41 106639.00 3485.37 97.74
2504 -112619.31 -172713.28 577.28 77.79
2505 -252781.32 -178127.74 976.75 116.89
2506 -195880.14 -58777.34 3554.75 177.07
2507 206663.25 257151.30 4062.44 138.98
2508 -57721.25 -132546.38 1763.67 993.41
2509 -191539.74 -100905.26 1902.68 105.18
2510 -12694.13 69137.09 3156.33 102.20
2511 158588.00 214793.64 3824.73 150.72
2512 115902.87 -33454.55 3165.98 121.33
2513 136530.75 51625.28 3655.15 30.00
2514 157977.17 -145474.91 1353.64 63.89
2515 -246200.07 -92164.26 2698.07 194.83
2516 58341.85 -101335.87 1987.50 92.12
2517 250594.26 211278.15 3715.18 132.07
2518 -18818.16 -45559.76 3492.64 128.05
2519 -86668.05 -39845.24 3027.71 62.57
2520 191307.34 142201.27 3467.14 108.37
2521 -66079.72 154795.30 4349.18 1270.61
2522 -135906.55 -72855.77 3426.83 288.01
2523 158719.64 217078.82 4057.50 939.74
2524 -32582.49 -141490.29 952.70 81.21
2525 -44989.54 55766.04 3925.62 1015.13
2526 -171261.81 137823.64 3837.81 419.60
2527 50404.66 -11195.50 3325.45 263.23
2528 -17016.98 -37972.40 3266.55 251.18
2529 -205746.64 -66232.93 3143.87 30.00
2530 -175441.60 186532.50 3578.86 378.70
2531 -12820.45 -233533.01 675.98 273.98
2532 -23450.37 44787.71 3377.75 199.66
2533 -173299.43 -111821.32 1866.30 66.27
2534 -227918.96 130115.38 3423.77 156.51
2535 192931.80 253761.07 3792.05 89.84
2536 -132881.61 35283.23 3622.64 576.58
2537 222323.61 -44001.45 3057.56 144.18
2538 -155511.75 99877.97 3628.29 93.24
2539 -175911.40 227590.29 3897.81 257.75
2540 169680.65 99249.25 4352.61 716.50
2541 149151.71 21973.48 3858.32 993.53
2542 165618.16 236650.48 4270.22 657.17
2543 -287.05 -5981.33 4808.54 123.98
2544 30139.75 -72907.56 1385.01 88.57
2545 59958.74 151274.19 3674.56 117.12
2546 -23620.45 -68662.30 1817.00 534.89
2547 222884.90 258065.31 3678.02 143.95
2548 -233089.43 268260.74 3554.73 127.92
2549 153961.91 -96851.56 1669.24 171.57
2550 231086.03 84162.39 3061.16 123.90
2551 -175388.66 -112870.36 1469.83 89.37
2552 -210038.72 50991.24 3234.79 53.40
2553 257698.40 169632.49 3980.49 548.42
2554 3506.12 -4110.78 4710.99 67.59
2555 22841.94 13563.48 3413.31 393.65
2556 -223293.62 265635.08 3943.55 192.57
2557 -180866.53 12281.68 3558.85 81.21
2558 -202377.76 -160269.57 1298.90 95.92
2559 -106016.75 -167646.78 446.32 52.83
2560 -84065.09 -42039.84 2524.79 94.90
2561 178225.78 -62545.52 3096.52 486.70
2562 17872.41 151870.26 3977.13 723.79
2563 197006.41 -12219.54 3511.38 276.80
2564 -235793.48 26694.89 3587.32 446.26
2565 -181646.19 33696.65 3382.97 54.10
2566 211958.40 21899.31 3371.97 99.06
2567 201800.69 -120285.02 1097.39 99.15
2568 -64547.58 -56184.99 2232.71 125.43
2569 -79384.83 106738.97 3571.82 88.25
2570 -212054.22 -161440.14 949.97 99.64
2571 231679.78 143670.25 3447.63 30.00
2572 -144915.12 68978.90 3517.38 52.55
2573 187701.77 -71896.62 1118.97 75.36
2574 -267324.09 241069.42 3723.95 211.83
2575 131572.66 -137455.51 1308.55 226.78
2576 -68036.29 149132.65 3143.11 76.81
2577 235752.45 226054.28 3692.85 44.03
2578 -25255.31 -40323.79 3158.62 31.66
2579 157441.93 -16583.74 3405.79 98.35
2580 233772.12 -51349.40 1937.20 90.32
2581 83575.57 134606.12 3515.77 131.80
2582 -142407.58 245799.45 3798.97 517.20
2583 156604.72 241149.05 3689.23 30.00
2584 -9741.15 223393.54 3325.57 54.70
2585 -23698.32 -45179.91 3059.75 86.23
2586 -260013.65 150598.27 3281.11 89.77
2587 89145.88 -31662.41 3538.42 170.07
2588 -145590.26 -69203.36 3232.30 95.87
2589 114271.80 111366.20 3353.85 93.84
2590 -142723.01 -213897.65 555.89 82.87
2591 11256.80 78876.60 3495.02 211.38
2592 -34972.63 184717.41 3170.27 146.26
2593 -251611.28 -67456.06 3182.83 157.78
2594 -96440.29 207483.59 3725.10 93.42
2595 191941.17 -33358.73 3384.93 30.00
2596 -39290.19 56575.89 3007.48 39.35
2597 -258733.78 83346.38 3690.78 164.12
2598 32425.82 -62502.86 3004.35 786.75
2599 98134.55 16189.02 3612.26 559.49
2600 -248245.88 -113176.48 1749.37 94.55
2601 -40137.17 143172.15 3526.44 505.59
2602 -242279.85 -70667.52 3209.68 66.57
2603 -94011.46 -39524.31 2971.59 45.26
2604 -168092.30 261638.96 3420.21 134.94
2605 -18443.21 17252.20 3629.33 56.21
2606 193489.38 140248.04 3197.25 126.25
2607 -226746.52 259322.17 4584.49 1173.01
2608 68264.34 55772.60 3163.63 145.08
2609 -205080.10 179424.54 3366.82 109.51
2610 -161946.81 100633.92 4289.46 930.23
2611 -221787.53 15396.80 3303.99 97.61
2612 -46463.16 65091.73 3420.85 70.48
2613 -149200.76 -72494.25 3433.78 124.41
2614 51067.41 -18262.93 2926.42 30.00
2615 60238.17 208058.11 3899.80 152.63
2616 253422.11 -105164.98 888.95 91.39
2617 -102508.89 -82456.71 2227.15 94.44
2618 -101041.00 -164387.32 621.48 93.46
2619 -133234.74 -110742.41 1501.96 115.63
2620 252899.37 79571.94 3053.36 115.30
2621 -85869.06 -85149.17 1283.95 76.57
2622 213673.29 -54459.80 2152.77 123.87
2623 -161937.93 49602.54 3772.67 263.10
2624 -208529.86 143735.47 3277.42 144.80
2625 -197202.28 -55863.04 3223.09 95.71
2626 -110190.89 7339.13 2982.72 62.78
2627 208035.63 7183.22 3058.50 52.33
2628 -212627.24 87850.85 3882.38 308.78
2629 -255959.59 -53412.21 3052.16 37.60
2630 208455.15 -11803.10 3091.61 159.82
2631 -57201.45 219135.07 3511.72 140.76
2632 220644.65 31739.19 3827.86 695.69
2633 75141.82 10666.70 3329.25 115.35
2634 -129743.46 -112464.90 824.83 91.34
2635 -199530.04 -124012.72 1150.11 74.11
2636 -206170.53 98402.76 3881.36 123.33
2637 -224007.69 243696.86 3862.13 108.29
2638 -165279.09 138244.48 3481.64 120.87
2639 -181697.83 206577.67 3856.07 115.07
2640 269953.01 91547.68 3345.71 147.03
2641 124417.21 -31856.03 3018.30 31.92
2642 -245421.14 -180183.15 913.81 99.08
2643 -5040.14 194535.55 3650.68 15.88
2644 184283.44 -162431.74 604.76 595.12
2645 245428.53 49290.99 3058.88 30.00
2646 -95924.89 -8691.86 2751.54 92.92
2647 174479.70 -33443.80 3552.10 262.39
2648 209631.89 29203.23 3313.72 125.49
2649 144127.53 -75243.46 1337.02 139.84
2650 -40932.70 24149.36 3137.43 76.27
2651 1021.69 212517.82 3915.47 689.05
2652 -29275.39 -40868.85 3891.51 1172.28
2653 -214425.50 250475.56 3608.81 30.93
2654 -239485.46 -77187.73 3238.97 137.08
2655 101164.93 -36365.48 3464.61 348.26
2656 25360.58 -11081.92 3493.28 42.45
2657 256591.48 195226.69 2967.80 74.54
2658 202165.12 -130148.52 1034.72 111.46
2659 5487.60 188368.28 3838.32 453.08
2660 210791.11 51746.82 3583.90 76.26
2661 -9072.02 -23441.09 3227.47 101.64
2662 130717.61 -155824.80 308.68 69.19
2663 -232203.32 201913.40 3433.13 98.37
2664 81896.96 -136298.25 887.03 33.09
2665 -19431.61 53795.12 3505.91 151.77
2666 45497.95 -101544.04 1720.83 178.71
2667 59357.66 49628.83 3264.54 9.66
2668 -69581.55 -145165.00 936.96 115.80
2669 -138701.15 -76800.01 3117.24 30.00
2670 5594.16 51054.30 3439.82 155.57
2671 -148826.57 -108562.20 1715.19 146.98
2672 106434.51 49164.18 3087.01 120.82
2673 179979.83 -154800.61 600.74 62.16
2674 -184345.92 61395.64 4387.07 141.72
2675 -31100.20 -9293.64 3018.97 142.24
2676 246577.70 -80904.01 1959.40 544.77
2677 -234037.69 81487.36 3595.17 30.00
2678 -237704.25 22870.08 3549.34 373.92
2679 224826.64 143543.35 3833.74 259.16
2680 -158517.33 31005.40 3829.20 666.62
2681 -78274.16 230251.35 3650.52 171.46
2682 3266.70 208453.29 3207.53 70.13
2683 -130967.96 -55426.19 3626.39 545.33
2684 52124.39 8784.50 3092.63 81.11
2685 -198603.81 -84135.38 3591.09 131.58
2686 176748.04 219449.96 3981.89 924.05
2687 264054.20 77745.44 3421.52 549.47
2688 -79929.52 -18298.87 2988.53 134.04
2689 6537.43 8054.44 4832.94 330.82
2690 38309.97 6856.28 3680.45 115.56
2691 -126268.20 216430.01 3473.22 33.71
2692 32204.46 15979.09 3673.23 806.05
2693 -218614.60 -93495.77 2269.88 120.86
2694 8374.69 44084.92 3175.26 71.88
2695 81178.23 235826.05 3790.84 150.49
2696 -247492.79 71793.29 3271.87 38.69
2697 -241161.26 -171849.92 1497.09 93.41
2698 249562.60 96587.63 3367.97 92.64
2699 -24647.26 42859.21 3188.14 73.26
2700 104858.82 -53695.47 2266.42 105.87
2701 117730.84 -33657.43 3074.51 46.59
2702 50486.05 16011.41 3818.23 965.09
2703 -234937.43 -176632.17 685.77 65.07
2704 -26604.39 -9068.55 3482.95 736.34
2705 46751.89 -10855.23 3069.19 30.00
2706 -76772.85 -62135.46 3140.52 280.23
2707 10848.95 -15591.81 2645.94 886.98
2708 67680.46 232239.49 3971.41 366.24
2709 -39545.46 -46121.38 2395.21 125.11
2710 16256.03 150156.72 3407.26 58.22
2711 -151168.10 97469.48 3690.85 166.63
2712 23609.62 73432.16 2980.77 31.29
2713 -21715.00 106291.51 3476.19 111.80
2714 -68214.51 126290.96 3360.98 116.50
2715 159882.23 -145830.82 1218.29 88.32
2716 -72249.55 -160300.65 442.50 105.28
2717 110307.67 179536.68 3654.54 168.55
2718 -200485.60 -92107.84 2746.94 280.94
2719 137858.19 135075.89 3370.67 309.00
2720 -139333.92 -79852.82 3557.15 136.24
2721 19909.01 -40028.20 2824.53 99.40
2722 -71699.81 -67636.51 1334.73 108.57
2723 -144909.69 -78121.25 3091.97 30.00
2724 127494.15 211244.79 3754.11 123.09
2725 211213.00 259911.94 4011.24 130.66
2726 -10627.42 93307.92 3723.96 460.22
2727 -18669.43 194814.03 3595.41 155.95
2728 -82221.94 509.83 3876.48 1163.76
2729 181357.27 141317.12 3953.69 238.01
2730 122343.25 -35449.88 3571.29 161.52
2731 167744.87 258971.04 3790.42 292.87
2732 132880.41 -162428.93 459.34 82.31
2733 -150691.90 -184203.65 441.09 82.41
2734 -176542.91 269585.94 4172.24 718.37
2735 149850.67 72843.58 3328.60 70.82
2736 -29521.52 -46439.56 2825.53 97.53
2737 128367.03 40830.44 3683.83 115.66
2738 -250296.46 250598.19 4111.20 108.83
2739 146961.66 193003.15 3985.16 498.80
2740 48840.62 241082.96 3555.75 151.20
2741 108675.03 51367.82 3685.43 179.58
2742 251853.43 227815.49 4079.71 84.73
2743 -151491.40 59071.77 3439.24 30.00
2744 -225214.39 -162875.03 2190.41 1590.65
2745 117445.70 792.02 4036.27 1324.45
2746 -38528.52 10010.48 2944.73 67.49
2747 245194.82 47368.34 3433.00 316.76
2748 156607.46 -82658.90 1434.81 71.67
2749 -83382.87 23472.44 3413.72 63.27
2750 4990.38 163323.88 3722.95 158.29
2751 122789.14 -31161.09 3523.91 561.90
2752 -10773.06 -17990.05 3044.73 30.00
2753 -147625.92 159272.18 3151.11 97.29
2754 -74352.85 -123793.81 1209.50 85.40
2755 165942.64 -5816.35 3548.28 477.41
2756 19676.86 -78319.61 1722.22 303.86
2757 236872.55 235468.28 3612.48 35.31
2758 -54513.01 212510.30 3570.64 431.56
2759 71765.28 -83266.36 1491.89 43.65
2760 151003.48 -163188.55 447.58 99.84
2761 162236.08 -135847.61 1716.35 885.88
2762 137207.14 177890.26 3303.18 30.00
2763 -259821.18 -105775.94 1804.45 100.08
2764 123727.06 169702.24 3885.44 572.92
2765 133448.86 -153303.46 676.42 265.77
2766 -258350.43 148723.97 3395.04 116.59
2767 162747.64 133688.47 3700.26 100.40
2768 172339.97 -48130.14 3335.39 132.49
2769 -28273.25 104862.59 3552.37 542.85
2770 229911.10 -133334.97 880.71 90.59
2771 -41014.88 12022.36 3695.01 247.43
2772 149625.76 94632.71 4192.12 482.86
2773 -83405.36 -150340.28 679.43 72.56
2774 6299.72 -41140.11 2471.60 111.20
2775 -135044.26 41411.96 4065.22 1020.16
2776 -141413.69 -180045.09 780.58 66.12
2777 104188.74 118498.99 4024.79 611.03
2778 -181259.46 -129888.08 1489.39 100.09
2779 59440.64 -121317.45 1481.06 141.98
2780 -132728.50 227008.43 3552.21 105.98
2781 -24972.61 -43090.06 3609.12 527.06
2782 248373.16 -84870.56 1011.35 72.79
2783 -116137.58 -75996.73 2673.91 30.00
2784 204314.10 -150671.67 681.59 63.38
2785 -44293.58 24133.59 3128.68 62.06
2786 -73819.17 16549.61 2957.51 55.76
2787 78519.01 -113175.57 1632.69 87.91
2788 -184118.40 -129121.16 1008.19 69.76
2789 213462.28 5410.44 3556.70 156.71
2790 -254997.37 -42314.10 3547.57 109.05
2791 96249.27 -463.54 2898.68 95.80
2792 -247123.70 264794.38 3429.50 30.00
2793 -190518.09 36800.92 3355.42 30.00
2794 -158787.48 -101670.31 2997.90 79.70
2795 -201722.52 256213.53 4014.54 126.42
2796 171127.50 -13798.81 3226.85 136.22
2797 156130.26 22839.06 3349.69 101.22
2798 262727.73 -71002.27 987.80 50.99
2799 72331.79 -122100.37 1747.02 324.87
2800 -27137.55 20208.97 2880.32 97.49
2801 208628.43 -114548.81 1565.86 652.91
2802 -25035.76 74911.16 3273.61 331.31
2803 60148.78 177094.41 3456.16 172.89
2804 -172844.21 9606.19 3956.75 496.96
2805 -33482.13 -39735.95 3307.06 30.00
2806 -232604.63 76500.53 3548.02 115.39
2807 60739.02 113567.27 3493.51 30.00
2808 -102322.70 -107121.16 1815.93 756.50
2809 201525.16 -151082.02 701.89 281.92
2810 257237.72 -91017.52 974.36 77.82
2811 -109851.61 10390.96 3196.72 168.88
2812 -131249.92 -38675.65 3408.49 124.69
2813 -136962.75 -78224.54 3552.11 133.94
2814 -254442.76 -40016.75 3476.49 87.47
2815 -230949.96 97951.67 3681.67 95.45
2816 -70984.99 126236.66 3417.80 148.25
2817 133334.40 -45773.33 3485.54 218.75
2818 -148889.51 151751.66 3642.25 617.90
2819 -11868.38 6945.34 4185.81 119.58
2820 -126470.80 45835.70 3160.86 155.55
2821 230206.43 73271.46 3449.02 76.77
2822 -205352.42 -142830.08 1251.22 72.31
2823 -20652.57 4411.42 3421.61 6.32
2824 -77799.27 -11450.61 3129.36 134.20
2825 39741.82 236047.37 3405.93 181.31
2826 41823.95 101505.20 4015.92 763.63
2827 41632.80 -90136.71 1908.51 284.15
2828 255093.43 -121595.36 900.59 43.13
2829 123833.39 -147944.73 745.35 96.16
2830 -155019.33 -96737.21 3676.43 1473.74
2831 -174900.04 107999.24 3726.48 88.41
2832 179485.80 -34695.05 3544.20 237.28
2833 -10627.58 5380.64 4613.05 516.93
2834 -25905.85 34247.30 3675.09 607.85
2835 84147.21 -58373.89 2010.65 83.79
2836 -14338.40 188715.81 3877.34 144.19
2837 -123424.75 -158893.82 975.50 79.65
2838 99753.13 18143.67 3040.46 31.17
2839 -123798.52 225617.12 3384.40 114.05
2840 -22302.23 -49810.29 2861.58 144.54
2841 56787.97 48905.43 3403.19 125.21
2842 -68526.41 -12141.65 3482.58 723.31
2843 139818.71 117515.01 3399.74 120.14
2844 -215066.37 256086.05 3575.25 42.13
2845 -253181.90 -180216.17 948.85 167.59
2846 79756.35 155276.01 3352.30 114.78
2847 -176855.56 227602.95 3788.64 89.66
2848 227364.39 -137406.46 612.92 69.67
2849 -262927.69 161745.64 3405.90 50.67
2850 93654.60 110285.24 3407.32 47.69
2851 -226735.61 58013.03 3568.69 98.62
2852 220582.83 13322.06 3308.78 64.35
2853 -210905.67 73293.87 3700.25 285.33
2854 231545.68 80555.29 3532.58 238.85
2855 7404.76 -44338.69 2730.12 134.37
2856 -86554.70 -61167.54 3526.64 1227.01
2857 -72842.62 -22672.13 2954.75 86.29
2858 -264397.16 -169721.38 1743.65 1030.34
2859 62714.03 -46512.98 3285.98 30.00
2860 33069.77 57508.06 3699.58 717.60
2861 92034.83 -60085.34 1423.49 95.26
2862 247321.92 -93722.05 1048.10 91.18
2863 -19662.26 106493.61 3489.56 237.42
2864 -157487.05 -206553.87 465.33 67.21
2865 69462.96 93698.57 3357.80 153.76
2866 -6352.85 62718.79 3037.79 62.04
2867 -60200.39 144941.63 3915.00 961.74
2868 -238554.93 151735.10 3123.54 138.81
2869 -164842.96 146625.48 3743.46 240.85
2870 -176641.57 67708.78 3949.12 105.72
2871 -155402.33 49922.83 3351.99 79.70
2872 -119521.25 224427.09 3501.90 503.11
2873 266606.48 -74461.99 1424.44 496.40
2874 56848.36 208921.08 3217.80 66.34
2875 44125.20 80281.58 3407.89 89.63
2876 125869.76 61622.50 3439.14 30.00
2877 -66192.70 195811.08 3250.31 58.50
2878 -193155.25 -103013.30 1692.78 80.85
2879 -80080.84 17451.45 3269.54 151.66
2880 -36713.33 -18918.59 3854.20 379.98
2881 -160639.00 214366.86 3568.79 54.38
2882 181334.09 -149547.85 976.11 40.75
2883 239146.34 52288.48 3446.88 100.94
2884 146169.17 -67270.55 1815.18 74.93
2885 56019.14 8438.68 3588.12 386.44
2886 2750.95 -56983.14 1778.03 183.74
2887 -141770.22 -92047.22 3372.35 136.07
2888 196814.19 181246.74 3760.62 472.91
2889 212269.25 149158.10 3769.06 91.81
2890 86872.02 231642.86 4079.81 515.54
2891 -2258.45 86054.60 3320.12 19.90
2892 -243773.48 225093.52 3663.21 78.00
2893 74976.56 -51091.61 3422.23 334.80
2894 -240919.43 130075.14 3558.74 128.23
2895 -245252.44 -112802.75 1680.32 74.46
2896 176838.33 -158145.64 830.80 296.51
2897 -251070.93 -174535.85 1075.07 105.39
2898 -94025.84 35898.07 3177.58 140.64
2899 -266407.26 -77690.14 3662.94 242.33
2900 48492.18 109377.70 3439.58 64.40
2901 54520.59 18662.63 3058.08 135.90
2902 220044.35 70090.57 2957.11 93.46
2903 -14722.70 -56606.85 2236.93 135.19
2904 166533.28 -160093.73 692.80 141.19
2905 -260640.32 207879.74 3768.61 220.41
2906 -42152.03 52495.88 3119.58 30.00
2907 -198231.19 223071.41 3674.09 165.02
2908 70345.15 2486.92 3694.35 583.31
2909 203243.51 172608.60 3954.63 625.37
2910 209885.98 5147.87 3744.48 685.54
2911 -126141.27 -157193.97 1241.44 85.77
2912 162952.16 -156507.57 832.21 94.99
2913 -59660.74 -70810.58 946.01 95.59
2914 -193759.83 154834.99 3600.89 500.19
2915 -149370.32 -98883.70 2714.07 30.00
2916 226352.25 -22531.98 3452.22 421.45
2917 -268915.55 94920.20 3794.68 372.22
2918 -71187.26 -23028.59 3898.45 1039.31
2919 160693.44 -148636.28 946.70 60.60
2920 -63816.15 -259391.92 493.23 34.94
2921 -185360.99 226832.87 3646.78 267.86
2922 114913.44 215467.18 3743.44 299.46
2923 23532.48 54492.57 3378.23 146.70
2924 177243.41 138910.93 3462.48 91.92
2925 -2232.89 83612.37 4064.96 1195.04
2926 -61450.95 -135342.75 1008.15 96.77
2927 3618.54 207710.07 3543.35 261.54
2928 -205877.58 -58077.83 3699.68 98.98
2929 55003.86 -66814.25 1873.08 198.06
2930 -181960.28 101915.76 3614.00 67.37
2931 200328.49 -148828.89 540.82 74.62
2932 -19722.96 -51468.60 2553.01 32.25
2933 163849.18 50017.02 3530.31 125.92
2934 155042.19 -99027.44 1451.95 75.10
2935 42528.74 1514.64 3219.89 99.49
2936 7873.52 131574.40 3537.52 145.78
2937 125074.23 168971.92 3742.20 89.78
2938 239992.11 69444.92 3006.76 94.95
2939 -240288.32 -159856.07 1289.34 97.24
2940 -70754.22 17424.95 3238.21 72.99
2941 -39337.54 25789.63 2971.67 139.54
2942 -8003.32 118607.19 3592.26 79.81
2943 90227.98 -89030.16 1708.64 60.24
2944 180728.87 -154136.86 863.81 93.40
2945 -218702.62 223198.78 3602.91 123.63
2946 28515.04 13856.79 3469.60 554.85
2947 -155867.11 138598.03 3673.39 198.06
2948 212011.88 231417.02 4003.60 134.83
2949 261985.03 -62590.31 1414.29 91.28
2950 -17046.19 -58136.87 1818.18 149.87
2951 124354.62 -37242.54 3673.28 659.13
2952 126.47 -26079.53 2365.64 136.98
2953 167362.25 -12098.56 3534.09 462.20
2954 265731.46 -113618.40 937.24 62.18
2955 -55275.19 70218.71 3566.06 170.27
2956 53553.35 -114046.50 1318.80 83.21
2957 -57812.02 -53315.93 2186.58 250.29
2958 -185308.92 -115478.62 1293.02 67.39
2959 198331.34 99476.33 3443.94 131.49
2960 -220833.18 -177844.30 697.19 79.33
2961 -92882.27 -41795.42 3459.30 96.77
2962 192005.25 -2429.53 3789.31 763.41
2963 263966.38 -56938.51 1228.35 129.91
2964 -108196.64 221205.81 4092.83 956.45
2965 -52689.32 62401.29 3565.19 140.38
2966 19775.31 -29477.14 2934.09 30.00
2967 -248512.56 -88308.66 2412.95 30.00
2968 -239804.42 -56913.98 3312.56 514.38
2969 47304.61 265750.54 3796.25 281.62
2970 115122.23 228865.41 3473.09 148.82
2971 -208390.96 78744.44 3848.92 103.10
2972 148670.22 97208.76 3733.07 103.22
2973 -3621.99 50285.25 3195.97 83.09
2974 -7210.29 180912.11 3977.60 322.93
2975 142258.92 26280.53 3326.94 398.07
2976 248963.72 80402.50 3214.15 226.71
2977 7790.49 125028.28 4223.75 839.23
2978 187280.52 -66436.72 1872.46 64.08
2979 226635.18 16372.01 3302.86 353.93
2980 -254409.85 161641.47 3288.06 64.33
2981 247134.35 78816.02 3049.97 59.47
2982 -239200.53 -68023.19 3718.79 796.15
2983 67783.95 253728.80 3726.83 41.51
2984 -47571.32 25815.49 3477.70 479.13
2985 77793.36 -143574.11 516.85 85.86
2986 183085.31 -157492.21 415.23 88.14
2987 -22694.88 -72541.25 1603.70 181.58
2988 137519.86 -81870.32 1606.28 561.24
2989 -266148.30 -54076.99 3245.12 138.55
2990 58369.93 -46259.43 3201.51 30.00
2991 -219907.05 -20864.15 3157.63 51.76
2992 93638.07 555.34 3274.97 178.10
2993 -167886.42 52779.78 3360.44 275.64
2994 -53480.64 66080.69 3496.34 71.13
2995 -215879.73 -82557.78 3449.92 160.68
2996 245656.75 -49266.45 1958.85 50.57
2997 145661.38 189963.21 4074.15 745.11
2998 269604.64 -60163.19 1622.40 219.83
2999 -91891.03 202843.63 4026.83 853.40
3000 116676.20 170790.07 4004.83 132.43
3001 -119421.58 -40229.92 3705.17 638.90
3002 -76218.03 14845.26 3330.13 214.19
3003 120956.44 241269.09 3200.08 30.00
3004 -184400.05 -167983.74 1712.02 556.32
3005 -213908.83 181439.33 3565.96 69.76
3006 217347.49 25882.14 3779.14 490.30
3007 -253608.63 124606.00 4004.90 114.94
3008 261847.00 -108096.50 1071.87 88.40
3009 -116786.35 -165860.33 950.36 51.26
3010 121436.90 -149328.55 944.10 313.58
3011 2111.01 61959.62 3154.36 55.53
3012 253899.29 143992.00 3630.16 541.34
3013 31209.14 -37010.52 3551.05 224.70
3014 -68503.01 -56806.59 2972.78 106.37
3015 136777.06 253099.95 3907.50 215.19
3016 6250.14 174896.30 3356.09 143.29
3017 112086.21 73857.23 2991.26 145.60
3018 -34065.84 -9431.29 3008.88 30.00
3019 -68135.10 -2618.33 2850.68 30.00
3020 259220.01 -42205.31 2302.48 82.01
3021 -46332.82 174155.93 3442.18 251.37
3022 241438.56 234708.78 4341.44 149.44
3023 -132703.90 133960.89 3701.50 221.73
3024 52999.43 242143.40 3412.08 78.55
3025 -70892.55 141755.78 3058.76 68.66
3026 -139511.12 37549.26 3209.81 134.76
3027 -87259.53 -84321.60 1352.86 77.02
3028 -105314.35 -164339.27 993.11 100.65
3029 -35422.78 136457.51 3486.35 159.51
3030 -9471.23 92705.98 3147.87 94.60
3031 -209313.70 193293.13 3433.10 100.96
3032 7693.63 -21712.47 2078.41 69.59
3033 -237970.35 -83923.45 2582.12 129.42
3034 119909.22 163410.04 3599.60 125.05
3035 -155914.96 26208.10 3561.41 346.47
3036 -240778.66 58771.38 3538.71 68.01
3037 -158659.70 -109752.08 1750.20 301.55
3038 201255.96 241463.66 3845.97 76.80
3039 -15559.90 159644.12 3407.74 103.29
3040 -160034.16 92112.97 3959.38 143.56
3041 -54321.21 -51226.41 2002.88 58.84
3042 -128924.45 151304.64 3333.60 101.10
3043 77622.27 -49344.28 3057.76 67.41
3044 -102226.95 23546.45 3576.04 896.62
3045 -76760.71 18670.98 2990.87 89.49
3046 212901.77 81521.96 3505.76 66.75
3047 -257389.38 -86622.87 2935.19 97.09
3048 -96789.93 -77448.43 2149.57 73.95
3049 -262249.94 -50838.66 3343.75 80.62
3050 -185780.84 -74205.92 3015.89 30.00
3051 85764.80 -134912.75 907.11 77.93
3052 61694.50 65258.63 3134.10 85.62
3053 -198466.80 231826.65 4053.24 810.85
3054 39964.29 6632.36 3719.61 778.36
3055 180930.63 255287.15 4034.65 82.42
3056 6984.56 41522.19 3722.46 757.89
3057 -214475.40 234618.62 3274.21 51.47
3058 -260559.94 242039.18 3898.42 242.56
3059 133374.84 209030.93 3986.32 578.66
3060 187523.08 140712.21 4099.41 670.83
3061 131754.15 35331.42 3586.47 373.27
3062 -112926.43 2505.92 3034.73 30.00
3063 -188154.20 -75485.40 3499.30 161.96
3064 -148884.63 -74590.63 3638.66 566.89
3065 134526.62 -64802.76 1765.06 83.89
3066 235047.64 200736.21 3895.71 123.58
3067 -211613.55 143717.74 3883.29 1008.22
3068 -258812.71 36914.32 3213.29 30.00
3069 198989.64 259304.67 3474.62 52.55
3070 82543.82 -46181.38 3173.47 128.75
3071 -141931.95 -72631.77 3081.37 53.33
3072 -42980.41 -43852.00 2506.53 30.00
3073 -207792.28 -59477.82 3701.86 121.12
3074 -144124.68 -41030.17 3312.61 250.73
3075 209213.56 -111617.10 1186.31 34.05
3076 43572.54 -99129.08 1720.23 77.53
3077 -260101.59 -185311.18 735.53 85.62
3078 -23435.55 -55733.06 1964.21 135.71
3079 -162366.11 -109143.09 2233.85 88.91
3080 -209696.45 -148433.29 1035.80 30.00
3081 2087.74 112615.77 3459.93 103.99
3082 63887.14 122425.63 3860.48 516.04
3083 5199.61 -66123.17 2240.81 134.73
3084 253173.75 263205.19 4779.64 1216.31
3085 -182320.12 268167.41 3809.59 136.21
3086 -163679.05 -105612.99 2203.55 81.45
3087 160547.25 235983.73 4093.69 396.09
3088 -230955.71 -149402.13 902.99 60.46
3089 -222423.20 41189.57 3679.59 170.73
3090 209478.28 42196.99 3276.39 226.77
3091 -241574.05 -165646.88 1214.98 76.43
3092 -178786.08 3788.33 3305.52 30.00
3093 -264194.87 165283.41 3578.46 134.74
3094 156731.41 -100958.17 1248.58 101.03
3095 -4278.81 -41722.01 1727.99 73.10
3096 77771.56 54005.69 3111.93 109.94
3097 -221377.57 79904.76 4221.03 808.97
3098 -264865.50 76250.66 3699.25 397.44
3099 8006.78 -32771.10 2267.41 75.45
3100 60760.78 146749.63 3736.26 333.43
3101 -249287.31 258561.43 3284.48 101.04
3102 -136035.64 36400.45 3376.87 142.88
3103 147002.49 499.91 3403.29 109.00
3104 -127881.52 85838.61 3482.27 192.31
3105 86914.15 -43399.56 3662.61 296.80
3106 -135279.97 227062.91 3914.97 723.38
3107 -185905.85 119566.11 3660.47 76.62
3108 174097.34 -173894.03 482.34 115.12
3109 133377.34 -71966.56 1313.72 108.97
3110 3552.51 235659.93 3724.70 555.33
3111 16579.16 142805.35 3663.59 187.11
3112 -241934.56 -84267.94 3299.26 70.61
3113 -224142.29 232984.57 3508.65 153.84
3114 -195283.11 64145.32 3781.03 134.89
3115 -261433.04 148502.50 3766.88 188.35
3116 -73035.65 137926.94 3462.12 150.23
3117 88296.33 -91323.76 1760.78 30.00
3118 201890.61 -127504.52 1419.53 81.97
3119 -258467.78 -172303.76 1023.31 81.64
3120 -209625.26 -67955.82 3424.51 346.93
3121 -26372.38 -243172.14 482.44 84.35
3122 -221050.64 -17723.48 3469.09 270.67
3123 35776.89 31625.88 3775.96 1028.85
3124 -22640.89 101860.83 3149.54 95.54
3125 151632.53 -152565.11 965.74 46.67
3126 -59306.82 189229.05 3572.16 225.96
3127 212112.16 33660.12 3398.59 91.18
3128 32805.77 -39153.23 3133.09 21.34
3129 -169137.99 11264.86 3056.49 108.97
3130 -66330.76 140440.30 3874.73 823.68
3131 152446.33 258291.32 3712.97 96.56
3132 153632.01 78473.44 3570.90 339.83
3133 190552.72 215285.59 3947.14 379.53
3134 28643.23 51468.48 3327.85 147.11
3135 156243.89 229804.47 3423.93 88.04
3136 -228669.11 -153165.87 1482.92 78.81
3137 167690.10 148666.47 3793.56 74.57
3138 -15041.07 73785.83 3432.02 109.01
3139 59704.86 117050.22 4185.46 765.31
3140 -107361.17 26272.46 3265.63 142.83
3141 178709.14 -38176.91 3239.88 96.43
3142 141209.29 -145031.12 1083.41 50.29
3143 153354.40 208814.76 3690.73 479.08
3144 -51080.66 48055.61 3539.77 131.78
3145 -61385.47 220461.56 3281.43 114.16
3146 129906.50 -55490.76 3335.00 99.26
3147 63894.94 125153.93 3846.12 128.19
3148 230017.12 76235.32 3469.81 144.00
3149 -208829.46 177279.30 4203.18 1437.52
3150 137854.66 -48096.14 3775.77 757.44
3151 -170214.16 261065.89 3711.19 30.00
3152 7827.48 265820.21 3374.32 373.43
3153 -203009.17 238176.96 3481.05 140.85
3154 -131883.31 -60189.46 3266.69 30.00
3155 83374.85 -44425.77 3714.41 757.61
3156 -154939.73 64478.90 3463.08 30.00
3157 -263984.10 142353.06 3797.44 228.53
3158 141841.85 -61402.84 2428.61 30.00
3159 179144.23 49769.73 3564.71 114.37
3160 239804.78 -134272.11 468.82 66.11
3161 -207585.22 221723.95 3719.62 99.73
3162 -13953.61 93382.39 3100.10 110.77
3163 10517.59 122375.38 3881.61 138.66
3164 -59820.28 75318.80 3739.79 1021.65
3165 166561.47 103917.09 4565.04 2751.15
3166 -7329.37 -13480.64 3015.69 61.23
3167 238127.88 206418.62 3665.51 120.82
3168 195511.66 219541.87 3710.69 140.70
3169 -144254.01 -100304.17 2383.35 112.86
3170 -248041.55 133877.74 3878.38 424.84
3171 -249125.34 -158917.84 1734.17 77.53
3172 92960.92 232779.12 3721.26 133.29
3173 -265671.77 -74955.06 3524.09 52.46
3174 -4349.88 197105.39 4105.78 509.04
3175 -142523.31 33607.36 3771.30 660.91
3176 157214.60 -872.76 3571.71 125.14
3177 -189750.75 84918.91 4050.22 30.00
3178 -22831.03 -28156.60 3422.28 63.28
3179 214799.70 191572.28 3404.47 63.48
3180 -106504.79 -76097.85 3066.45 434.21
3181 -35400.33 -138517.42 1162.83 370.21
3182 -120470.42 -195.98 3425.57 650.23
3183 -92115.63 15374.47 3119.98 76.35
3184 15541.92 -105526.26 1819.78 232.80
3185 179678.25 235103.39 3714.74 33.96
3186 -246038.67 118336.47 3727.24 277.02
3187 95102.83 135081.02 3422.96 158.40
3188 -93016.10 152851.57 3351.96 103.14
3189 38255.06 40902.15 3151.84 77.18
3190 -114151.67 -74277.67 3332.93 573.89
3191 97495.78 264735.27 3944.32 249.67
3192 -191980.76 89668.52 3443.93 30.00
3193 -57410.58 163637.42 3609.27 170.30
3194 162796.31 -61295.51 3594.33 170.21
3195 -253820.26 249692.75 4395.21 1004.07
3196 163019.65 -155662.44 412.59 50.14
3197 -169775.47 -100361.81 2273.05 53.29
3198 -223758.51 -4745.04 3695.53 628.25
3199 169888.37 238951.56 3775.17 151.75
3200 -89290.48 29691.85 3435.21 350.97
3201 -154668.15 -51156.49 3628.50 30.00
3202 166480.82 96089.65 4303.29 384.17
3203 11125.19 -78662.11 2024.57 712.91
3204 -194446.38 -102244.46 2289.85 108.28
3205 148409.45 -98259.18 1979.74 1070.23
3206 -134173.33 -64231.87 3788.09 803.90
3207 44103.44 62992.35 3242.48 79.73
3208 -171466.07 106716.55 4384.07 96.77
3209 128419.44 68580.44 3085.02 151.14
3210 216456.19 9159.65 3617.73 546.92
3211 -237317.33 -154764.11 1637.00 90.41
3212 -60872.73 -74909.47 1683.82 847.79
3213 -167982.27 95861.88 4575.76 1240.47
3214 -40119.67 156687.95 3725.95 189.67
3215 -244853.08 227873.09 3667.22 125.36
3216 -73638.71 18465.76 3193.76 96.12
3217 -268776.90 148728.54 3576.59 125.02
3218 94894.65 103999.40 3616.10 277.32
3219 -65805.73 147965.06 3828.82 144.71
3220 77115.85 239059.24 3468.83 92.99
3221 13440.04 -7692.93 2297.34 246.69
3222 -82506.89 -88034.15 1724.86 66.81
3223 162859.87 240478.30 3736.83 30.00
3224 6816.20 190975.79 3670.47 157.40
3225 39668.71 37677.32 3272.98 127.59
3226 -190560.08 137442.77 3570.68 153.01
3227 -64555.71 206205.28 3634.24 64.70
3228 256270.20 -92712.57 1405.79 492.03
3229 43135.00 59696.62 3324.05 146.01
3230 185588.60 76709.24 3774.43 203.58
3231 72250.38 -84142.31 1629.76 199.19
3232 -1987.37 149274.58 3699.00 114.79
3233 -207093.19 176705.27 3215.33 47.74
3234 -266683.86 249996.61 3870.25 263.12
3235 229178.45 69507.96 3507.68 53.58
3236 209193.77 72566.82 3524.65 239.27
3237 196933.36 -130745.85 1961.32 1046.69
3238 -16503.23 106386.95 3667.72 102.46
3239 -52670.82 23392.78 3348.51 381.38
3240 10442.20 -42909.01 3314.15 102.68
3241 -243059.34 -59809.37 2900.66 97.02
3242 161082.61 98729.71 3940.64 88.32
3243 165762.68 109204.98 4291.01 432.81
3244 -7537.11 114857.52 4251.95 1149.14
3245 56450.73 41670.78 3160.70 127.00
3246 -51402.29 -51560.74 2078.30 78.89
3247 219161.22 223070.16 3551.94 30.00
3248 26220.81 60104.61 3426.50 207.41
3249 -70471.87 156043.66 3648.76 40.04
3250 32443.74 244137.63 3612.40 273.47
3251 -195244.70 170968.53 3485.52 139.39
3252 93091.19 -135251.74 792.08 52.94
3253 -17625.95 -74392.25 1296.29 70.64
3254 -117091.80 -68039.49 3256.22 94.67
3255 -220495.47 -112733.07 1290.72 30.00
3256 97388.04 13002.01 3195.91 124.53
3257 134408.71 -29335.57 3176.32 187.08
3258 -39779.99 14385.55 3545.74 95.39
3259 231982.81 193411.66 3745.41 248.85
3260 -174769.89 105422.27 4398.60 869.88
3261 -3545.83 205536.28 3587.25 309.57
3262 -61561.57 187354.64 3457.10 79.81
3263 267934.34 -132602.46 901.87 460.35
3264 -24854.09 -127872.57 1494.04 922.35
3265 -165240.51 -104673.85 2211.50 109.15
3266 -132164.24 32561.79 3553.66 75.83
3267 -60504.72 223953.66 3646.57 590.50
3268 -51612.64 67680.11 3015.77 117.79
3269 102172.56 -43795.96 3275.07 121.39
3270 -71801.48 29633.04 3145.35 145.13
3271 12088.57 117698.70 3703.34 124.89
3272 -70694.20 194573.35 4386.62 1453.10
3273 91503.80 -257713.97 611.42 270.36
3274 203658.61 154649.32 3605.87 100.49
3275 -241071.81 -51936.48 3256.03 227.58
3276 185678.53 -9204.66 3772.05 347.78
3277 -45368.86 27996.81 3029.97 44.72
3278 89300.26 46347.24 3605.31 339.47
3279 256808.94 81017.08 3311.09 389.23
3280 11136.29 184244.00 3254.03 152.27
3281 -250352.48 71851.39 3805.58 217.04
3282 267489.82 91394.74 3498.40 559.10
3283 152552.62 225640.93 3545.09 230.63
3284 15960.23 83331.40 3762.25 74.67
3285 74289.05 -57256.06 2473.48 95.36
3286 -141452.60 79741.93 3326.15 163.56
3287 218988.56 28376.64 3205.06 31.76
3288 -105524.55 -77302.80 2897.55 74.67
3289 -32184.94 -36454.04 3510.78 193.52
3290 -160535.03 25286.17 3219.61 126.78
3291 101257.21 120570.83 3103.58 59.59
3292 55630.72 203214.72 3689.70 545.26
3293 -214488.71 268755.30 3085.02 147.91
3294 45902.78 -62487.20 3357.59 289.82
3295 115726.29 -78408.89 938.11 78.14
3296 -143382.37 -53997.20 3436.25 331.45
3297 -242186.23 -71091.91 2985.18 30.00
3298 -186492.12 251661.86 4054.99 106.95
3299 -259094.94 -52670.33 3613.22 150.96
3300 68784.43 9082.62 3574.53 380.71
3301 170011.57 -10642.44 3268.84 160.07
3302 -117928.59 -169803.96 703.60 42.35
3303 128930.80 189748.11 3785.98 188.20
3304 207817.28 267900.13 4719.93 1383.48
3305 -53824.94 -265873.72 692.78 276.37
3306 241636.87 -38329.62 3422.55 1125.85
3307 -67039.74 -257924.10 700.98 78.24
3308 31617.57 -50505.99 3302.65 73.94
3309 -187350.93 232880.46 3289.36 134.27
3310 61571.66 -65003.68 1584.58 50.10
3311 208953.50 228059.73 3978.80 126.11
3312 163208.18 -154326.11 816.70 71.45
3313 -192838.86 83296.78 4273.42 84.21
3314 223943.52 27156.03 3418.13 336.87
3315 -210812.88 -151362.88 2142.64 905.78
3316 162055.59 -63696.12 2975.18 122.19
3317 226018.04 -132826.01 1250.13 211.87
3318 269975.30 -104278.42 1434.56 189.18
3319 -213962.77 142246.45 3667.79 131.01
3320 -225783.24 -4839.57 3585.91 91.24
3321 -107334.52 -79193.61 2800.78 228.34
3322 81428.29 5200.37 3441.41 120.63
3323 175250.82 258525.54 3879.67 30.00
3324 157042.23 215791.32 3758.01 77.46
3325 -254914.66 201610.67 3609.54 50.52
3326 -179401.37 154307.43 3068.03 114.39
3327 -54754.08 76541.89 3123.38 86.80
3328 31634.18 -122670.96 1172.65 110.77
3329 219789.01 10703.60 3540.17 323.34
3330 210196.67 21258.90 3339.52 30.00
3331 -981.14 198242.84 3598.18 149.35
3332 89697.80 -34180.80 3446.66 32.72
3333 229183.85 137099.76 4011.91 632.33
3334 -260235.35 40749.02 3851.67 933.15
3335 -182421.64 195716.67 3596.06 134.66
3336 44708.06 101553.63 3359.90 61.78
3337 -230937.37 32493.45 3777.85 110.26
3338 -161571.30 27362.66 3751.17 182.98
3339 135648.58 176190.72 3854.56 72.93
3340 99622.10 -5077.15 3265.85 300.75
3341 -44044.68 122819.59 3655.59 220.70
3342 -209757.07 104923.47 4672.56 2065.33
3343 71230.33 228015.67 3907.90 377.81
3344 260432.06 -40059.49 3477.09 1198.70
3345 152277.39 12310.66 2974.57 194.36
3346 70821.76 160533.58 3694.74 119.21
3347 -241252.41 -52925.95 3104.77 70.85
3348 -87257.41 -149796.82 901.61 43.23
3349 -147689.75 35032.62 3492.69 231.45
3350 137939.91 239248.25 3846.39 169.22
3351 -47468.63 147782.89 3180.20 77.01
3352 -203887.05 -72677.92 3343.22 76.95
3353 76704.79 44943.31 3658.45 872.14
3354 39681.72 238456.13 3069.84 132.58
3355 246722.77 -48131.73 2133.19 91.24
3356 263726.87 74018.69 2917.47 198.89
3357 -79183.87 108750.46 4079.14 862.86
3358 -256264.60 134750.83 3536.00 30.00
3359 -192002.73 39521.67 3555.13 197.27
3360 171689.34 -35065.68 3354.71 58.23
3361 -207119.29 225717.84 3787.80 82.31
3362 17635.62 -43580.01 3039.19 53.58
3363 90597.34 -39212.80 3136.76 155.20
3364 266674.50 -48334.23 1720.45 127.65
3365 144713.13 -61018.20 2720.78 77.66
3366 -922.35 -41163.69 2345.07 199.68
3367 -209439.25 -176627.39 574.36 87.36
3368 -236327.75 41167.75 3376.35 136.94
3369 216223.19 15029.90 3370.01 62.79
3370 -242117.23 97681.15 3794.18 77.54
3371 204748.59 218415.96 3663.01 134.15
3372 -211438.38 264786.95 4017.27 948.56
3373 185536.70 -15159.57 3402.97 248.14
3374 -15097.38 32422.49 3617.57 552.85
3375 -98399.24 -155775.28 944.63 72.53
3376 -14456.67 -35739.44 3164.30 120.78
3377 54016.65 -66239.25 1740.31 58.23
3378 50000.52 13008.76 3394.15 86.08
3379 265116.60 249448.95 3685.62 139.20
3380 163489.27 234563.16 3889.80 123.14
3381 80752.44 -85862.64 1810.21 81.67
3382 33788.56 169860.99 3348.60 50.04
3383 55320.90 -120360.53 1414.77 70.11
3384 -263261.90 238817.11 3856.82 194.72
3385 28234.88 60565.64 3298.62 33.12
3386 85970.71 -89759.33 1265.45 54.06
3387 -222875.86 156121.08 3529.18 580.95
3388 123791.71 232254.48 4043.03 247.52
3389 102577.45 49975.93 3750.36 632.90
3390 -20095.56 -36813.39 3096.55 60.50
3391 1724.53 201019.90 3356.88 47.70
3392 15264.13 149090.51 3873.00 543.74
3393 -76606.60 244990.52 3404.16 112.79
3394 257247.83 -107115.90 1159.95 67.28
3395 50838.13 203161.66 3458.53 159.63
3396 98199.57 -45882.78 3718.35 846.18
3397 255114.10 197399.46 3710.79 69.71
3398 196716.71 31604.80 3041.05 133.25
3399 -245931.29 -176566.78 986.75 64.36
3400 35973.81 -60434.66 3387.43 86.08
3401 -164082.14 123274.84 3496.49 135.39
3402 -88500.89 166390.76 3368.68 104.14
3403 160967.38 73825.77 3622.29 608.55
3404 19054.81 -86833.06 1560.81 100.90
3405 -78957.32 -154508.35 505.88 99.35
3406 158588.77 -154762.55 684.64 62.53
3407 84945.75 -82554.02 2101.23 524.25
3408 93689.54 218900.03 3214.01 30.00
3409 247166.49 269798.12 4555.04 406.28
3410 115212.34 235013.82 3802.51 152.71
3411 37104.59 -471.17 3264.08 304.07
3412 -26996.41 -144075.81 636.79 38.44
3413 80862.22 138338.89 3539.67 345.77
3414 72763.17 -137777.19 648.42 38.16
3415 248166.36 181398.90 3654.62 124.57
3416 -155925.91 -173573.17 996.09 275.50
3417 123397.91 248151.53 3868.40 95.68
3418 41707.66 15100.28 3124.01 66.14
3419 250854.43 201738.72 3626.12 30.00
3420 251042.90 -40077.92 2688.11 63.66
3421 134617.99 41837.36 3432.49 82.25
3422 42582.12 37828.14 3295.71 257.74
3423 -71002.19 19722.90 3607.16 708.49
3424 36548.71 115545.71 3442.66 30.00
3425 -202228.23 259704.30 3536.55 62.50
3426 112730.42 -7316.62 3104.15 143.31
3427 13739.24 45440.26 2781.98 101.99
3428 7002.27 44274.36 3471.42 85.24
3429 -141583.55 -181828.64 316.10 61.89
3430 -210918.21 -156728.28 1266.22 59.53
3431 -108295.30 -73023.53 2865.66 88.49
3432 63695.82 59476.00 3208.76 279.66
3433 -116018.13 -96535.32 1438.77 123.56
3434 -198619.53 -62597.77 3580.51 76.60
3435 212994.00 241767.59 3887.44 77.73
3436 -261233.88 131891.29 3691.00 101.93
3437 -97016.12 -46394.55 2868.55 76.95
3438 191668.87 218670.95 3639.43 30.00
3439 29375.63 35115.60 3475.45 109.12
3440 92172.90 -136495.29 870.59 77.33
3441 -135746.21 -175507.20 865.77 94.36
3442 114110.54 -2788.94 3038.00 30.00
3443 -158939.88 91623.31 3241.81 91.72
3444 43556.80 -62539.82 3144.68 41.13
3445 199888.36 259255.62 3586.52 184.93
3446 212407.93 -138938.12 687.40 54.59
3447 -117299.28 -170938.32 792.23 148.38
3448 -79036.76 1225.97 3221.52 229.46
3449 250923.99 -51353.19 1674.93 30.00
3450 113545.16 -30671.48 3459.04 85.80
3451 -189063.71 36209.12 3757.06 110.30
3452 42018.31 62208.33 3633.90 103.21
3453 -107197.90 -82984.02 2206.46 210.91
3454 -120914.15 -171283.02 780.35 40.12
3455 -29186.44 16488.45 2970.38 59.81
3456 156322.40 -20417.36 3260.07 130.39
3457 -221722.48 263386.59 4051.20 241.88
3458 26867.27 -84067.78 1581.89 55.04
3459 252233.28 257367.97 3638.77 31.29
3460 -167542.14 180254.75 3614.89 233.03
3461 34878.41 19118.29 3525.27 201.80
3462 -92814.45 -36198.88 2877.60 114.06
3463 158007.67 266667.54 3774.75 98.76
3464 100548.64 -5128.90 2897.60 87.65
3465 -194513.22 121960.62 3649.77 31.22
3466 145169.44 259013.62 3784.76 243.51
3467 -13531.06 97850.83 3404.80 75.19
3468 -7638.88 44141.41 3098.93 30.00
3469 68684.90 3640.47 3478.54 122.63
3470 -131190.29 -25087.38 3296.67 30.00
3471 72579.16 54991.13 2869.83 50.49
3472 29514.24 32947.36 2724.07 69.87
3473 -19392.24 17284.51 3833.79 263.17
3474 145173.15 -60376.62 2910.32 97.74
3475 -178538.39 93818.12 3539.45 54.40
3476 254253.47 260613.05 4168.89 134.49
3477 -151892.34 -36529.77 3653.97 66.69
3478 -130024.24 -69638.18 2967.18 137.87
3479 -241088.19 116651.38 3697.98 234.25
3480 62212.41 252652.91 3511.73 218.13
3481 244387.11 -79518.50 1496.50 74.70
3482 -264635.37 190967.58 3534.18 59.82
3483 -43388.87 168700.99 3541.09 113.12
3484 123530.54 231066.56 3139.51 88.14
3485 113377.42 -10818.56 3428.20 88.10
3486 -251653.90 -108413.34 1417.21 97.08
3487 154428.12 -159935.89 318.00 72.02
3488 -204039.41 -174597.49 749.82 63.77
3489 204217.49 -142023.50 771.87 19.37
3490 -76407.98 5620.89 3117.52 121.25
3491 85730.45 -141765.66 530.60 116.02
3492 58549.08 69763.95 2712.74 75.47
3493 38465.32 116202.09 3961.35 400.76
3494 -176368.60 -122646.30 1346.20 56.20
3495 226749.21 -138300.17 305.56 30.00
3496 -23696.38 33057.42 3610.93 68.02
3497 -81167.17 15444.36 3108.23 64.93
3498 -184936.72 35120.28 3224.54 30.00
3499 250193.21 -130553.78 1057.17 81.44
3500 25706.93 -8462.09 2964.84 138.83
3501 -25067.29 32742.03 3118.70 15.10
3502 -157045.62 -106287.96 2378.02 95.61
3503 54031.70 124060.87 3612.14 30.00
3504 143726.41 -72879.64 1280.11 68.43
3505 -184294.17 -101058.88 2487.61 190.41
3506 234003.02 230076.52 3905.82 25.94
3507 -28946.04 34033.49 2921.93 63.52
3508 71382.69 259895.48 3905.41 99.78
3509 24039.52 -9544.83 2843.43 74.34
3510 -183144.30 207146.56 3426.31 30.00
3511 198892.10 -60618.77 2334.92 108.31
3512 -164224.99 -107436.46 1725.25 45.93
3513 1401.68 235959.65 3563.33 83.28
3514 132186.20 28975.30 3278.26 30.00
3515 -244122.20 -84983.24 2712.55 146.06
3516 171119.63 261136.89 3774.93 136.47
3517 -268621.22 124230.96 3650.27 31.71
3518 -132950.66 -62178.18 2849.57 75.90
3519 178032.73 165146.60 3489.90 30.00
3520 158251.64 232985.58 3984.23 366.54
3521 98226.78 206099.19 3508.25 94.00
3522 65929.80 51633.56 3084.00 95.42
3523 -55798.72 67137.48 3552.83 91.00
3524 -87746.49 16711.41 2788.06 67.33
3525 246964.28 -40248.75 2281.91 116.45
3526 -116629.41 -165883.74 1015.84 76.04
3527 161547.53 -15993.58 3130.75 37.63
3528 -110849.46 14026.59 2803.84 74.74
3529 -12501.20 56219.65 3148.75 30.00
3530 61558.27 230284.27 3654.00 30.00
3531 -107396.11 -73947.03 2933.41 71.02
3532 -36433.03 -16958.50 3672.69 142.52
3533 -139111.69 -183317.62 522.74 60.31
3534 65390.19 -59242.01 2118.13 30.00
3535 -204133.06 233675.33 3254.34 137.69
3536 -266009.91 99662.02 3573.27 41.53
3537 -205043.87 217677.89 3173.88 148.54
3538 -54583.91 47169.97 2962.63 118.19
3539 203213.07 -12264.07 3162.72 30.00
3540 189028.99 140691.07 3725.45 95.90
3541 69893.39 170184.41 3416.60 165.68
3542 -64149.77 226807.17 3361.59 30.00
3543 65570.85 -104722.96 1640.65 64.17
3544 70695.10 176999.79 3483.48 88.12
3545 -59068.60 65209.21 3291.11 41.33
3546 -65649.55 144289.08 3796.98 96.16
3547 28933.85 244029.92 3492.87 68.61
3548 -45501.92 12303.42 3023.58 30.00
3549 4757.32 134754.56 3744.14 222.40
3550 -79195.98 23179.71 3347.09 457.09
3551 -162761.17 52491.14 3633.52 104.66
3552 -249225.44 51095.52 3418.12 155.08
3553 48818.83 -19223.11 2914.56 30.00
3554 -67583.92 11809.22 3221.40 91.12
3555 -264739.45 -72172.59 3251.06 78.08
3556 45874.46 77156.17 3459.05 67.98
3557 -119087.95 -173440.05 935.23 206.06
3558 3415.50 253975.38 3773.11 143.41
3559 -84296.74 36038.31 2883.71 116.91
3560 -145153.31 92490.43 3626.31 111.08
3561 -231689.10 -173933.77 1092.70 63.39
3562 4246.30 162740.36 3382.43 78.53
3563 112530.64 84895.65 3279.68 30.00
3564 -74118.97 -254397.05 351.72 30.00
3565 -147984.38 34668.33 3162.39 31.69
3566 -53574.30 168511.01 3528.52 92.34
3567 -213183.03 -176854.48 372.83 56.17
3568 25581.86 47172.15 3060.05 127.35
3569 -267555.62 100426.18 3970.14 66.90
3570 70688.31 57148.97 3505.49 92.34
3571 -245502.73 -65551.85 3024.68 122.54
3572 -173329.66 11943.51 3859.32 162.13
3573 145045.70 63769.28 3289.59 149.03
3574 100033.33 252768.06 3842.81 95.18
3575 70249.40 224701.09 3732.86 116.35
3576 -234390.44 74866.75 3544.62 87.28
3577 -85881.80 9658.36 2667.92 119.62
3578 106702.35 215129.34 3506.64 31.90
3579 -186646.22 -75905.11 3078.53 30.00
3580 160001.02 -61478.91 2934.07 141.05
3581 260683.30 -70420.46 1340.18 195.94
3582 -95431.41 -18935.09 2985.03 32.29
3583 -28869.48 -35211.20 3504.10 124.57
3584 31526.45 62857.83 3698.22 104.99
3585 48372.22 -46359.55 3619.33 148.77
3586 -233100.66 47006.76 3485.10 104.90
3587 -197772.76 76556.96 3773.10 39.45
3588 213478.60 189836.96 3510.07 190.39
3589 -188999.34 -69283.77 3900.50 127.46
3590 -51412.55 -52553.23 1873.14 82.82
3591 219218.31 -145510.03 579.66 71.69
3592 -239501.43 -169552.07 1290.33 30.00
3593 -3416.82 183017.23 3568.65 155.43
3594 209846.83 -131512.42 1125.53 98.40
3595 40174.31 7071.82 3412.24 71.53
3596 2085.46 135852.57 3606.81 78.30
3597 88552.63 -92594.86 1858.00 93.53
3598 -127024.22 -72794.60 3543.55 692.06
3599 -25698.31 5224.06 3450.05 41.32
3600 -177181.28 19704.04 3543.23 127.25
3601 198334.51 -57040.74 2872.47 98.62
3602 -242011.15 -180440.35 745.81 72.47
3603 -204713.06 23001.99 3220.10 109.29
3604 212989.50 225701.83 3715.43 309.14
3605 28610.40 -52074.60 3272.36 132.49
3606 184406.58 81222.96 3655.42 83.72
3607 247906.74 -54601.95 1209.46 38.41
3608 81327.83 256724.39 4162.96 73.67
3609 150533.95 232894.18 3615.40 78.07
3610 101359.23 201960.22 3364.34 81.06
3611 25472.53 236738.58 3488.59 30.00
3612 103754.73 269285.60 3779.60 345.68
3613 -162108.98 263674.10 3462.08 21.12
3614 -183619.03 8656.95 3429.86 136.47
3615 234360.67 220702.75 4049.53 146.28
3616 -154555.38 -177035.51 714.14 63.66
3617 219271.15 35039.88 3503.40 117.16
3618 -183335.27 84735.23 3571.65 150.05
3619 -259642.91 -56565.27 3447.60 129.20
3620 -195973.27 -177787.03 900.56 83.87
3621 -107174.18 216175.70 3726.15 393.08
3622 170078.34 97283.87 3977.10 15.83
3623 40233.94 9273.94 3509.25 168.97
3624 100381.62 204681.57 3658.96 455.17
3625 102295.07 217781.17 3996.99 549.08
3626 -129347.00 -78145.44 3147.26 30.66
3627 143847.61 -148274.53 630.23 81.24
3628 -213064.50 104844.98 3826.42 428.01
3629 -81204.32 -19127.95 3419.53 112.98
3630 -251011.79 53242.90 3322.49 118.39
3631 -251522.74 125174.20 3630.97 75.24
3632 -161094.45 210099.99 3212.75 30.00
3633 219407.74 -138876.12 578.28 68.67
3634 77509.76 -138007.58 860.80 41.22
3635 215795.88 109105.96 2939.90 78.07
3636 159283.66 92135.93 3637.95 81.04
3637 77955.78 269670.29 3862.50 43.11
3638 -34634.53 6578.11 2961.61 61.23
3639 -195538.82 128174.50 3837.01 95.47
3640 14694.43 -10276.18 2245.95 109.97
3641 64755.90 46900.35 3371.34 139.99
3642 6821.68 38270.17 3132.43 142.84
3643 -88099.76 40959.60 3066.79 30.00
3644 103905.43 212124.71 3407.46 31.56
3645 -232842.98 17402.59 3368.20 143.80
3646 -141399.17 -90754.24 2761.11 97.47
3647 -17386.77 74960.57 3380.55 89.39
3648 230374.11 -126346.63 1346.98 74.43
3649 -124567.72 -61493.40 2929.43 55.18
3650 -186018.70 110693.98 4306.55 113.22
3651 -74644.99 -23684.19 3315.66 109.74
3652 -230690.96 263871.72 3880.83 31.99
3653 -101567.58 -5591.80 3303.82 58.62
3654 57775.41 256940.07 3834.77 143.21
3655 140290.82 -49597.63 3028.70 96.95
3656 207925.51 47481.13 3126.96 54.82
3657 206440.91 267601.07 4293.84 80.58
3658 -243787.66 -176013.29 982.23 126.89
3659 -107036.99 -77734.38 2625.14 50.02
3660 -128024.28 76992.81 3557.14 30.00
3661 -24390.19 72515.63 3027.71 30.00
3662 59834.05 39761.50 3315.41 104.57
3663 89447.02 -96564.68 2190.39 557.19
3664 -1613.27 -20844.68 2207.07 78.64
3665 -139141.08 -218721.50 409.52 78.57
3666 -20023.92 -89914.31 1492.35 78.67
3667 74650.84 -147229.34 414.16 89.94
3668 -228253.30 35615.03 3340.15 129.68
3669 215323.53 -144059.29 325.24 50.02
3670 49188.56 220034.76 3474.25 33.29
3671 -36518.58 -42492.25 2910.23 71.25
3672 -67081.61 3280.98 2959.65 78.57
3673 -100189.38 -53992.33 2808.60 143.80
3674 -840.37 166851.62 3687.21 89.95
3675 117981.22 63354.57 3452.38 209.32
3676 -212552.12 48495.51 3303.64 64.03
3677 57794.83 173314.32 3923.06 181.67
3678 69932.92 160894.63 3609.34 39.24
3679 72763.30 -138385.03 678.93 111.98
3680 -249732.19 54877.94 3186.25 57.75
3681 170899.06 -156614.21 490.68 115.43
3682 -175468.55 267823.42 3483.87 9.72
3683 -206785.13 22140.01 3523.08 74.60
3684 -222026.23 209603.11 3478.90 30.00
3685 -10833.84 61396.61 3137.11 96.04
3686 -81094.16 -2842.94 2942.58 69.27
3687 209919.23 -134277.65 1112.87 58.72
3688 177417.03 217838.02 3870.87 109.70
3689 132885.98 -150176.12 393.43 75.86
3690 -152097.92 -188777.62 207.35 54.04
3691 -12682.67 105545.57 3305.63 31.73
3692 131880.59 -145446.35 844.27 30.00
3693 31418.36 -43530.30 3054.76 97.96
3694 -146165.19 -102535.06 2300.41 43.95
3695 -109110.61 -77156.87 2860.60 119.03
3696 12839.09 88773.99 3595.65 91.30
3697 -133696.84 -87185.20 2853.89 117.53
3698 -243074.63 253214.03 3543.55 63.88
3699 -237828.02 -69306.81 3445.11 102.85
3700 47578.90 14127.77 3413.89 123.59
3701 -48836.84 57965.78 2789.12 129.84
3702 -74002.81 -255929.76 803.37 510.97
3703 251070.97 263191.45 3762.15 90.73
3704 116781.11 -8263.15 3303.41 134.29
3705 136329.94 127575.59 3613.61 143.88
3706 113960.83 117490.06 3505.52 71.77
3707 260698.80 -44587.41 1889.48 98.03
3708 -131667.06 -19113.79 3178.67 104.21
3709 -184748.40 33122.53 3722.86 455.59
3710 248793.34 252679.67 3307.15 175.69
3711 -251508.65 -108898.83 1875.95 586.46
3712 -248472.22 41834.77 3527.85 99.77
3713 -251340.11 98281.00 3613.58 166.60
3714 -194823.71 33381.25 3557.13 30.00
3715 260408.67 -104943.39 1016.14 101.68
3716 -207287.00 -89972.12 2729.81 49.90
3717 57658.46 -46520.28 3377.33 106.12
3718 161257.12 -154826.22 676.78 46.99
3719 -136126.56 -51500.05 3239.29 133.23
3720 96304.39 245470.04 4012.01 143.41
3721 122721.60 267975.65 3589.46 188.75
3722 -260453.59 144620.94 3665.85 69.19
3723 -95493.34 -36964.13 2751.11 35.38
3724 -153135.46 56033.71 3578.80 30.00
3725 96308.43 139921.88 3733.86 188.73
3726 -235540.52 -175191.14 913.02 64.04
3727 -158062.02 263258.08 3714.49 282.42
3728 -7502.95 113193.84 3557.04 30.00
3729 27681.13 7775.25 3101.27 95.38
3730 -172411.43 267991.30 3878.05 95.25
3731 -253142.03 130387.28 4190.05 310.18
3732 -170689.64 66607.61 3475.79 101.69
3733 -121862.25 -157111.06 1096.22 74.75
3734 -158545.19 -105403.45 2706.65 87.54
3735 -75201.63 -121931.52 1157.66 67.29
3736 -147993.17 -220469.58 566.28 48.21
3737 -169103.19 259483.50 4037.39 381.78
3738 29124.59 -65067.07 2599.57 111.44
3739 -141073.57 -81335.88 3443.38 120.09
3740 188177.59 -61329.24 2373.13 94.22
3741 98862.58 250661.92 3479.59 55.01
3742 150251.26 99160.84 3503.65 56.90
3743 -185889.62 75677.27 3680.28 129.23
3744 -5914.29 41217.38 3577.35 102.94
3745 198285.39 -42277.63 3263.22 30.00
3746 123624.08 -38060.28 3604.78 82.72
3747 74008.57 53200.07 3320.95 366.68
3748 117772.19 31206.89 3026.21 90.05
3749 -175823.94 -136543.31 1562.17 47.33
3750 -253442.64 132994.00 3593.28 64.11
3751 -24256.83 95789.52 3197.44 80.63
3752 -150607.23 -75389.34 3427.90 138.55
3753 -73118.85 -60201.37 2707.38 210.16
3754 251218.11 189436.39 3590.20 129.01
3755 26058.25 -5109.33 3353.17 97.48
3756 196136.68 244507.77 4243.86 145.34
3757 61959.13 252443.87 3363.10 64.16
3758 88911.30 10809.44 3498.59 341.86
3759 -134097.93 140287.63 3551.17 105.30
3760 -211760.57 75267.10 3464.54 47.73
3761 81289.80 264984.79 3696.02 54.40
3762 -205066.68 -179913.75 590.40 144.95
3763 223359.03 -150412.30 585.94 90.84
3764 96851.42 250751.65 4077.12 239.71
3765 -23900.52 -6442.57 2979.68 118.06
3766 -66904.10 116294.67 2877.31 164.61
3767 -171711.62 -21065.06 3478.21 85.45
3768 57804.31 61567.70 3368.47 81.58
3769 -261854.27 139564.19 3652.85 65.69
3770 136287.33 -154559.23 508.57 106.58
3771 211844.00 215973.43 3420.37 146.08
3772 -75602.28 2800.11 3784.83 916.34
3773 -181767.41 137130.32 3472.10 30.00
3774 26198.40 -38280.10 3573.91 406.00
3775 -248221.61 -100642.83 1985.29 226.34
3776 174388.91 -34214.08 3537.27 60.27
3777 1732.47 168639.44 3238.81 69.86
3778 21913.75 233491.91 3572.99 54.25
3779 209875.49 257331.65 3583.21 48.78
3780 148319.54 -95153.14 1280.83 91.59
3781 69046.48 943.53 3319.28 103.18
3782 252810.39 100005.91 3383.33 126.95
3783 -247960.18 261079.45 4311.71 322.82
3784 -208969.64 -32290.42 3445.34 30.00
3785 208730.83 243212.28 3900.97 37.03
3786 23945.85 -41115.78 3416.83 113.66
3787 99890.58 -6381.32 2995.10 24.34
3788 559.56 -15907.03 2395.80 171.39
3789 -173217.87 7914.65 3847.66 696.99
3790 -154764.87 -111229.82 1279.43 139.42
3791 254596.86 140400.65 3475.89 122.01
3792 -5316.87 46099.18 3271.78 90.14
3793 -102630.58 177448.23 2886.22 32.43
3794 6216.97 -39508.00 1885.95 68.36
3795 -180729.30 -103146.79 1880.31 39.05
3796 43176.93 100081.16 3304.97 30.00
3797 4979.88 37352.10 2962.63 77.97
3798 192953.39 266480.13 4050.44 30.00
3799 -172119.91 76258.98 3542.15 109.06
3800 62262.47 -113685.57 1435.96 84.22
3801 256488.77 264547.67 3870.94 48.53
3802 -208198.50 49637.94 3254.67 103.46
3803 -4979.35 140895.61 3481.02 75.42
3804 -12579.26 -9148.75 3045.49 30.00
3805 224128.14 161978.95 3528.16 81.62
3806 256285.92 79166.77 3001.85 30.00
3807 -261838.43 133475.18 3266.85 58.09
3808 84281.93 -58591.36 1951.74 42.30
3809 28621.39 30928.85 2740.64 105.06
3810 -193920.43 -87630.65 3385.43 146.51
3811 -90065.08 38297.24 3394.22 405.06
3812 -107038.14 -68725.91 2834.06 108.82
3813 -226589.43 -154192.87 1351.21 82.13
3814 -22845.66 -89741.10 1297.35 75.05
3815 238689.22 243959.81 3153.38 100.08
3816 9231.49 43577.92 3032.88 58.03
3817 246818.62 260197.90 4274.70 160.36
3818 -72964.64 232656.74 3555.30 130.88
3819 -247525.59 258470.83 4073.67 53.10
3820 -84761.32 -35976.38 3169.71 61.10
3821 26393.25 12929.19 3101.70 66.96
3822 -16198.63 98989.03 3270.01 96.93
3823 31827.81 -73093.99 1381.17 106.87
3824 133577.21 -145966.27 1050.26 264.63
3825 -163422.51 149831.13 3420.58 145.48
3826 70130.51 127233.84 3767.69 773.11
3827 -21002.91 36634.15 3028.08 51.63
3828 -168211.05 182022.02 3411.86 27.52
3829 209788.94 -139734.04 978.48 66.07
3830 -250119.99 -64582.56 3110.09 71.95
3831 -265716.53 73829.30 3239.12 103.58
3832 226335.83 16116.07 3006.52 38.25
3833 154138.12 43424.32 2979.69 67.13
3834 -152311.34 92112.39 3622.18 93.40
3835 35824.21 114040.89 3749.43 358.70
3836 -147642.49 63181.84 3817.75 30.00
3837 149538.21 45311.47 3477.62 30.00
3838 128427.85 172563.21 3102.69 72.57
3839 -87943.31 15077.72 2855.24 122.68
3840 -194702.69 -185149.60 353.68 67.35
3841 -172405.28 -134018.84 1386.45 88.71
3842 198842.29 249939.21 3845.90 137.51
3843 202176.58 224974.62 3574.05 86.64
3844 -154794.77 262114.93 3121.68 67.12
3845 -166163.89 49086.88 3272.34 140.59
3846 -4249.48 38155.19 2910.57 88.71
3847 200934.87 249506.16 4355.98 92.87
3848 -87021.53 -85298.91 1084.16 63.76
3849 -60522.56 -140995.29 691.39 91.04
3850 159362.50 247616.29 3287.70 37.49
3851 -136471.46 -93167.53 2991.35 62.34
3852 -64114.08 -145255.01 487.82 66.44
3853 -204747.51 -41532.43 3440.15 30.00
3854 -266082.28 107275.49 3512.63 109.46
3855 155615.19 230911.93 3673.49 30.00
3856 239390.49 208715.05 3593.23 50.34
3857 265924.17 -75246.00 1233.47 79.88
3858 -254482.62 202127.41 3786.92 180.63
3859 -168434.76 -25876.02 3518.31 30.00
3860 -100965.74 5877.27 3392.39 599.98
3861 -241437.12 265578.17 3704.17 98.83
3862 168885.18 -157061.56 605.82 50.43
3863 -148806.72 250038.40 3455.99 122.11
3864 -72132.20 -14123.82 3157.55 145.60
3865 180193.06 263761.31 3857.45 30.00
3866 -87042.28 4929.81 3483.00 411.60
3867 -181271.52 35342.44 3332.23 30.00
3868 -221639.56 -6118.68 3571.55 80.67
3869 13125.58 41143.69 3496.64 178.30
3870 197068.32 78348.82 3576.21 90.63
3871 -234097.27 -7671.22 3580.97 435.38
3872 -236747.56 113698.52 3528.91 79.53
3873 150280.44 252243.29 3618.86 86.33
3874 -186202.63 40097.45 3529.53 111.38
3875 138178.75 -49983.68 3594.19 209.89
3876 -71061.39 8432.86 3033.17 129.64
3877 -123317.49 -173072.45 937.89 68.62
3878 116846.05 174819.60 3825.07 78.61
3879 145847.60 260352.82 3657.67 102.39
3880 240128.87 41992.65 3124.48 95.53
3881 -264239.25 126959.99 3947.00 85.68
3882 -153336.70 90985.95 4195.47 655.09
3883 197504.76 174399.25 3475.31 93.48
3884 -258445.96 -173042.31 1009.37 75.02
3885 -62416.23 195304.20 3396.48 31.83
3886 43891.74 231474.96 3348.80 48.37
3887 -190547.95 -183561.63 368.00 75.12
3888 189191.45 -54272.88 3419.42 86.08
3889 -66480.14 10700.46 3348.13 72.83
3890 143108.64 -144098.52 1281.10 250.98
3891 -85020.60 17890.87 3343.96 112.50
3892 223499.51 245782.61 3602.87 14.28
3893 15299.70 241734.40 3292.29 32.59
3894 -23178.21 -67551.16 1356.36 66.84
3895 -99167.61 -104097.88 1209.88 56.67
3896 75525.87 -78425.72 1314.34 96.26
3897 47724.20 243299.71 3671.13 362.72
3898 -58366.50 63974.49 2902.76 99.64
3899 -245436.59 263492.47 3355.37 58.43
3900 90272.97 -115365.83 1534.10 78.12
3901 180639.84 238397.34 3642.93 22.67
3902 142814.72 -151864.40 553.34 36.98
3903 -178825.68 -32424.95 3245.46 86.04
3904 53470.73 125396.08 4058.02 511.01
3905 127131.65 -137029.34 1135.68 43.98
3906 185525.02 81119.59 3434.84 98.76
3907 -67312.20 -253225.25 610.00 112.09
3908 -223794.20 245880.38 3686.92 115.81
3909 -210713.84 65486.04 3046.15 68.82
3910 6098.34 25076.86 3517.43 85.60
3911 55033.30 14139.33 3269.70 30.00
3912 110663.37 261614.69 3969.66 89.49
3913 -18056.04 96739.24 2748.33 68.35
3914 62988.98 -48014.81 3581.34 74.79
3915 -266545.10 192194.76 3422.11 31.75
3916 -253389.51 233955.29 3849.82 41.83
3917 -62042.42 7306.81 3516.01 85.86
3918 -4498.93 63671.92 3208.64 30.00
3919 249765.34 -50818.68 1990.33 366.29
3920 112565.35 258080.50 4354.93 756.61
3921 -45422.89 124074.09 3609.52 112.99
3922 240182.56 231753.92 3636.67 165.23
3923 -183905.99 19518.19 3677.44 54.04
3924 227736.12 -44893.29 2700.23 84.61
3925 -253512.88 -107916.50 1756.09 93.66
3926 -12160.46 59591.09 3931.25 1063.38
3927 -153621.22 -189807.28 334.18 62.84
3928 -23177.64 -74180.77 1461.03 62.00
3929 -179523.01 252941.29 3719.64 85.32
3930 -266667.95 195490.63 3572.61 40.12
3931 -96594.03 -79247.93 1906.13 104.04
3932 178413.02 -64288.70 3000.67 101.59
3933 71684.52 -53246.02 2919.45 84.09
3934 208097.97 256118.17 4301.61 788.54
3935 -197734.13 -79761.18 3642.34 61.98
3936 -226399.26 268957.32 3272.31 93.52
3937 -135741.46 -93260.12 3154.44 256.23
3938 -18760.76 67436.48 3114.53 28.84
3939 6473.64 126063.62 3530.06 55.67
3940 128827.07 -150178.98 367.40 30.00
3941 104704.12 220089.22 3539.98 64.20
3942 -214116.76 59368.13 3719.08 129.14
3943 -219131.32 73176.19 3864.52 92.08
3944 -140853.56 -217494.23 243.19 51.80
3945 106241.23 129161.61 3546.66 107.00
3946 180495.79 159979.18 3213.49 76.08
3947 229428.64 152313.82 3455.46 129.96
3948 -17286.44 -9739.08 2883.51 112.32
3949 239697.24 101226.97 2956.33 75.87
3950 -120416.61 -152412.52 1364.39 39.96
3951 -92902.96 33109.66 3171.62 118.61
3952 203951.60 -145997.69 541.59 76.20
3953 -23374.33 -103539.94 1241.35 56.97
3954 19366.33 162701.76 3594.66 65.58
3955 -63309.97 159203.56 3235.65 80.55
3956 -185729.84 19849.81 3899.29 171.17
3957 253630.27 -89687.84 1027.35 72.93
3958 52552.30 12061.89 3407.82 92.37
3959 193103.91 213264.87 3295.40 113.29
3960 -255261.54 157015.81 3593.50 221.70
3961 60057.62 -105427.33 1621.91 89.71
3962 155655.80 -12897.41 3379.40 161.39
3963 -68121.99 -58663.60 2612.09 117.49
3964 17425.44 245015.81 3632.52 390.31
3965 -135611.12 -62736.93 3664.77 122.09
3966 -225363.93 239166.23 3562.38 107.69
3967 -239927.82 253019.09 3446.21 65.16
3968 33450.63 17722.59 2999.48 69.44
3969 252932.42 -50643.67 2017.22 105.99
3970 79912.40 135533.18 3077.78 77.83
3971 141915.65 131950.21 3316.34 125.67
3972 147514.31 -91840.35 1213.33 81.94
3973 135261.31 174475.74 3563.58 67.23
3974 -192554.05 -106028.98 2234.76 80.01
3975 -132178.29 -58661.05 3684.59 638.08
3976 158579.21 235359.98 3565.16 45.85
3977 -213763.07 84480.07 2882.41 72.92
3978 -93010.36 -96583.49 1500.11 74.94
3979 157306.29 -134536.76 1474.63 320.81
3980 -232934.39 204118.50 3311.03 31.25
3981 -46617.87 -262642.90 379.84 72.11
3982 -32345.84 36096.82 3677.27 833.01
3983 -91041.15 38653.22 3199.34 111.14
3984 121151.52 -25085.79 3328.64 142.49
3985 96553.98 11930.61 3130.71 58.55
3986 -182630.78 -108911.45 1574.21 80.33
3987 -220145.25 76571.75 3574.45 31.34
3988 719.02 63807.54 3330.92 111.14
3989 69039.67 178198.25 3589.61 132.25
3990 -31070.67 102275.10 3045.31 30.00
3991 30552.92 207124.32 3317.43 58.45
3992 -84834.26 -62930.53 3026.79 94.09
3993 29896.32 29239.04 3572.33 274.69
3994 -235732.88 -11893.96 3207.21 192.60
3995 -44594.19 31305.19 3158.83 30.00
3996 227517.06 72972.29 3157.29 121.36
3997 50221.16 173312.40 3270.99 51.98
3998 201297.04 242559.69 4184.82 123.45
3999 -143412.99 -58787.89 3495.01 70.13
4000 202585.83 219414.18 3561.12 170.76
4001 -18415.00 -98349.79 1553.83 76.93
4002 123533.35 269537.87 3159.24 103.48
4003 173915.76 233567.22 3102.01 37.66
4004 -82432.26 8113.75 3387.82 647.64
4005 -116708.66 -92145.05 1603.85 92.43
4006 98424.58 249013.22 3658.94 94.53
4007 102724.29 -55875.30 1810.07 101.71
4008 -200174.24 -173731.56 1014.61 324.49
4009 -265546.74 -91451.36 2734.40 51.73
4010 -191393.62 -68411.74 4180.36 1149.06
4011 -135542.51 -65963.82 3521.94 122.32
4012 -188705.48 254019.30 3166.02 84.39
4013 -169890.66 254738.35 3433.20 148.10
4014 -213418.66 139576.53 3138.86 150.90
4015 -40760.40 -49057.18 2075.77 90.88
4016 -113368.17 13058.40 2945.57 140.71
4017 184092.19 -159544.60 227.49 60.59
4018 -93106.88 -93763.69 1125.78 83.02
4019 -154734.63 -182108.56 532.94 87.98
4020 204433.66 267543.71 3445.58 72.62
4021 245273.04 -125852.08 712.51 83.29
4022 136912.20 254920.95 3780.08 59.43
4023 -256995.88 128663.17 3731.35 85.85
4024 100762.00 197033.84 3639.56 156.11
4025 3288.31 61891.28 3346.95 267.23
4026 -156371.75 -179706.20 543.73 51.18
4027 -11606.54 90435.27 3386.51 30.00
4028 -238917.30 101364.91 3511.72 133.07
4029 83707.76 -93060.12 1663.72 85.13
4030 -9408.75 52564.96 3314.10 98.89
4031 203397.38 167511.15 3486.66 114.64
4032 -26952.98 -47000.75 3507.48 149.70
4033 211168.49 -916.69 3307.75 147.25
4034 -38380.16 7620.78 3131.50 67.67
4035 -201850.36 81338.46 3599.20 30.00
4036 67654.13 -53098.64 2992.46 109.10
4037 138388.46 -59955.16 2711.86 336.44
4038 38769.24 60666.11 2989.65 122.85
4039 -161181.04 49331.87 2962.56 78.16
4040 -6075.33 3319.54 5212.15 128.33
4041 -26260.66 106348.06 3152.60 101.06
4042 70636.43 -73853.14 1754.89 81.88
4043 -40063.44 65235.58 3158.96 90.14
4044 162882.64 -151946.36 1125.69 319.02
4045 -29296.94 2150.79 3758.95 140.43
4046 138468.22 196529.60 3549.76 15.09
4047 -135963.31 148907.79 3478.32 92.28
4048 16545.36 35594.56 3645.35 626.48
4049 44763.16 -67747.37 2076.74 94.19
4050 -57229.71 164822.41 3604.45 91.27
4051 48950.20 -54263.92 3447.97 37.10
4052 132559.97 -138559.89 1106.58 110.00
4053 73474.50 260740.58 3585.20 30.00
4054 121830.37 -146051.80 572.77 69.67
4055 -182334.53 -100282.36 2600.31 60.95
4056 92122.74 -138624.93 642.33 62.56
4057 -145862.60 74553.17 3667.67 116.76
4058 -123044.08 84961.23 3526.33 78.60
4059 -210331.09 49407.74 3595.49 128.47
4060 256309.64 -49878.24 1546.11 57.59
4061 87656.99 -260111.49 271.21 56.87
4062 167338.32 -42220.36 3181.87 65.18
4063 169749.52 41787.52 3519.81 149.70
4064 -124866.77 68520.76 3667.72 85.90
4065 -195323.49 47281.74 3297.69 92.95
4066 29678.57 -42452.98 3411.90 352.78
4067 -197027.59 102942.84 3695.91 92.28
4068 4219.66 35606.30 3672.82 424.97
4069 30298.82 -34976.39 3387.24 57.57
4070 -219961.67 -171452.47 1107.48 84.02
4071 52645.50 47957.72 3602.13 390.64
4072 -31820.58 -37750.39 3595.35 346.51
4073 114662.68 249044.65 3662.71 111.79
4074 -206508.55 74840.88 3281.84 90.57
4075 -26891.91 19506.22 2902.33 80.86
4076 -99146.01 -12010.53 3055.56 55.66
4077 34959.55 -64528.57 3009.80 205.79
4078 54167.55 45507.96 2737.26 35.01
4079 -139925.97 -182295.78 777.28 70.51
4080 -159668.62 88520.31 3797.34 39.42
4081 -186742.29 112287.33 4313.22 203.93
4082 -23517.16 44169.45 3062.39 30.55
4083 224867.35 205757.47 3488.73 164.94
4084 166587.45 264185.59 3975.76 30.23
4085 31611.09 61191.42 3451.94 96.97
4086 31435.69 -65204.86 2290.96 72.83
4087 208274.55 -129346.86 2212.40 2076.26
4088 -263366.00 162479.55 3473.39 81.53
4089 2459.70 9998.17 4863.13 138.37
4090 47947.17 273.44 2895.76 30.00
4091 67666.22 6365.27 2717.03 89.33
4092 160119.59 162594.87 3559.64 62.05
4093 -172773.79 6236.29 3807.33 127.08
4094 78630.88 -141316.02 334.26 56.48
4095 78850.87 -98547.89 1568.37 72.19
4096 -76328.34 155443.86 3708.84 104.69
4097 155091.40 -65079.12 2693.28 205.29
4098 207688.76 -123110.24 1053.59 64.98
4099 48384.93 -48433.48 3727.01 348.07
4100 -110635.06 181560.37 3523.92 125.07
4101 222295.42 15225.28 3818.46 522.23
4102 73934.25 57789.57 3365.45 67.67
4103 -242208.54 265865.22 3227.74 84.65
4104 13969.00 64436.54 3117.85 132.92
4105 26598.58 34994.35 3115.91 58.86
4106 -142819.10 36015.10 3535.37 75.81
4107 -218704.52 -173763.75 1420.90 845.19
4108 126441.04 -38214.97 3522.50 174.64
4109 210545.96 82934.88 3549.93 30.00
4110 -172353.74 8552.95 3205.58 35.83
4111 62145.54 126691.77 3802.46 95.55
4112 -77849.31 -6987.04 3037.81 87.85
4113 65806.07 -54836.25 3182.33 147.54
4114 -215410.66 81405.64 3690.14 104.65
4115 160267.52 251868.21 3535.45 125.09
4116 217398.99 190301.72 3339.61 90.04
4117 -174700.25 242582.67 3572.42 51.11
4118 88202.68 -135662.55 1018.35 50.46
4119 145730.38 187897.58 3560.02 30.00
4120 236397.89 68440.51 3175.48 30.00
4121 -1872.82 121628.20 3759.63 156.22
4122 -73723.27 -12779.72 3113.17 79.36
4123 -261823.30 -102765.44 2363.25 310.05
4124 -69412.99 -122744.42 1351.57 72.93
4125 172856.34 264192.11 3452.44 173.97
4126 56565.28 -43907.62 3588.51 109.01
4127 177838.17 229070.14 3299.70 70.84
4128 96165.31 201390.80 3678.76 90.90
4129 51600.90 -19657.70 3299.14 237.51
4130 -62003.38 -144896.15 620.86 105.71
4131 87987.72 -135517.93 1113.34 64.31
4132 -66314.46 227753.46 3572.03 146.18
4133 -190952.10 -167896.36 1555.05 61.47
4134 228112.63 -44214.04 2811.02 76.70
4135 86466.13 229961.39 3978.44 144.15
4136 -67440.89 -139716.94 802.88 60.15
4137 -152312.53 -192336.96 594.74 283.46
4138 -197600.25 254313.88 3986.32 627.33
4139 233577.90 -120807.45 1121.85 51.62
4140 -194637.44 109413.45 3785.29 187.77
4141 -67483.76 1395.91 2781.61 103.15
4142 -156518.62 -112264.76 1284.97 85.04
4143 -209960.12 -83761.02 3506.49 53.75
4144 183364.44 -2464.23 3597.69 94.00
4145 -170519.40 20564.18 3470.55 57.66
4146 -131050.63 -74307.87 3160.92 151.41
4147 -203975.97 -62236.01 3450.09 147.22
4148 -147853.26 -184314.43 389.39 69.14
4149 149954.90 191765.44 3542.05 124.13
4150 -211592.05 146502.39 3215.13 91.66
4151 96991.71 111172.47 3606.06 262.49
4152 263663.75 -73240.00 1063.94 89.80
4153 -96827.99 -77973.84 1997.89 69.14
4154 107468.80 268888.50 3534.16 50.77
4155 212912.40 4727.96 3109.32 30.00
4156 -131289.18 233238.53 3464.18 94.52
4157 -144525.97 245109.21 3506.14 112.05
4158 242099.36 183859.47 3629.18 43.05
4159 158022.15 -79557.53 996.05 85.75
4160 124086.92 -39685.51 2854.65 50.38
4161 -203923.34 -76512.08 3813.09 99.25
4162 9596.53 267990.37 3281.35 185.54
4163 -18525.59 -74744.01 1259.19 30.00
4164 107602.53 -12002.10 2723.19 71.42
4165 -53334.12 45828.58 3464.74 111.49
4166 5414.48 33321.65 3314.34 30.00
4167 -77181.98 5366.28 2797.91 31.78
4168 -215211.62 42863.81 3439.96 115.50
4169 -19239.02 104700.98 3403.65 72.05
4170 -69635.13 1071.65 3175.72 96.27
4171 122618.32 -157741.28 436.41 70.34
4172 28248.23 13055.80 3442.56 81.85
4173 200454.75 176288.49 3521.28 81.46
4174 -77210.93 102394.42 3257.97 38.56
4175 -217027.05 80735.95 3833.88 359.91
4176 194452.28 -38597.90 3766.00 91.73
4177 204105.78 256148.13 3652.94 61.65
4178 124872.88 -158403.26 448.41 182.84
4179 -788.62 -8082.15 3569.01 102.34
4180 169360.92 34033.40 2852.50 95.26
4181 55525.14 -49412.52 3164.57 21.32
4182 10070.97 -23504.95 2169.95 184.48
4183 -140531.94 -83226.43 2412.87 127.22
4184 -70339.78 24068.54 3578.11 290.24
4185 -55290.49 159570.90 3618.40 94.87
4186 66957.81 46586.30 3236.24 99.25
4187 -157733.46 30591.48 3273.33 30.00
4188 -3002.97 191096.80 3413.44 51.45
4189 250166.20 187969.77 3493.65 72.62
4190 -24210.72 -58210.53 1195.29 78.31
4191 -192900.84 55021.14 3479.51 92.16
4192 -225400.53 8990.29 3261.95 135.90
4193 -267611.86 190461.61 3866.73 521.24
4194 -200972.38 -183445.20 364.59 82.95
4195 139659.12 44076.26 3400.71 127.69
4196 14529.01 -110478.34 1668.83 48.43
4197 181685.41 -34642.42 3005.67 122.18
4198 165497.43 101081.58 3783.55 72.80
4199 2792.99 18150.92 3289.13 69.03
4200 257003.32 168815.51 3928.92 83.65
4201 -201844.51 119968.72 3569.88 135.53
4202 37034.14 -59745.06 3471.22 437.28
4203 -86265.73 198688.58 3064.38 30.00
4204 -75406.95 -65760.48 1879.44 114.71
4205 -170533.94 98987.83 3341.05 136.98
4206 224349.65 237459.21 3664.01 30.00
4207 -64796.11 66632.84 3347.87 102.44
4208 184824.46 267463.56 3827.55 20.68
4209 -221852.02 -180250.58 454.71 57.60
4210 -181572.71 12437.45 3426.85 90.69
4211 -217237.07 -149072.21 1572.50 30.00
4212 -158794.70 -178853.15 678.63 99.99
4213 -109764.67 177612.23 3249.32 31.47
4214 -265289.31 125039.96 4313.60 1054.21
4215 170590.55 -63158.45 3079.52 238.68
4216 56031.73 -15107.21 3274.68 150.29
4217 205593.02 269985.58 4045.41 116.98
4218 -130400.88 217258.32 3696.61 181.25
4219 -186141.66 247295.42 3622.18 30.00
4220 -101565.11 -74855.59 2895.98 36.62
4221 -263706.89 117124.23 3652.20 80.89
4222 257850.80 -84664.35 1516.97 67.63
4223 -149625.19 -38388.77 3838.03 137.88
4224 -24794.01 3695.03 3059.89 66.67
4225 6602.93 -11788.17 1208.21 83.89
4226 123981.74 202021.97 3374.26 165.83
4227 3443.83 57192.78 3189.98 81.53
4228 8414.04 -31306.83 2237.38 30.00
4229 155278.84 -42920.63 3506.75 32.97
4230 -83260.04 101646.96 3262.51 85.70
4231 49617.09 75323.00 3791.94 404.22
4232 -18690.34 103407.98 3014.98 30.00
4233 155401.37 29204.24 3257.21 151.78
4234 68284.50 -2773.22 3430.06 219.34
4235 -252608.43 -53722.21 3170.22 30.00
4236 64741.00 -114370.28 1194.55 115.74
4237 89001.65 43884.34 3434.05 105.56
4238 -243734.21 -84567.10 2575.34 30.00
4239 -76418.82 157780.21 3420.75 137.57
4240 -136602.18 -78196.44 2932.31 69.22
4241 72897.37 -80463.84 2077.51 361.82
4242 138473.21 -145630.99 985.54 60.24
4243 -156361.03 -51613.13 3574.46 104.34
4244 -118595.44 -74013.21 3082.58 79.60
4245 -110146.96 172378.00 3284.97 30.00
4246 -144461.85 62590.18 3898.66 92.31
4247 -165796.76 32443.99 3467.23 199.32
4248 -36398.67 -22322.25 3549.37 30.00
4249 40271.23 68472.10 3460.95 30.00
4250 26638.66 -3528.36 3539.42 804.31
4251 160887.99 -130793.60 1199.40 71.76
4252 -15253.67 -76893.61 1574.37 370.67
4253 209735.60 -112319.66 1283.18 120.35
4254 -120610.95 -3758.24 2960.92 53.60
4255 -206032.81 194656.86 3212.62 98.82
4256 -213881.83 -43377.76 3135.41 30.00
4257 182616.12 219680.86 3370.84 80.62
4258 -183235.13 -179433.88 812.32 48.87
4259 -94152.64 -16916.21 3651.05 626.68
4260 36249.67 82362.38 2618.23 75.38
4261 -213245.88 -89405.01 2710.68 134.40
4262 188237.43 84519.14 3908.84 71.32
4263 55851.29 42828.29 3064.49 86.69
4264 -235682.30 112321.54 3901.07 149.43
4265 157698.79 -12582.53 2991.31 107.48
4266 260912.92 -71858.47 1204.75 52.33
4267 -129236.66 37017.90 3587.50 136.67
4268 40663.37 71740.05 3729.45 243.98
4269 -241482.17 -79331.92 2927.78 51.74
4270 -133090.00 -173796.34 802.75 30.00
4271 188394.21 243581.85 3836.64 173.97
4272 55533.64 129070.74 3770.96 180.30
4273 -192765.00 122057.94 3802.62 91.19
4274 -127721.26 225275.95 3064.75 61.99
4275 -76603.44 -22664.95 3327.37 111.49
4276 130469.45 -46394.66 2916.67 107.09
4277 -264112.58 -174241.38 889.15 48.12
4278 -89142.91 -84983.21 1909.58 86.69
4279 -193848.75 260786.92 3361.83 30.00
4280 -43327.67 13937.47 3407.10 244.83
4281 117477.59 -149708.02 106.96 54.44
4282 27225.54 237731.67 3164.56 106.26
4283 59528.41 91843.50 3389.71 152.63
4284 146902.00 -155200.17 458.50 30.00
4285 -24680.99 12377.77 2757.25 104.88
4286 41502.48 -38102.09 2927.30 69.03
4287 148246.77 263738.48 3649.55 17.62
4288 59684.35 237969.68 3669.48 30.00
4289 99404.25 21431.40 3589.95 286.84
4290 182788.08 80622.95 3026.88 140.86
4291 240680.94 101481.18 3021.72 92.89
4292 -206237.56 -83552.30 3280.71 72.81
4293 -242024.12 -160752.44 1244.96 47.03
4294 -4906.32 -32490.89 2221.12 51.10
4295 -83337.50 218577.79 3600.72 131.09
4296 -188078.59 -66100.90 3403.25 30.00
4297 -123862.32 -173249.66 690.82 44.55
4298 225164.81 104375.63 3531.29 134.11
4299 -216073.93 259931.82 3465.22 72.16
4300 243466.59 185198.79 3671.98 184.90
4301 -182120.81 93465.96 4086.72 163.53
4302 -116157.78 205166.42 3973.84 639.96
4303 -172508.19 82268.44 3576.13 119.33
4304 -173962.29 76794.43 3395.11 40.43
4305 -118990.22 -67043.95 3046.85 30.00
4306 241472.05 -131181.29 559.55 88.09
4307 -265255.49 196004.97 3922.93 109.79
4308 268321.81 -98623.88 944.67 89.66
4309 257853.11 165498.64 3605.92 124.49
4310 -203617.49 75087.76 3175.29 141.52
4311 108235.45 252308.57 3644.97 47.34
4312 -4613.00 -34678.96 1961.13 91.27
4313 48463.92 -620.59 3457.04 89.05
4314 137177.51 176605.62 3965.90 461.21
4315 207101.39 -151128.48 675.59 76.56
4316 -95541.49 18908.40 2688.52 35.50
4317 -261234.85 81053.32 3609.60 48.22
4318 -96037.55 -162712.87 603.25 73.35
4319 115460.14 93427.35 3236.51 126.06
4320 8979.62 -6124.91 2666.59 624.59
4321 95303.53 -5466.78 3170.07 78.64
4322 -246323.23 -181276.46 352.80 67.96
4323 -243783.85 -81006.55 3193.93 31.97
4324 -269229.77 244502.54 3596.55 73.69
4325 -83764.89 -90944.22 975.50 36.56
4326 181695.41 -17422.22 3345.29 182.63
4327 148577.60 259118.17 3581.19 59.45
4328 -218581.09 206447.37 3697.70 250.20
4329 239208.24 251389.89 4314.50 93.11
4330 125566.49 -59653.16 1763.62 30.00
4331 -234881.13 10702.81 3437.90 142.19
4332 255624.54 -50083.11 2304.89 819.77
4333 -123871.15 -149411.62 1554.76 660.91
4334 -188451.50 -70266.70 3649.41 81.36
4335 46917.22 230044.94 3521.58 69.22
4336 -114758.42 10500.24 3092.36 105.08
4337 -162110.04 266187.74 4025.19 196.31
4338 -145578.40 -51221.54 3208.34 78.69
4339 -257274.02 122365.83 3751.24 575.92
4340 -13856.74 -55150.20 2199.99 88.20
4341 69645.62 11116.71 3418.49 243.37
4342 -137657.60 215497.74 3730.78 164.69
4343 -255880.70 -72408.45 2997.90 125.87
4344 -145627.31 -76295.55 3558.40 440.68
4345 11108.01 80773.40 3340.16 30.00
4346 77491.50 43546.10 3251.30 66.90
4347 57268.34 214943.66 3625.86 64.37
4348 -98850.07 -163929.64 248.64 59.46
4349 253557.95 100576.83 3289.02 61.50
4350 85457.30 -85025.67 1864.79 94.20
4351 -11229.47 61831.21 3102.81 72.42
4352 -192324.77 226066.80 3769.27 427.64
4353 -22015.86 -36550.78 3158.59 59.92
4354 146883.42 -56769.22 2996.77 51.34
4355 199318.12 -44086.03 3211.47 94.15
4356 -244807.43 -87538.17 2854.62 96.24
4357 -195200.98 243729.04 3632.67 101.87
4358 101201.08 -61470.52 1287.50 79.12
4359 177258.35 134408.72 3503.30 54.18
4360 -186836.24 -179161.67 838.22 68.90
4361 -206312.21 21626.42 3563.12 94.14
4362 26540.90 -50822.84 3271.15 99.77
4363 -234664.66 91512.36 3412.14 38.05
4364 -143496.97 -64602.45 3149.65 43.51
4365 -209320.56 78660.79 3487.77 88.01
4366 181520.46 -153537.92 806.40 59.64
4367 -241451.64 -180729.63 515.44 68.67
4368 -25102.57 -26095.91 3408.13 30.00
4369 -181618.57 -99772.08 2628.76 74.59
4370 15807.69 -64626.57 2267.43 100.10
4371 164688.71 53417.41 3134.61 124.71
4372 -7213.12 -42456.33 2394.51 86.95
4373 -87107.60 21298.24 2899.49 68.92
4374 190827.20 -59783.06 2571.10 66.10
4375 -101867.83 -76659.41 3115.46 275.05
4376 -21851.37 12843.74 2899.72 117.93
4377 -192715.94 -186908.33 743.91 261.01
4378 -39268.88 9527.62 3183.58 86.62
4379 13722.85 -39664.71 2942.08 131.39
4380 -71617.38 149993.76 3500.43 122.80
4381 -175002.44 80850.10 3699.70 123.75
4382 -158193.63 -175766.74 1099.43 396.11
4383 -217021.82 100715.88 3779.57 251.83
4384 135346.94 -153713.44 454.75 30.00
4385 -268473.33 87282.07 3758.63 154.60
4386 -122410.26 -171287.04 1001.58 280.11
4387 2393.66 82631.80 3774.39 575.99
4388 38429.34 -60568.79 2975.11 101.44
4389 50583.53 64552.43 3016.73 82.78
4390 -209319.99 -156268.18 1332.20 103.30
4391 241924.04 -42819.57 2770.32 487.64
4392 -237890.73 237260.05 3818.07 177.97
4393 -79243.83 6866.55 2827.34 78.85
4394 56663.99 237906.40 3682.19 30.00
4395 -15732.60 13804.06 2925.85 50.17
4396 -77238.48 -2608.04 3109.67 69.22
4397 204882.78 227455.21 3977.64 125.86
4398 203686.11 92355.11 3525.05 65.89
4399 -13234.30 54466.72 3461.50 239.80
4400 -118891.65 -90830.29 1640.96 72.62
4401 246839.85 255614.40 3699.48 67.11
4402 91736.93 253534.54 3838.26 38.47
4403 -50026.94 18490.59 2970.23 65.94
4404 221289.40 262945.31 3496.19 52.39
4405 -253330.65 -50955.24 3239.98 179.97
4406 -56276.74 50215.76 3639.28 834.35
4407 6939.94 62076.53 2990.26 36.66
4408 196725.35 -43364.99 3455.76 57.57
4409 -201134.50 253691.95 3431.27 43.19
4410 -166025.54 -101383.53 2312.99 109.44
4411 18384.72 215222.89 3370.71 42.96
4412 261012.91 91699.15 2991.95 103.47
4413 142127.71 -51984.40 3556.88 83.96
4414 -46767.96 19942.39 3177.80 275.72
4415 196489.88 212310.14 3467.11 292.28
4416 -246463.53 262997.39 3786.19 122.78
4417 -94628.75 -72777.99 2173.79 75.52
4418 207940.92 -124916.93 1012.92 30.00
4419 218734.29 31949.46 2975.05 84.93
4420 -159532.37 218763.31 3675.34 164.52
4421 -26864.90 3575.68 3137.31 84.30
4422 -41000.33 153985.50 3301.23 87.36
4423 -253824.39 -108367.71 1701.55 66.24
4424 -6170.27 -89462.39 1869.58 87.66
4425 -236666.27 40436.45 3093.19 38.65
4426 -8345.45 -36726.57 2931.75 30.00
4427 177323.17 -153167.53 834.56 49.09
4428 102940.72 -37678.51 2965.30 77.41
4429 4683.90 74973.70 3007.12 62.50
4430 -249526.15 129746.12 3509.61 64.47
4431 117891.02 -147730.12 786.22 67.02
4432 68897.22 -6015.92 2978.48 129.51
4433 250446.57 147738.99 3149.23 31.59
4434 233070.81 198573.43 3682.59 30.00
4435 143274.78 -48925.38 3583.42 558.47
4436 -97087.09 -44756.90 3277.53 107.01
4437 123918.46 -143151.10 854.61 57.91
4438 -258457.41 228746.36 3570.62 71.03
4439 -181919.07 51514.27 3421.53 69.00
4440 203227.82 -14438.30 3415.71 103.10
4441 -159802.17 -100436.76 3261.72 515.45
4442 -129392.71 142540.32 3239.63 38.95
4443 24124.89 -35838.47 3628.84 178.31
4444 -217114.90 -96505.29 2080.20 93.15
4445 -121531.01 -172290.38 622.75 66.42
4446 82603.23 263765.66 3972.13 345.54
4447 36442.07 18982.11 2687.79 80.20
4448 -214538.00 -98704.98 1842.10 91.75
4449 -101491.12 8027.90 2731.60 46.53
4450 -193279.43 -71770.38 3649.57 208.69
4451 198226.16 -145734.54 515.95 66.88
4452 -233433.07 133713.49 3316.24 104.73
4453 -70982.55 -59872.76 2382.29 55.68
4454 242999.89 -35919.25 2829.59 40.23
4455 258723.84 -128753.07 433.01 69.14
4456 -248818.04 -100393.92 1808.99 30.00
4457 31358.91 14869.21 2919.33 54.11
4458 127991.17 35666.86 2788.77 77.14
4459 200101.79 266194.54 4128.42 79.22
4460 -215673.06 58036.80 3159.57 30.00
4461 -58521.51 -142762.29 393.14 64.68
4462 84958.68 -130048.45 896.02 106.26
4463 -269320.40 94330.73 3157.01 83.41
4464 72708.16 -152156.05 350.95 52.13
4465 -226450.14 -3013.77 3648.31 181.12
4466 -112108.27 -67151.89 2795.75 30.00
4467 174076.71 43708.69 3766.94 178.95
4468 -16020.64 70070.95 3320.78 55.58
4469 -240661.88 54992.94 3284.65 30.00
4470 -87902.24 17474.27 2721.65 113.66
4471 -17536.34 18716.06 3073.83 81.81
4472 49037.08 -15234.15 3169.15 98.92
4473 186525.14 258489.93 4192.24 262.97
4474 83175.63 263649.41 3622.67 38.89
4475 262874.80 77166.32 2824.02 90.76
4476 -175651.84 140756.57 3589.84 170.37
4477 128150.59 34856.56 3191.31 177.37
4478 -192655.77 -179802.56 854.59 276.20
4479 51098.56 241518.38 3366.49 37.67
4480 218688.06 10542.60 3127.87 31.24
4481 -146090.20 -79103.95 3155.85 102.94
4482 -120212.51 -153338.39 1422.87 128.44
4483 136370.80 127927.76 3362.71 50.07
4484 -142422.09 -220406.88 476.61 74.51
4485 177502.01 141012.68 3371.86 13.15
4486 180072.19 -64247.14 2665.88 30.00
4487 76193.66 264646.80 4045.49 109.54
4488 183446.42 -43286.92 2910.69 116.70
4489 73801.47 115612.96 3108.55 123.98
4490 -228207.42 -4140.43 3130.92 54.72
4491 -235839.91 -4670.77 3317.91 74.36
4492 -19343.92 37342.14 3503.59 527.36
4493 27336.30 233441.89 3590.62 110.39
4494 239646.23 -132807.55 870.09 307.60
4495 -192591.05 46648.91 3843.08 484.91
4496 -25837.38 29958.39 3855.49 1025.07
4497 244539.68 210705.93 3611.26 66.29
4498 -1910.45 14347.93 4665.24 1037.81
4499 205656.94 170810.66 3631.90 117.99
4500 -197832.62 230350.52 3080.71 48.25
4501 202385.82 -139945.62 1122.83 405.97
4502 41469.45 84019.11 3134.26 12.63
4503 165660.13 151575.54 3837.11 66.00
4504 -71742.22 4983.41 3101.32 69.27
4505 -68294.13 -56956.18 2636.96 50.66
4506 -163303.00 -106960.81 2265.17 122.34
4507 -247030.19 -88065.88 2965.33 441.57
4508 -186190.65 -76636.04 3462.49 434.02
4509 221329.01 27033.97 3155.97 34.11
4510 -17011.24 49345.94 3186.34 100.56
4511 -75805.71 154481.60 3743.84 177.52
4512 -182322.45 76591.92 4378.15 280.65
4513 -57762.46 188699.50 3355.40 75.35
4514 -45118.83 27961.55 3006.39 56.08
4515 -194041.20 -180232.97 508.99 61.37
4516 264254.46 264920.85 3475.86 115.77
4517 -31412.48 -37515.51 3441.45 87.77
4518 200952.32 252420.57 3594.87 49.48
4519 -85199.93 -17550.16 3107.22 36.20
4520 134679.56 116040.76 3529.88 132.85
4521 -207691.96 143910.65 3032.88 62.12
4522 210691.19 52448.03 3744.87 223.38
4523 -173330.47 -133958.65 1902.88 68.47
4524 -79279.81 -120049.03 1477.68 76.11
4525 32421.58 28256.29 2853.96 70.80
4526 -187559.60 -58990.03 3608.85 155.48
4527 -206542.41 80955.25 3604.46 34.59
4528 -150772.43 -75366.04 3218.95 56.22
4529 -212738.37 262617.65 3706.32 97.02
4530 -82417.84 -15318.05 3184.95 117.94
4531 183502.65 269693.47 4146.38 385.50
4532 66235.10 121156.18 3127.05 111.97
4533 102752.90 144620.61 3524.93 211.02
4534 -268913.53 129245.33 3571.08 144.71
4535 -167930.29 228918.55 3556.51 155.61
4536 253804.36 259390.43 3291.35 48.24
4537 -224215.59 -151863.20 1853.29 351.29
4538 -228306.77 262465.29 4042.49 220.46
4539 -80165.94 -12353.14 2883.14 74.95
4540 238479.06 -119668.21 1197.71 70.04
4541 244764.44 50646.69 3386.02 385.46
4542 2855.76 -68080.04 1226.14 72.88
4543 -144852.83 -181680.19 597.95 87.92
4544 -25239.92 -35497.50 3666.53 605.25
4545 -209319.86 142705.55 3721.55 106.50
4546 -109679.73 -16787.14 3061.02 91.25
4547 268761.32 -101011.48 1556.14 745.35
4548 -259260.18 -103964.49 1829.96 88.45
4549 -186768.97 -62509.82 3535.77 149.40
4550 -86702.97 39033.55 2839.84 117.94
4551 216807.96 150329.66 3264.61 31.81
4552 33320.02 -87293.41 2007.36 79.03
4553 8851.53 54455.58 2831.12 95.42
4554 -15409.54 43892.04 3444.58 127.77
4555 208335.57 233075.04 4079.10 177.11
4556 -20314.64 -10034.90 3442.28 147.07
4557 13320.45 -10527.91 2101.41 98.20
4558 -201947.60 40790.27 3327.47 89.91
4559 121515.12 239832.60 3572.51 426.88
4560 93079.04 -4918.28 2854.94 30.03
4561 71701.54 -2194.11 3560.71 427.11
4562 57915.02 66654.79 3105.75 30.00
4563 -92959.86 -19334.39 3316.80 75.12
4564 -198894.98 33795.39 3755.99 36.90
4565 -201054.79 70081.26 3855.70 251.93
4566 243481.83 -40590.40 2757.66 65.87
4567 151053.26 -3326.87 3514.74 73.35
4568 -182705.42 -96752.28 3110.47 68.95
4569 169841.99 -165480.05 322.98 171.25
4570 172702.21 232480.77 3569.49 524.54
4571 -189032.21 42177.52 3512.91 30.00
4572 -10780.74 2641.75 4152.05 30.00
4573 -265295.54 211902.60 3728.46 112.70
4574 227940.96 -21391.59 3190.76 126.59
4575 -42236.86 33827.29 3420.19 127.77
4576 -139794.58 49513.42 3256.78 100.86
4577 76390.38 42480.83 2949.46 77.65
4578 205708.00 95662.65 3902.26 890.40
4579 -56393.75 77995.90 3547.59 324.08
4580 -203592.10 219609.12 3202.98 63.24
4581 257905.28 239874.80 3684.08 266.13
4582 -162249.86 211139.00 3445.12 133.37
4583 -220273.59 -92779.71 2268.79 116.84
4584 223524.18 -55635.25 1362.97 73.84
4585 -186017.35 73632.69 3199.36 61.50
4586 120842.94 -155275.83 338.29 71.13
4587 -244864.05 -115958.52 1365.51 67.21
4588 -255009.87 -66682.66 2938.59 83.82
4589 -154018.56 148813.43 3185.04 83.83
4590 92573.74 110577.79 3586.34 107.67
4591 31.65 198259.22 3462.78 108.81
4592 175606.19 -149963.66 1071.93 38.00
4593 -128136.28 69363.32 3486.96 30.00
4594 180444.82 54381.28 3461.49 62.98
4595 160831.16 -66233.25 2712.50 74.59
4596 239101.89 48320.95 3200.79 79.46
4597 15624.19 -6361.67 2867.46 104.53
4598 111931.36 170657.32 3026.68 149.43
4599 68794.34 242543.71 3731.61 30.00
4600 74687.38 -136133.99 1178.44 429.06
4601 -150669.42 145834.06 3477.12 153.21
4602 8859.83 -45904.35 3280.84 179.28
4603 195904.30 -53700.29 3560.22 119.67
4604 -16237.01 100255.34 2944.45 67.17
4605 30434.34 -69514.83 1972.97 93.60
4606 141967.40 46689.16 3384.31 247.37
4607 16749.00 -74977.02 1432.79 92.54
4608 127988.57 -157220.55 199.26 55.93
4609 -151864.08 -182220.01 512.11 78.96
4610 236584.95 204967.43 4189.78 866.43
4611 80429.97 -87172.82 1578.58 77.91
4612 181689.77 220574.09 3519.68 117.21
4613 -197274.00 32346.82 3688.31 74.83
4614 205671.80 -48160.41 3392.17 307.93
4615 75273.78 -119338.40 1512.25 96.45
4616 89278.30 265013.82 3316.46 73.64
4617 204609.51 255803.01 4004.23 81.41
4618 -56195.82 51531.48 3350.99 99.98
4619 -102751.84 -72726.68 2685.51 30.00
4620 57349.76 94200.85 3301.81 94.39
4621 -209006.60 44484.26 3432.19 99.67
4622 52895.88 8958.08 3471.88 87.91
4623 -124437.26 67264.33 3446.28 91.24
4624 161097.85 -64637.97 2946.83 67.78
4625 -234708.75 -169561.79 1637.01 416.90
4626 144363.25 184548.37 3850.15 286.18
4627 -131013.97 -36897.05 3122.04 18.08
4628 188967.48 -17821.33 3088.90 123.02
4629 55060.77 216671.20 3905.83 362.38
4630 -252417.58 160530.63 3666.39 125.33
4631 151420.81 -2324.27 3116.34 31.96
4632 9212.38 -19452.86 2711.06 583.06
4633 -51318.88 167264.44 3452.80 67.18
4634 -213142.20 -19074.69 2989.28 86.47
4635 -44392.78 119047.23 3538.94 104.06
4636 61366.04 1407.77 3467.61 378.85
4637 70313.86 222760.81 4347.88 818.43
4638 169550.61 -156000.88 914.28 78.13
4639 -97212.86 -77568.72 2150.36 125.33
4640 207167.55 -146000.52 416.67 33.00
4641 139004.70 -48833.13 3069.63 30.00
4642 267513.59 -41845.60 2333.34 69.68
4643 57816.63 5447.74 3167.75 30.00
4644 21470.55 6558.07 2862.90 115.92
4645 -200679.82 261522.18 3764.74 191.45
4646 162696.45 -157374.44 911.91 555.62
4647 36657.10 -63773.74 2873.17 55.93
4648 -172729.11 182940.29 3677.65 91.30
4649 -31458.20 -35770.98 3410.08 91.11
4650 112309.78 -42004.27 3813.79 150.92
4651 160006.59 -66718.14 2771.96 201.26
4652 227063.18 101454.28 3509.82 107.67
4653 111615.80 84104.43 3610.46 381.95
4654 -21403.75 101490.12 2929.05 97.14
4655 181794.92 -64254.31 3126.29 1046.66
4656 234941.84 59691.78 3216.90 31.55
4657 -234095.73 214992.28 3328.95 30.00
4658 -83213.91 19691.00 3055.20 229.33
4659 87140.75 108129.19 3095.14 100.74
4660 156993.42 -14206.92 3187.22 30.00
4661 -53871.52 210782.54 3490.41 99.44
4662 231506.58 -48684.33 2440.47 112.83
4663 257630.99 -128479.60 667.01 55.66
4664 -161412.52 -109879.99 2433.89 601.38
4665 -242138.43 249012.67 4387.39 832.70
4666 -211843.68 86319.22 3438.23 88.64
4667 -80394.45 -87004.20 1078.56 30.00
4668 215056.05 -32373.42 3102.98 97.88
4669 99847.54 248381.40 3623.04 81.40
4670 95036.11 -7606.54 2963.48 31.64
4671 -4053.48 143212.73 3413.09 30.00
4672 -35696.69 39722.17 3271.24 475.27
4673 101876.45 136980.18 3541.46 30.00
4674 172011.61 -151598.17 1071.53 64.57
4675 14859.70 221150.78 3420.21 104.95
4676 -179778.51 -145611.57 1041.21 69.16
4677 -55776.42 61114.12 3571.25 336.32
4678 -263282.54 138870.68 3677.50 79.44
4679 199286.63 -51185.92 3398.10 96.58
4680 8741.50 82311.16 3680.28 396.72
4681 -21786.85 20973.72 3319.41 144.78
4682 150363.67 -93650.01 806.73 55.93
4683 186539.35 225107.06 3540.14 99.63
4684 148494.23 45057.00 3871.69 444.82
4685 -149724.10 34594.43 3249.57 70.25
4686 -42972.00 65542.90 3188.50 35.68
4687 222013.14 108302.79 3158.55 72.83
4688 -147769.18 -176960.69 759.33 74.06
4689 139166.52 130024.82 3531.66 251.96
4690 -12516.50 41604.44 3904.80 1102.19
4691 219767.24 252362.44 3554.21 134.02
4692 -133759.17 -27010.53 3592.41 275.39
4693 80143.45 136513.63 3495.88 99.34
4694 238718.66 -42625.10 2632.48 75.85
4695 255676.51 -130360.64 572.40 97.14
4696 -160480.89 241750.61 3519.95 93.06
4697 227709.30 251683.44 3699.30 67.39
4698 -21401.10 93574.51 3147.60 62.36
4699 201091.32 -10569.74 3076.86 30.00
4700 212352.81 -56669.23 2110.98 333.52
4701 254331.01 -128682.87 619.04 59.35
4702 223281.10 259857.45 3797.68 73.84
4703 194922.50 -40238.37 3405.39 62.58
4704 -140759.62 -205813.33 229.63 61.87
4705 -105975.42 19056.92 3313.71 99.49
4706 -125240.49 -157616.70 1526.94 442.75
4707 32657.75 93657.12 3109.97 144.98
4708 159805.59 -155213.46 650.61 53.12
4709 -83449.10 16382.49 3555.60 571.65
4710 -193055.80 148414.45 3830.11 370.88
4711 -12440.50 -45485.90 3319.85 90.32
4712 89875.64 105053.54 3226.04 143.86
4713 -206068.46 35929.05 3603.71 97.16
4714 107298.87 147726.80 3383.26 141.90
4715 225286.27 195566.50 3913.78 64.67
4716 150319.59 -97950.05 1176.24 54.05
4717 141236.51 247242.73 3484.87 50.96
4718 -227856.16 242261.14 3638.62 96.37
4719 -262494.06 -92681.31 2907.48 256.20
4720 -104310.02 181667.10 3646.70 98.60
4721 228333.12 -122296.16 1609.89 101.48
4722 -9522.34 -83945.98 989.77 30.00
4723 104853.99 23892.05 3601.16 107.21
4724 193034.75 -41115.17 3345.79 76.91
4725 198274.30 184009.22 3579.01 145.38
4726 223890.95 260989.43 3687.09 99.07
4727 -181373.06 78362.06 4158.87 41.22
4728 63773.64 -108794.74 1819.46 83.29
4729 49265.12 264813.39 3575.61 56.19
4730 137916.68 264334.99 3411.88 134.02
4731 111708.36 -48884.51 2984.12 52.60
4732 -124300.64 -155333.16 1061.59 95.24
4733 -113382.65 171267.45 4069.32 1198.84
4734 -185623.53 141466.94 3679.98 30.39
4735 59894.96 -41339.44 2898.99 76.15
4736 243747.18 -40786.24 2834.31 176.43
4737 145424.32 45711.11 3585.33 58.84
4738 -186600.59 239125.26 3200.63 85.53
4739 5843.53 -45953.30 2372.91 84.68
4740 253179.92 -42146.32 2348.98 35.87
4741 53031.21 -50668.72 3382.72 110.87
4742 -37387.85 184909.53 3132.58 94.06
4743 122757.13 -161284.06 387.33 78.38
4744 218193.83 256946.23 3679.34 131.39
4745 -212088.87 181928.34 3275.94 30.00
4746 -172152.08 139316.75 3416.49 65.98
4747 -126384.27 -82115.59 3671.10 845.31
4748 219360.77 216883.75 3366.97 56.04
4749 -16732.29 -90748.83 1032.38 80.81
4750 177203.60 -150351.27 1235.86 215.64
4751 -131072.17 -97534.23 2360.21 155.55
4752 -151903.34 246496.87 3396.83 30.00
4753 120804.70 168890.30 3560.66 110.87
4754 -80466.85 -32009.49 3535.23 88.57
4755 -53896.95 -269516.38 602.23 97.78
4756 17733.96 -64644.34 1813.12 85.66
4757 -203248.10 39827.08 3260.88 30.00
4758 -266083.63 -71614.43 3262.37 110.77
4759 -234580.61 -176642.65 939.90 91.15
4760 -57264.36 121394.79 3230.91 70.03
4761 254704.56 176443.37 3366.81 30.00
4762 -195842.65 -99263.76 2010.86 30.00
4763 -6657.95 62233.68 3294.34 320.59
4764 243772.67 223044.40 4173.54 168.35
4765 -199182.59 -79299.99 3159.89 90.82
4766 -90287.52 -156957.95 389.39 79.94
4767 34414.35 7676.96 3277.59 167.80
4768 -135856.31 -13445.63 3322.96 96.88
4769 -170932.25 -114935.81 1524.73 85.44
4770 -12537.37 29386.22 3328.02 79.09
4771 -65856.60 -143669.82 601.40 32.79
4772 -215065.14 176664.69 3330.62 128.18
4773 95846.31 214959.85 3141.17 30.00
4774 -252180.46 200692.28 3660.77 208.56
4775 -218663.20 -23453.95 3066.33 30.01
4776 76369.54 16821.09 2864.34 59.19
4777 4462.13 -44832.95 2206.63 48.19
4778 -201292.38 146438.77 3408.61 92.14
4779 -124840.46 79657.33 3425.70 57.84
4780 1053.97 141186.97 3605.43 186.29
4781 -28971.61 -45218.88 3659.34 200.22
4782 -99715.23 18361.62 3229.50 601.05
4783 60272.58 258646.25 3432.97 30.00
4784 2766.19 -65016.47 2390.96 1023.41
4785 47105.43 -64882.42 2246.61 182.07
4786 -221326.47 233811.17 3896.80 71.16
4787 -81162.18 6764.54 3135.91 106.93
4788 -13209.05 -251439.86 104.96 55.84
4789 -27425.33 -145307.13 727.14 142.17
4790 -253885.18 114639.33 3650.50 101.48
4791 -230761.53 132456.05 3188.47 74.26
4792 -22600.03 -65841.98 1469.15 79.30
4793 100275.55 256681.01 3554.26 34.01
4794 145664.99 250837.69 3493.83 141.52
4795 107420.86 125502.90 4011.55 224.21
4796 204973.87 39173.14 2918.31 91.11
4797 -193313.35 88523.87 3518.21 85.18
4798 220256.20 102296.26 3287.39 184.20
4799 -174784.12 87111.85 3894.49 38.67
4800 -262580.70 161569.48 3690.94 343.88
4801 69900.09 6453.55 3252.68 30.00
4802 -220899.57 -173695.92 921.28 66.76
4803 -124129.48 -73373.01 3370.74 247.09
4804 19785.98 28339.45 3139.24 71.31
4805 86703.28 3501.40 3517.10 339.46
4806 -251039.83 -55786.14 3577.78 549.32
4807 -189852.44 -174970.28 1184.28 124.96
4808 97880.44 196096.34 3888.64 84.34
4809 -91941.69 -10545.13 2869.67 88.37
4810 -7647.14 45199.59 3276.32 129.34
4811 -22206.19 90656.48 3456.94 64.66
4812 -135419.06 -16817.71 3544.81 168.35
4813 58410.11 240235.06 3991.70 372.39
4814 -227566.77 98306.53 3651.61 113.41
4815 68387.03 229896.46 3672.65 112.42
4816 96213.62 137708.56 3665.26 110.04
4817 27937.10 -70358.83 1733.57 72.34
4818 -155648.97 -49857.61 3825.38 261.21
4819 -268344.07 238344.56 3568.40 30.00
4820 -198463.41 95901.08 3846.06 142.83
4821 -61136.28 67769.02 2806.44 75.89
4822 -179948.59 91723.14 4120.94 74.36
4823 245984.84 49288.59 3614.46 830.58
4824 -192893.38 145777.70 3404.54 38.48
4825 157085.85 -82905.83 1286.39 75.97
4826 -86672.09 214093.20 3494.42 70.16
4827 -222885.40 262446.35 3967.74 125.84
4828 214252.51 149814.23 3783.10 147.69
4829 -245589.04 47393.99 3247.47 30.00
4830 261874.66 263591.11 4843.73 1613.18
4831 -135960.96 -111780.41 1152.66 41.55
4832 159645.44 238229.23 3748.98 30.00
4833 -199494.58 227327.67 3267.45 268.75
4834 -253883.67 -32930.67 3331.13 140.88
4835 97908.77 241131.16 3639.82 149.53
4836 60676.91 -1050.81 2798.71 65.39
4837 -77766.73 -141197.40 817.32 35.89
4838 85492.11 -60098.69 2132.81 264.69
4839 -121706.68 -62210.46 3012.07 122.36
4840 156365.57 -76849.07 1401.47 100.15
4841 -194824.22 235355.38 3373.01 78.73
4842 187286.42 175496.55 3446.87 127.57
4843 -161128.73 206912.68 3794.02 642.30
4844 -74807.07 232510.05 3005.11 54.90
4845 255828.53 -87342.33 1125.56 56.45
4846 -86091.27 98818.38 3704.68 187.85
4847 29560.85 -55344.60 3834.91 176.11
4848 -233850.88 83362.39 3814.16 304.85
4849 -66031.63 6465.81 3228.31 41.26
4850 -248306.61 147910.26 3160.00 88.40
4851 -149752.43 -176041.17 1302.21 700.05
4852 202794.01 265766.34 4199.15 161.22
4853 -159252.62 248433.18 3188.66 55.47
4854 -160374.41 43216.77 3101.38 87.33
4855 191681.57 -48963.32 3421.60 30.00
4856 -78171.20 -122833.99 1283.03 65.52
4857 60664.99 -45882.20 3478.65 105.37
4858 -29427.01 -42294.71 3559.82 96.62
4859 -258319.92 -71062.15 3234.51 133.76
4860 15479.79 79383.12 3404.04 60.12
4861 57447.36 67187.09 3453.75 100.67
4862 -201830.91 96909.17 3780.74 48.15
4863 -160717.83 222085.92 3500.36 30.00
4864 26305.81 -70360.22 1796.39 171.41
4865 -234182.81 72049.04 3413.93 98.73
4866 -121568.93 -4434.29 3154.45 278.86
4867 -81363.49 26251.46 3033.82 120.44
4868 23110.73 29559.63 3434.30 68.16
4869 30672.52 170473.96 3437.01 107.65
4870 -109408.89 24261.22 3636.87 1157.51
4871 210758.76 -3851.01 3028.73 98.28
4872 -52179.04 -269582.46 546.12 70.14
4873 27941.72 231375.47 3580.10 82.39
4874 -260712.73 186280.51 3670.68 89.76
4875 108259.55 88836.82 3459.17 107.11
4876 -49749.84 25132.77 3030.38 30.00
4877 -122702.13 -30295.89 3265.28 102.33
4878 -1652.59 -15091.20 2335.16 63.25
4879 92190.94 -256865.20 566.07 51.19
4880 -86087.62 32142.44 3134.61 30.00
4881 -170956.15 104595.02 4092.32 132.54
4882 -183183.33 263085.99 4359.57 71.56
4883 60929.94 -123760.25 1355.76 95.33
4884 -160328.42 246884.84 4086.65 671.49
4885 -168103.83 218970.82 3104.35 56.53
4886 -119848.36 -155420.59 1289.29 124.28
4887 -101887.66 -3498.98 3627.77 311.43
4888 179877.55 164639.38 3826.05 405.62
4889 79602.77 49478.55 2822.91 60.07
4890 87705.62 -34771.75 3590.16 619.65
4891 201312.78 -42948.02 3107.00 124.28
4892 172987.24 -149003.92 1313.93 763.94
4893 -221903.02 266770.45 3911.54 145.61
4894 253960.12 257114.83 4148.87 585.28
4895 95549.52 -116791.82 1609.06 109.06
4896 160428.61 -77660.52 1147.15 43.33
4897 236073.27 -126807.63 831.30 33.58
4898 -212504.82 -92201.52 3100.69 427.78
4899 -15485.72 11216.05 3641.41 136.20
4900 -75437.70 -141152.44 1337.00 373.97
4901 -188721.10 212590.12 3726.38 121.48
4902 180480.19 -155333.61 516.41 62.61
4903 -180486.64 -146821.00 1455.20 121.46
4904 -63490.79 218549.28 3363.38 46.28
4905 -119411.75 -64364.45 3337.31 347.06
4906 -153269.98 25255.25 3548.04 114.91
4907 -238750.81 -150563.48 1490.07 101.90
4908 -247361.51 -69096.55 3034.04 33.38
4909 166328.24 -165130.09 113.26 50.36
4910 -221466.58 -170325.15 1026.27 59.73
4911 -26837.73 -148408.13 378.43 89.09
4912 -210525.73 -158745.05 1846.24 713.18
4913 23372.99 30593.30 3526.40 100.29
4914 177461.31 229103.56 3845.58 121.47
4915 -25140.65 -10446.81 2809.18 60.84
4916 97342.36 -8181.24 3460.89 516.13
4917 128273.31 243640.92 3578.20 28.25
4918 -63176.99 -148836.15 309.40 51.72
4919 63588.77 113939.17 3445.07 177.71
4920 -100864.43 -158297.17 626.44 99.12
4921 -68383.45 -6732.67 2668.44 65.04
4922 135504.52 168361.35 3686.06 655.32
4923 185028.91 260843.18 3832.59 76.01
4924 82184.49 -139837.70 509.80 30.00
4925 -123891.15 -82221.43 2848.88 30.00
4926 -134972.61 148580.73 4205.40 1233.78
4927 132021.66 -141810.24 1329.55 578.62
4928 268092.75 -50047.45 1279.13 78.50
4929 -102518.81 218375.66 3562.80 181.44
4930 265052.57 187459.67 3227.27 70.91
4931 -215658.89 62329.67 4118.99 1146.76
4932 -177343.74 53010.95 3696.19 117.41
4933 27732.22 9653.82 3351.94 212.72
4934 241804.95 249855.60 3454.88 30.00
4935 -9847.12 56232.43 3460.84 87.73
4936 80863.36 13681.61 3195.46 128.35
4937 -15789.10 -90562.18 2168.51 1349.15
4938 -64781.70 68431.73 3699.60 979.93
4939 11942.24 -111524.46 1821.83 795.74
4940 -102331.56 -104751.32 1694.78 88.38
4941 224234.71 253621.62 3486.32 66.59
4942 199363.39 -40079.19 3526.68 319.20
4943 105932.67 -38571.33 3251.54 156.79
4944 62768.85 254760.41 3381.05 90.14
4945 -185650.76 -175583.68 879.30 63.75
4946 -64236.34 63173.54 2663.42 123.95
4947 229621.12 53911.66 3575.39 231.93
4948 47335.98 -60869.92 3162.43 71.46
4949 -15454.71 67067.75 3542.62 57.64
4950 137070.62 -140769.81 1187.08 50.84
4951 -176881.86 97544.56 3719.84 142.11
4952 -98344.78 -12219.69 3517.90 542.57
4953 32393.15 -55001.21 3272.38 149.09
4954 -111477.81 -92797.29 1568.06 190.09
4955 -43130.08 59037.95 3000.82 56.78
4956 -108554.05 -68157.33 2708.67 64.15
4957 -138420.39 51321.74 3299.36 478.25
4958 -129802.30 -59703.74 3564.07 347.59
4959 -216738.03 257552.96 4827.51 3131.94
4960 -91909.14 -24220.83 2780.92 90.09
4961 179803.48 155762.95 2996.71 94.58
4962 250293.15 -62584.89 1559.26 57.74
4963 68325.91 9422.06 3414.75 65.12
4964 -266405.82 94424.10 3482.37 30.00
4965 -191888.06 108748.75 3561.79 37.34
4966 -41868.98 -140715.17 741.24 33.74
4967 137388.20 100773.28 3820.20 153.96
4968 -135239.05 -200946.59 319.28 77.28
4969 36121.57 11712.82 3469.60 70.44
4970 242964.00 -77924.23 1485.37 91.82
4971 -47639.54 31478.94 3608.34 637.02
4972 147256.82 -152118.89 959.83 154.59
4973 -155512.58 141211.55 3600.44 116.37
4974 -140818.70 -23593.29 3195.27 30.00
4975 255866.84 238257.90 4241.57 73.34
4976 -61264.89 -138680.98 1653.03 791.52
4977 9723.29 267950.72 3280.02 50.19
4978 -144927.45 -95960.65 2908.39 98.32
4979 121669.17 161803.71 2980.36 75.07
4980 82780.21 -118137.92 1303.07 57.34
4981 -66571.20 6470.95 3305.95 106.74
4982 -59414.67 211568.17 3795.21 703.43
4983 -84762.06 -158546.67 315.54 92.16
4984 157827.02 -151441.59 1444.13 614.08
4985 -73484.28 -141596.55 1048.03 64.02
4986 -33408.56 -15071.41 3021.91 63.92
4987 226545.47 140868.06 3649.08 74.18
4988 -205189.58 -80436.63 3848.38 182.94
4989 151350.47 238468.27 3789.63 145.18
4990 -11291.23 99480.60 3159.58 144.71
4991 -84751.10 -150393.21 676.01 58.16
4992 53371.32 -59977.16 3315.77 350.47
4993 184113.98 -62584.18 2419.40 30.00
4994 -247209.15 -100069.43 1861.32 89.09
4995 -80195.54 -64701.63 2710.14 91.82
4996 -89482.69 -41299.40 3636.48 671.80
4997 209294.59 115020.48 3860.69 1085.38
4998 -100890.68 -71769.84 3103.64 91.18
4999 -209169.82 -93295.90 2841.97 96.07
5000 -205603.35 265896.58 3990.90 152.94
5001 16434.87 47631.85 2729.57 96.02
5002 9563.65 -31346.24 3062.43 1219.85
5003 116028.59 110042.80 3334.78 128.61
5004 122631.68 -157999.58 354.91 50.60
5005 -210022.68 40282.95 3042.89 119.72
5006 -13021.87 9955.90 3969.78 144.24
5007 -41154.21 57830.90 3408.33 455.75
5008 -146016.55 89503.15 3880.12 418.01
5009 189868.98 81461.41 3698.89 133.60
5010 -160576.61 43969.49 3414.78 60.87
5011 6002.90 13663.91 3991.05 33.98
5012 31137.98 208141.59 3447.75 189.04
5013 -166830.75 54308.58 3151.38 79.28
5014 -80651.49 19755.90 2905.10 98.58
5015 -131319.41 -60914.28 3413.18 112.56
5016 -145737.22 72638.18 3896.71 418.58
5017 8717.73 -39974.60 2920.42 106.22
5018 -267849.12 164834.83 3631.01 132.17
5019 246920.74 -41535.54 2637.15 30.00
5020 -230955.74 224672.71 3137.67 162.55
5021 -73251.97 -50788.01 3511.25 89.36
5022 -216296.15 218065.21 3655.90 30.00
5023 89520.40 -138550.43 462.34 79.17
5024 22501.88 -44725.07 3293.17 138.57
5025 -125676.72 -108435.00 886.63 70.13
5026 213479.12 101925.77 3116.85 30.00
5027 -14970.72 101993.48 3668.08 713.37
5028 -88400.01 700.98 3187.19 89.34
5029 -6790.34 65941.40 3577.64 123.24
5030 -215911.57 -38460.56 3239.23 30.00
5031 175867.85 -158809.10 666.27 47.50
5032 93234.87 -135459.61 1335.80 551.20
5033 -134279.75 237007.86 3518.14 62.85
5034 -249532.35 55097.69 3215.33 188.18
5035 233920.21 220310.73 3506.96 62.85
5036 -116493.37 215833.25 3952.08 69.05
5037 97432.36 198725.48 4191.69 1080.23
5038 -257527.56 241114.47 3821.98 93.54
5039 174429.47 -31864.30 3193.48 30.00
5040 231284.68 -133477.76 812.49 62.41
5041 203118.46 -143246.23 928.99 60.26
5042 26856.04 29998.33 3036.85 97.58
5043 -4950.21 48596.00 3880.64 838.39
5044 -15612.22 13603.51 3510.93 102.24
5045 15410.02 -63161.40 2736.06 182.45
5046 -198476.64 150971.45 3159.61 30.00
5047 147143.26 23425.39 3023.41 30.00
5048 89561.87 46062.96 3331.71 30.00
5049 -136567.27 -80813.65 2979.46 147.22
5050 25218.39 72831.52 3683.17 536.35
5051 45902.29 74402.31 3692.77 167.80
5052 46435.01 -18568.04 3280.43 418.08
5053 262216.67 82971.08 3106.28 113.52
5054 -65932.36 5984.72 3788.23 924.49
5055 -229607.80 -175364.28 1148.89 148.68
5056 -181444.80 101241.43 3586.11 34.89
5057 -33147.70 -16427.70 2968.20 54.83
5058 58545.52 109399.13 3109.65 30.00
5059 178994.93 96055.03 3539.92 145.20
5060 151427.47 22948.34 2995.36 86.18
5061 -72445.33 -51197.85 3620.35 933.52
5062 165541.14 177244.86 3350.43 195.10
5063 -205867.85 116926.79 3650.02 229.41
5064 153173.15 27992.88 3679.97 683.53
5065 -68508.24 22990.77 3113.11 134.20
5066 215322.09 31843.93 3404.44 72.19
5067 -4436.40 18598.21 3195.41 3.71
5068 252722.84 202368.99 3992.42 85.09
5069 -81624.93 -120513.74 1892.87 1113.98
5070 -3300.68 119822.42 3456.44 56.96
5071 -131773.10 140849.34 3605.19 82.06
5072 -168634.57 58520.50 3806.77 417.28
5073 92484.46 209643.39 3809.73 184.77
5074 184034.40 58800.72 3412.12 82.63
5075 234786.02 -130130.46 678.47 86.67
5076 259020.33 -134912.57 223.81 65.22
5077 -188298.31 121806.33 3745.08 170.47
5078 -161504.59 89395.35 4099.70 387.97
5079 105260.63 125031.95 3858.16 67.76
5080 114553.71 114076.35 3567.91 83.13
5081 -101250.90 -160708.18 686.15 87.99
5082 -159698.47 179170.24 3462.49 51.73
5083 52007.15 2455.31 3142.29 73.15
5084 -121584.75 -67368.87 2935.70 57.06
5085 260122.01 -87558.70 1047.90 43.47
5086 -121075.86 -168550.27 943.70 63.91
5087 -155638.95 247257.00 3837.50 276.81
5088 -96992.01 -19878.69 3659.97 79.26
5089 225820.81 -40024.52 3554.51 1553.46
5090 79933.82 16738.25 3141.67 51.58
5091 -266069.41 252614.14 3680.63 49.90
5092 25090.16 70626.02 3221.60 30.00
5093 -234015.95 -176570.10 750.59 56.50
5094 19308.77 10586.43 2976.88 52.42
5095 -194207.96 147924.38 3517.69 30.00
5096 215456.21 -59414.36 1657.80 80.85
5097 -32348.22 -47709.04 2086.42 83.86
5098 161752.24 -139532.17 1360.83 74.12
5099 -175551.39 254893.66 3611.90 118.79
5100 221104.82 106922.68 3575.49 131.45
5101 170353.19 -42577.04 3427.09 30.00
5102 42182.83 87246.53 3990.87 716.84
5103 49414.97 124463.12 3679.71 117.43
5104 -258605.58 -93477.03 2841.37 86.23
5105 -75115.99 -58481.47 2939.82 144.44
5106 253689.21 102338.29 3481.24 156.68
5107 -223408.42 -175790.89 387.35 52.78
5108 102818.33 132011.76 3438.11 20.84
5109 23131.62 74981.17 3252.91 78.42
5110 -96552.72 -85210.61 1568.97 102.08
5111 80484.66 241073.76 3725.89 71.13
5112 -244409.37 -54610.51 3116.80 110.08
5113 13743.13 -107049.67 1805.28 111.88
5114 -191989.31 -105637.30 1833.13 71.13
5115 -133540.30 34440.76 3582.05 114.85
5116 -90039.44 15033.34 2891.94 97.80
5117 87041.47 -29866.84 3028.82 30.00
5118 -123202.26 -84280.79 3180.73 391.39
5119 186741.87 -66305.98 1987.70 148.55
5120 -66686.44 -52802.78 3202.91 478.81
5121 -188650.71 -36263.60 3744.96 131.17
5122 -180297.67 16935.70 3908.10 315.27
5123 -65869.33 -251463.92 308.02 57.87
5124 -67228.25 208503.43 3526.76 28.74
5125 114058.69 87121.34 2925.30 31.50
5126 34567.11 11679.11 3577.29 215.64
5127 -246062.12 60603.90 3043.11 63.16
5128 145635.47 246645.42 4138.48 354.47
5129 95885.12 264901.03 3780.94 67.25
5130 -123910.40 -159304.01 1140.23 30.00
5131 75662.19 -106999.67 1780.13 57.37
5132 -139001.50 47710.10 3059.69 30.00
5133 -234322.93 -179925.02 498.13 90.70
5134 -206384.20 220285.18 3677.65 142.00
5135 109454.58 -54411.87 1832.67 86.82
5136 156288.69 -2892.75 3605.63 657.97
5137 -152845.94 -104883.85 1575.34 91.24
5138 -131773.21 -51053.02 3096.94 131.87
5139 -130348.96 247492.00 3256.20 57.37
5140 16723.96 9051.39 3022.65 87.19
5141 -186655.57 225849.48 3458.17 35.76
5142 -118512.59 203662.39 3301.51 85.34
5143 9833.57 12742.04 4055.38 32.29
5144 -175108.00 103035.52 3958.06 73.90
5145 -198757.08 -82271.23 3560.92 71.26
5146 -24187.12 43158.99 3458.59 452.78
5147 -111102.28 -77031.62 2965.19 342.92
5148 -215031.90 -175245.34 1019.89 69.96
5149 -241784.94 -183247.70 770.69 119.57
5150 -40535.71 -16915.57 3198.51 100.03
5151 59903.79 -49373.27 3261.14 83.60
5152 127032.87 -140133.80 1247.57 101.74
5153 50107.63 200260.39 3037.39 58.34
5154 -59903.67 73296.23 3438.92 112.85
5155 120526.41 -36144.47 3508.22 88.34
5156 209332.27 263819.14 3711.28 58.34
5157 112267.91 -13183.96 3441.86 133.76
5158 -203321.69 105352.79 3935.66 412.61
5159 159368.88 130348.99 3099.60 137.13
5160 188692.07 85044.16 3926.66 893.53
5161 138317.05 71570.19 3411.44 100.28
5162 -143445.03 -219022.41 516.79 82.51
5163 246307.06 239874.47 4055.00 146.74
5164 224319.79 79225.69 3017.59 80.62
5165 -258750.29 184773.48 3631.46 104.66
5166 88254.84 -90728.26 2155.27 446.05
5167 -101362.49 -76766.10 2396.17 92.52
5168 158331.40 159644.65 4003.77 394.66
5169 -83841.14 -122797.64 833.16 61.43
5170 23071.25 8282.69 3007.60 116.13
5171 -57195.82 208009.26 3201.87 15.42
5172 -71684.29 22363.36 3354.79 42.36
5173 -191302.30 112511.24 3164.51 74.75
5174 -197573.10 -167611.29 1335.72 71.81
5175 124038.48 -139255.25 1226.32 77.64
5176 267773.95 -113647.51 822.36 92.81
5177 -187599.85 243570.14 3848.97 32.57
5178 190804.75 -25915.54 3077.35 97.14
5179 26612.00 42970.03 3218.04 356.07
5180 13033.30 -59962.01 2854.21 125.54
5181 186529.38 137394.54 3397.26 168.01
5182 -74361.01 -12704.44 3644.55 638.10
5183 124762.63 -67032.32 1271.32 92.48
5184 157912.50 29759.51 3065.49 34.39
5185 136090.77 172664.57 3060.74 27.00
5186 41707.17 223522.41 3646.43 42.92
5187 215803.79 32104.21 3519.96 221.89
5188 89187.95 255297.55 3972.67 192.82
5189 21751.87 27990.72 3076.27 50.49
5190 -202015.05 -171439.23 1123.40 66.97
5191 169065.14 155828.37 3273.94 362.66
5192 229396.67 -23144.92 3168.91 126.83
5193 -232127.92 32243.90 3777.23 100.72
5194 -55210.51 157072.93 3643.39 80.62
5195 -257206.09 -90627.61 3027.44 208.38
5196 69955.12 9435.31 2965.11 75.74
5197 -145525.23 -72482.86 3130.07 31.82
5198 -17514.11 -77010.52 1280.55 30.00
5199 105435.27 50351.16 3582.03 71.90
5200 -238946.96 261108.65 3427.41 132.12
5201 -184756.14 249925.81 3601.76 30.00
5202 -232073.98 -177988.48 820.57 58.36
5203 -59745.50 64841.95 3988.99 1126.10
5204 -238837.84 103662.77 3613.88 124.76
5205 70745.51 58677.43 3116.48 30.00
5206 128675.54 -62053.67 1287.26 83.84
5207 -19207.71 31463.01 3057.52 53.05
5208 222463.82 237225.74 3575.63 91.52
5209 51413.87 -59018.54 3027.84 30.00
5210 158745.94 -141510.30 1363.61 334.53
5211 152485.40 250606.35 3978.50 762.25
5212 180920.25 73456.15 3829.59 434.54
5213 3443.15 240305.62 3229.82 56.80
5214 -15596.60 -252183.12 596.34 88.04
5215 -251639.64 50400.56 3401.89 112.02
5216 174902.04 -45216.44 3554.21 94.60
5217 -185089.93 -60373.17 3763.18 425.09
5218 30060.16 -53750.85 3093.44 30.00
5219 257467.77 -130521.66 532.40 62.71
5220 142332.61 46165.13 2880.98 54.83
5221 41837.29 18314.29 3303.21 270.92
5222 100755.53 86196.00 2952.99 67.86
5223 100325.25 21770.54 3364.43 30.00
5224 139895.20 176083.32 3651.37 82.65
5225 -46939.43 167461.47 3771.59 65.31
5226 34897.21 -86431.61 1081.70 75.92
5227 146031.10 -150089.26 665.41 60.16
5228 268626.34 -52855.06 1399.48 46.33
5229 -14755.17 31431.57 3500.93 106.29
5230 -147394.00 -92727.76 2878.18 135.35
5231 18517.60 -66873.74 2084.72 90.55
5232 25498.08 -57258.26 4192.11 1869.95
5233 100361.02 -53097.37 2790.53 101.74
5234 -191741.15 259927.37 3063.04 60.93
5235 -231557.30 200382.34 3623.21 56.72
5236 -136108.77 -21816.70 3513.33 151.39
5237 -139961.93 -209657.99 222.51 50.05
5238 -250179.31 -86356.78 2907.87 547.73
5239 113742.00 173542.30 3595.58 82.16
5240 -49391.10 -137051.24 774.60 73.38
5241 42135.65 -43578.63 2968.67 142.68
5242 15476.46 31348.03 3511.29 518.94
5243 -233719.47 89344.20 3901.61 92.54
5244 -82978.20 -89134.59 1804.52 798.96
5245 -184629.07 222960.08 3442.67 30.00
5246 -10287.47 46929.27 2741.86 137.66
5247 -8561.41 23106.12 3261.76 88.61
5248 -112637.91 21460.33 3584.89 191.89
5249 -183902.20 -170272.02 1479.39 92.85
5250 -249191.22 202792.36 4139.63 752.09
5251 154446.23 -94672.27 1628.56 88.62
5252 255079.38 164963.07 3290.78 100.91
5253 -135871.92 -93875.91 2892.97 97.01
5254 246043.86 182763.45 4286.56 1395.93
5255 -89621.89 -78552.28 1473.04 139.29
5256 210799.15 12237.90 3476.76 122.59
5257 -129763.01 -80610.88 3407.65 116.57
5258 -38220.09 54136.40 3317.97 116.89
5259 250851.25 -40784.45 2981.69 408.88
5260 -227227.09 -115796.05 1438.95 69.24
5261 74195.88 169870.63 3272.04 30.00
5262 13464.66 -74062.99 1548.85 105.04
5263 -182941.02 49982.78 3462.65 66.75
5264 -217139.47 140510.46 3067.88 148.08
5265 -20933.92 -74297.70 1505.86 118.39
5266 -138436.64 32088.64 3483.31 30.00
5267 -121842.24 7862.00 3408.92 226.22
5268 -67496.85 -4685.24 2727.00 84.19
5269 27673.36 63121.94 3359.60 30.00
5270 91197.89 -90699.62 2395.76 1104.35
5271 208468.35 83221.25 3097.10 54.26
5272 -219042.35 -76368.72 3627.18 309.44
5273 162992.93 146817.12 3604.26 69.80
5274 63838.74 -62635.32 2487.80 430.07
5275 247644.79 -123438.23 1215.67 618.34
5276 40925.31 -94011.82 1607.86 40.57
5277 -74954.39 -124803.22 976.62 95.71
5278 218837.09 145081.81 3554.28 192.35
5279 -268273.58 103173.45 3976.34 136.37
5280 -104373.90 -7192.45 3290.18 104.05
5281 -58721.32 222182.56 3027.29 30.00
5282 145899.41 43181.05 3520.66 98.57
5283 78955.32 268558.29 4072.75 169.36
5284 -242513.40 -83418.35 3634.78 759.08
5285 155983.94 -153249.01 679.95 62.07
5286 -256920.50 183962.22 3533.08 87.15
5287 110661.43 -13230.10 3504.99 614.66
5288 261523.11 267423.46 4301.46 133.35
5289 -46932.73 47764.78 2899.16 51.53
5290 -67901.81 -144469.52 223.13 53.48
5291 -141693.30 -100285.05 2076.14 82.89
5292 252115.35 -125781.07 805.32 94.82
5293 102974.49 23630.04 3876.83 897.60
5294 -175056.73 81436.89 3597.58 31.84
5295 -266008.08 93131.84 3284.97 52.03
5296 -179531.89 225727.97 3487.83 95.96
5297 151292.92 240855.87 4185.19 482.97
5298 71194.08 -53326.26 2444.39 52.54
5299 -200957.73 222673.97 3225.25 91.43
5300 269170.75 -89916.77 817.91 63.81
5301 -196236.04 241054.97 3426.89 129.85
5302 175856.37 140641.30 3706.31 386.23
5303 179216.10 235735.91 4008.07 395.14
5304 -166174.97 247296.43 3105.63 130.28
5305 -22936.01 -96341.34 1103.46 85.71
5306 -257238.65 -177655.48 976.02 75.09
5307 28310.27 206046.85 3473.85 66.25
5308 66297.96 3012.45 3364.07 121.57
5309 -30800.53 -50416.17 2192.99 192.79
5310 -178973.40 35406.65 3774.91 605.57
5311 -11088.65 7122.54 4165.31 75.09
5312 95872.91 -136799.33 672.78 94.67
5313 -186017.36 47914.26 3635.40 52.03
5314 -253242.35 37896.57 3583.75 122.91
5315 -64470.29 -144869.27 663.54 115.22
5316 113536.10 88500.45 3444.30 588.24
5317 203345.47 260258.22 3908.13 73.58
5318 -191484.43 134695.37 3486.96 116.45
5319 196083.29 74670.41 3412.59 91.44
5320 -238023.39 192149.01 2909.72 56.76
5321 -6243.28 -15969.66 2881.43 30.00
5322 -126305.62 -155910.84 1145.74 32.61
5323 86286.69 229121.38 3500.43 80.77
5324 186226.39 -74869.83 1027.72 124.76
5325 209209.44 -50198.41 3360.26 287.63
5326 -162400.26 175864.78 3686.74 312.33
5327 177658.01 -31747.03 3271.41 30.00
5328 87899.81 -133992.01 820.37 73.08
5329 -100243.19 -998.93 3175.95 31.65
5330 -240073.56 -170188.13 1669.96 542.07
5331 191249.33 253174.18 3700.33 48.40
5332 -191975.71 264225.61 3497.65 99.15
5333 -170684.19 -102320.41 2722.05 504.57
5334 -137851.68 133346.72 3065.84 99.18
5335 -69810.54 24886.63 3315.82 75.08
5336 -80000.20 -66506.15 2316.14 116.81
5337 229785.56 -120700.48 1069.53 106.30
5338 -33590.44 105577.34 3582.91 600.06
5339 121279.95 231383.00 4152.76 979.19
5340 125282.36 -147113.17 547.85 82.31
5341 -174686.21 -3090.58 3170.98 67.92
5342 85598.22 -34756.20 2877.69 104.55
5343 149719.07 -158807.94 237.37 63.51
5344 -13043.36 -252176.29 270.63 55.02
5345 -243844.78 116516.50 3591.40 91.07
5346 -21956.18 36456.61 3638.58 270.90
5347 69221.18 236707.83 3460.05 198.95
5348 -206683.26 -83429.84 3401.34 76.22
5349 211654.21 189394.37 3483.33 132.16
5350 266198.92 -130892.33 806.05 133.16
5351 -145224.56 -177096.31 1135.17 157.86
5352 -257213.52 -65765.46 3013.97 33.86
5353 -176214.02 -4614.64 3614.74 96.81
5354 -264056.07 252480.91 4252.01 840.47
5355 -229138.71 91672.17 3467.51 127.67
5356 -49340.56 12369.25 3234.89 134.52
5357 42264.62 -82809.78 1617.49 65.41
5358 -139506.71 28462.77 3238.61 118.79
5359 -91899.43 -26361.76 2801.70 158.00
5360 -20480.42 -54104.74 2297.15 30.00
5361 156870.29 -153682.63 670.18 31.87
5362 -50644.48 225835.43 3449.34 36.61
5363 5456.45 -112017.46 1291.93 30.00
5364 -15583.36 -80351.21 1396.44 112.75
5365 136607.09 54405.74 3866.52 288.34
5366 134465.69 200849.94 3539.37 160.19
5367 126196.62 -150254.07 551.59 93.14
5368 60146.55 133923.76 3529.76 95.14
5369 -68642.42 166992.96 3082.88 30.00
5370 -176219.91 -133804.41 732.98 71.86
5371 -190774.85 132871.02 3191.96 71.91
5372 162496.44 -153201.64 871.69 52.50
5373 -134665.16 142129.56 3673.94 351.55
5374 -43553.13 67602.73 3799.89 604.38
5375 -261909.06 132408.02 3374.58 63.69
5376 43123.55 121067.72 3412.13 93.74
5377 2362.55 54847.54 2810.24 101.16
5378 44163.16 -59552.66 3394.57 128.79
5379 44599.84 119497.80 3985.97 117.15
5380 -19711.12 69542.46 3177.30 74.35
5381 -64836.60 28050.26 3211.80 160.06
5382 36496.71 84871.97 3750.47 670.22
5383 -170373.94 93246.33 3876.05 42.60
5384 -223085.05 207635.74 3137.11 101.71
5385 235518.22 56206.40 3487.16 183.03
5386 72272.81 57771.14 3938.77 1206.07
5387 152167.18 47185.96 3577.41 70.09
5388 -193500.32 48453.71 3774.77 75.88
5389 -253643.04 42168.76 3554.20 117.15
5390 -222266.45 237555.17 3897.62 176.10
5391 240051.79 212954.02 3200.59 152.11
5392 135093.09 96366.55 3192.21 53.94
5393 -120728.88 -82626.00 2793.80 207.76
5394 -105594.01 221059.68 3445.83 37.48
5395 -215319.46 180566.91 3777.78 579.30
5396 -201454.34 34662.64 3925.54 229.29
5397 -9380.05 54237.66 3315.72 88.69
5398 145594.98 240908.12 3814.69 58.99
5399 -92205.39 45637.30 3571.92 585.50
5400 -29496.31 -13938.05 3436.26 522.89
5401 108603.46 253677.18 4002.02 137.73
5402 -210261.56 71442.63 3638.04 127.88
5403 -39134.34 -141134.41 490.35 70.59
5404 239421.83 200532.16 3924.50 764.31
5405 -57768.60 128719.62 3188.10 30.00
5406 175851.25 -163541.37 539.05 63.83
5407 251006.33 251897.10 2992.99 83.07
5408 -13421.77 142369.76 3429.56 59.58
5409 -189045.32 64036.20 4113.96 30.00
5410 21539.09 163333.34 3496.41 35.64
5411 -154453.57 87451.96 4017.26 136.19
5412 -99508.89 -35546.43 3130.06 30.00
5413 94635.48 106381.11 3511.19 151.91
5414 -217392.39 -24158.59 3511.90 73.34
5415 -216692.56 -40311.98 3568.16 267.23
5416 -238252.76 76457.34 3870.49 84.01
5417 208446.56 -117510.06 1439.90 82.08
5418 28076.23 58189.55 3386.43 178.45
5419 -191205.46 111959.53 3290.57 108.92
5420 164058.35 -42221.42 3307.59 192.30
5421 -246625.72 254529.07 3798.72 32.16
5422 -43080.67 24102.51 3088.93 30.00
5423 -253411.63 -114005.67 1714.78 283.92
5424 -251909.38 -44181.70 3110.15 31.95
5425 -12703.19 138371.34 3966.48 734.79
5426 249128.17 223722.48 3643.01 66.68
5427 -9625.63 -43002.84 3106.48 85.65
5428 -85120.41 24719.45 3480.63 126.75
5429 47545.73 78426.75 3190.59 31.81
5430 -194211.01 -183860.55 666.06 135.09
5431 -191635.06 78434.85 3937.26 35.47
5432 208180.12 238195.17 3760.99 93.05
5433 251677.97 227828.15 3852.43 50.05
5434 13410.99 9170.07 3653.89 138.84
5435 68529.68 11851.01 3073.82 75.15
5436 85926.08 258672.20 4053.87 41.81
5437 -259839.44 118823.47 3337.94 91.00
5438 138555.55 -155774.83 381.01 57.91
5439 34214.73 158190.47 3765.03 82.98
5440 -126496.10 -70040.71 3313.45 109.49
5441 170206.72 -152224.98 1038.04 96.96
5442 -46932.91 122546.71 3314.66 107.88
5443 -155879.67 250378.77 3354.92 137.62
5444 -170559.78 68420.23 3249.02 60.73
5445 -45158.80 -50218.04 1549.10 115.24
5446 38837.72 117864.95 3590.59 23.35
5447 1309.68 251854.08 3578.57 137.23
5448 -133671.98 -60606.30 3113.19 50.55
5449 -241049.51 -169847.01 1483.63 30.00
5450 -61237.90 -83772.58 1565.85 75.09
5451 -14919.18 -78303.39 1438.44 108.57
5452 -96149.04 191752.53 3658.83 95.84
5453 -129398.17 131303.81 3673.01 131.92
5454 76561.88 2113.32 3231.11 30.00
5455 -148369.95 -103648.41 2105.11 88.84
5456 -122915.99 3087.46 3243.47 53.56
5457 -77525.99 -2171.97 3497.63 116.23
5458 46007.17 201134.75 3623.33 145.48
5459 -10944.40 -55755.31 854.53 59.38
5460 225910.81 14511.05 3394.87 138.37
5461 -237276.36 220594.63 3840.68 574.66
5462 -212260.69 -176770.74 638.08 30.00
5463 -86209.32 194153.98 3224.35 30.00
5464 -198250.96 -30016.01 3543.89 52.09
5465 -191230.14 41304.56 3776.11 346.18
5466 267598.86 -88625.33 794.90 47.91
5467 22571.76 46845.07 2917.72 30.00
5468 84664.92 -42193.23 3102.38 83.96
5469 -189693.59 93545.89 3983.20 95.84
5470 150178.53 -6516.72 3532.76 130.86
5471 -78636.88 -251528.92 408.87 82.19
5472 103884.19 264767.11 3317.47 58.43
5473 71590.28 115673.83 3423.26 91.13
5474 49530.26 13457.87 3192.62 16.73
5475 20618.62 25463.02 3285.62 47.96
5476 -179969.84 -26775.71 3628.11 493.37
5477 -128477.74 68366.59 3647.12 84.41
5478 23177.16 224871.01 3261.01 90.01
5479 -250317.09 -89540.13 2834.54 115.09
5480 -102105.74 8920.09 3309.33 629.23
5481 134154.63 52862.60 3145.38 87.55
5482 -97871.29 -40910.68 2805.01 73.78
5483 16039.02 211280.42 3541.93 160.07
5484 -140090.01 -217562.39 327.61 51.39
5485 -122253.92 -171856.08 676.13 69.27
5486 56781.32 -48037.37 3352.84 63.92
5487 6533.31 58831.83 3353.03 388.94
5488 269186.10 -40146.79 2918.29 665.19
5489 147133.02 -147904.01 1052.42 462.63
5490 -82620.76 -25259.28 3280.50 93.51
5491 112429.39 236758.78 3774.87 119.40
5492 47109.18 -4206.44 2685.03 89.35
5493 95459.99 252896.74 4014.07 115.01
5494 -116563.23 -164682.77 1262.69 84.11
5495 -116716.15 -168185.16 1026.68 86.74
5496 66269.06 62322.38 2804.96 71.63
5497 17190.52 82752.37 3520.74 79.22
5498 56787.24 58333.45 3613.05 647.70
5499 -100104.91 12968.48 3301.56 89.67
5500 -203455.88 -44502.03 3736.52 353.24
5501 436.56 -67129.27 1196.11 67.04
5502 -130310.21 -88635.31 2630.53 80.33
5503 169936.42 -155465.62 804.54 47.10
5504 -32170.49 -26892.26 3166.71 59.60
5505 74174.91 -53269.64 3481.31 509.83
5506 -269961.40 -91289.37 2827.41 114.88
5507 159154.91 135912.70 3176.11 150.48
5508 122853.05 -55469.79 2613.56 89.14
5509 -157193.02 -177925.99 832.99 56.78
5510 57547.18 14972.46 3363.82 98.60
5511 -102946.76 18483.50 2558.93 74.71
5512 -135724.00 -70087.33 3049.36 53.43
5513 -43384.80 48772.73 3563.77 494.86
5514 -59683.58 -82172.88 1604.25 146.82
5515 201521.90 -15923.10 3562.50 461.97
5516 53443.57 -19359.53 3116.94 51.00
5517 -185121.74 101846.10 4108.25 84.98
5518 116370.80 215459.75 3558.47 65.54
5519 -73382.19 118712.82 3336.76 31.07
5520 -205537.13 -33362.40 3912.91 72.27
5521 -58844.88 73378.95 3373.31 91.06
5522 152393.32 48864.82 3598.12 59.18
5523 -243185.59 -118089.49 1144.62 83.72
5524 47472.22 -3831.36 3138.14 30.00
5525 208287.80 87997.51 3111.34 92.24
5526 -91812.70 -92779.61 1711.55 146.36
5527 109164.29 -15832.38 3289.01 166.89
5528 90820.34 206261.24 3892.73 729.02
5529 69282.50 61959.25 3247.66 182.64
5530 -92598.73 -19028.58 3230.10 88.34
5531 -49803.67 148421.85 3173.05 72.39
5532 -147932.64 -75562.79 3169.07 30.00
5533 -232705.43 261488.54 3437.07 89.58
5534 203590.30 -55906.51 2712.58 426.58
5535 -190038.00 44515.37 3587.38 137.53
5536 269941.15 -89677.26 1309.58 587.44
5537 -151377.87 85895.04 3516.92 30.00
5538 37574.14 211778.70 3373.12 108.68
5539 14840.11 54778.85 3658.23 955.56
5540 163921.32 257587.40 3655.71 176.10
5541 37496.82 122608.96 3891.65 475.43
5542 110832.44 263575.36 4173.89 638.76
5543 -239350.13 85756.58 3702.89 30.00
5544 -232020.92 240956.90 3611.66 235.95
5545 1532.34 128315.06 3869.75 30.00
5546 215102.03 -140375.89 662.27 71.13
5547 -31800.33 -25544.26 3881.06 848.71
5548 135489.23 -83504.03 1337.50 83.35
5549 -30598.19 -12587.82 3211.50 75.26
5550 79230.94 40984.96 3444.38 265.50
5551 -7344.49 196161.15 3819.02 110.54
5552 -208900.16 76127.06 4516.59 977.28
5553 182485.54 -150745.57 605.75 89.47
5554 -81696.33 -17773.88 3671.33 623.92
5555 -32889.16 -28302.82 3607.31 501.27
5556 163853.86 48188.36 3015.11 52.54
5557 60697.77 18590.01 3448.75 71.03
5558 -243603.73 69781.09 3035.71 98.95
5559 152068.84 -67884.73 2097.61 95.54
5560 51370.25 62801.24 3205.09 284.73
5561 -126775.61 -79794.08 3294.79 66.33
5562 264913.46 -78891.04 1057.43 88.32
5563 166683.49 -67989.35 2626.28 140.03
5564 -115768.31 -67219.08 3928.57 1076.05
5565 -44880.93 -48266.00 1950.38 97.49
5566 -141341.23 -178173.77 417.15 61.26
5567 82022.69 -118737.65 1394.87 68.10
5568 215535.71 244219.03 3639.05 165.06
5569 81527.45 -90289.90 1731.88 115.52
5570 -64490.62 223804.74 4130.28 1181.47
5571 255855.39 -135467.49 790.37 478.88
5572 -215782.81 162048.02 3000.34 37.14
5573 -124497.95 -70977.98 3309.34 79.46
5574 182654.92 236914.77 4092.06 504.86
5575 241540.12 -124981.51 952.51 59.02
5576 -64515.46 -7682.13 3115.97 131.44
5577 12961.53 53556.99 2905.05 75.54
5578 -257584.62 -66663.79 3187.11 81.70
5579 235536.80 147565.02 3474.35 128.92
5580 263274.76 -97539.41 1227.75 107.20
5581 -152324.99 -178074.80 1236.92 173.56
5582 3419.46 18068.58 3092.23 91.70
5583 -128622.54 -96032.76 2276.12 379.98
5584 -78581.35 -123224.54 1496.55 147.60
5585 20435.95 -68004.20 1754.85 30.00
5586 109243.19 -9971.42 3121.50 92.42
5587 -134618.03 -52709.18 3121.02 56.46
5588 119362.25 266454.34 3545.42 41.93
5589 -31266.73 -41182.99 3414.52 87.77
5590 -137578.17 -210132.68 829.26 559.86
5591 260856.82 -106613.36 1001.45 67.44
5592 -259851.47 -58771.55 3258.18 37.83
5593 -91704.46 13553.98 2771.16 30.00
5594 180113.68 58739.32 3371.50 53.20
5595 113907.55 93283.01 2905.95 76.48
5596 142150.05 70337.56 3656.15 93.97
5597 5157.70 60814.31 3019.91 30.00
5598 243387.50 42434.52 3144.54 30.00
5599 -262265.42 187128.01 3604.83 100.34
5600 -231746.03 123660.35 3267.19 129.13
5601 -227538.10 109078.89 3636.77 50.70
5602 125743.99 -34295.13 3146.23 126.27
5603 196.64 44497.74 3100.38 93.76
5604 -188997.23 79730.34 4381.71 428.26
5605 226592.04 -24767.40 3431.75 123.73
5606 64236.05 -100393.63 1845.64 85.26
5607 30976.30 174399.22 3646.82 361.87
5608 -217989.61 42297.10 3801.50 770.89
5609 36815.46 34698.05 3462.24 63.63
5610 13967.48 6226.01 4150.34 53.30
5611 -268541.05 164456.34 3575.42 73.41
5612 198980.48 72799.45 3352.40 63.11
5613 171065.34 231702.20 3569.28 88.66
5614 -144768.02 -179264.77 908.75 80.33
5615 -129442.36 -51210.28 2873.33 125.81
5616 53329.62 -22430.74 3563.49 694.58
5617 37612.30 89300.38 3187.36 45.31
5618 31338.70 23350.73 3016.40 75.69
5619 -61096.98 210647.97 3147.43 30.00
5620 -93257.80 -12351.98 2766.04 72.44
5621 -11029.56 -869.94 4796.33 73.41
5622 -204269.38 225025.19 2854.43 75.66
5623 -244808.90 265126.13 3552.80 175.23
5624 138789.95 172840.37 3590.56 583.55
5625 172112.72 260040.83 3451.02 30.00
5626 -194533.43 -91615.36 2801.78 97.64
5627 216220.36 196063.71 3469.99 177.19
5628 19384.83 -71671.87 2048.26 347.53
5629 -81696.62 -4457.23 3111.68 238.63
5630 121927.73 58009.42 3106.84 30.00
5631 185209.12 -61160.42 2708.32 347.06
5632 -170607.40 133499.61 3826.30 685.96
5633 129867.48 254828.11 3944.00 190.07
5634 148839.25 252613.37 3267.68 30.00
5635 -1106.10 195927.68 3896.96 136.86
5636 224522.27 251334.89 4267.59 783.76
5637 89465.83 244811.38 3577.18 105.97
5638 18105.16 157234.87 3196.93 52.29
5639 -125124.56 -33573.66 3542.65 491.78
5640 209943.70 -54005.80 2580.95 97.10
5641 -186959.85 247990.48 3836.27 30.00
5642 216622.14 192574.73 3584.75 253.92
5643 -93458.09 154578.98 3592.65 160.92
5644 -69013.12 -50243.81 3081.04 95.67
5645 -143760.24 -61732.15 3550.92 154.45
5646 134377.93 263327.58 3697.92 30.00
5647 28055.96 61593.68 3432.81 173.14
5648 93788.04 215059.66 3745.04 117.51
5649 -213272.61 251479.35 3749.86 103.27
5650 -213114.86 38842.30 3137.75 130.18
5651 172647.46 230789.50 3467.80 86.89
5652 138452.03 -156927.05 673.40 79.13
5653 -185864.38 106156.06 3338.55 157.43
5654 246113.65 58043.19 3594.79 495.49
5655 172175.69 -10199.82 2841.22 116.06
5656 91337.05 -139810.44 571.14 55.65
5657 -18248.34 59457.22 3440.37 38.06
5658 -138346.06 26845.14 2987.18 38.74
5659 34684.61 -64442.67 2814.20 51.42
5660 -113281.14 11291.94 3423.91 510.31
5661 -44813.71 19087.04 2957.84 36.34
5662 -137058.62 -106804.52 1290.73 182.51
5663 99662.42 -50554.66 2813.46 141.36
5664 105354.90 197313.16 3522.57 142.78
5665 -119171.75 -174051.16 292.89 51.68
5666 -68714.63 169623.53 3686.30 666.87
5667 -99942.62 -37979.41 3360.93 136.83
5668 -55660.67 118189.96 3570.33 443.67
5669 210222.87 -5794.58 2986.85 59.26
5670 -142045.08 -44226.88 3173.06 82.01
5671 10516.30 -42156.92 3050.92 81.18
5672 245972.28 -125663.13 1098.60 247.66
5673 -64368.91 130268.62 3083.61 84.92
5674 -155847.02 -180789.01 674.80 191.70
5675 72041.44 162594.57 2869.60 63.95
5676 251468.37 265639.45 4178.73 63.09
5677 -106180.43 -167534.00 646.67 88.11
5678 -151400.77 150637.86 3079.75 30.00
5679 -218852.62 -176225.40 766.66 55.33
5680 -84735.32 218044.67 3169.73 62.51
5681 -74476.34 210927.48 3115.93 30.00
5682 166907.45 173974.83 3373.40 49.42
5683 205472.63 17542.54 3657.97 137.33
5684 78147.61 258065.93 3759.76 84.51
5685 -64174.72 159976.42 3487.76 30.00
5686 -130690.40 64213.08 3546.41 57.66
5687 -259919.87 91858.31 3640.86 617.24
5688 5206.20 -18112.11 2212.51 53.72
5689 -81768.05 112456.72 3656.72 68.49
5690 -226127.97 121294.46 3577.13 84.17
5691 199754.94 265194.71 4112.71 57.40
5692 -148620.76 -82555.91 3494.07 461.16
5693 236553.43 139361.76 4038.83 841.81
5694 173740.92 135875.55 3743.96 131.18
5695 -126587.45 -59793.51 3384.79 98.81
5696 5600.16 239879.94 3930.77 433.80
5697 -201953.62 -37455.07 3701.84 87.86
5698 9284.02 78192.96 2932.31 53.93
5699 120927.78 -63471.94 1596.28 75.56
5700 213417.28 55282.63 3134.61 146.65
5701 46210.00 6990.97 3051.46 199.32
5702 92772.28 -260679.77 316.68 61.45
5703 -250190.65 -81197.09 2904.54 72.10
5704 -136280.43 -35976.02 3438.32 57.91
5705 252642.33 -40727.61 2782.84 165.07
5706 -216700.89 -172304.02 1082.15 75.21
5707 216496.16 225158.60 3162.44 89.06
5708 -172021.43 -17041.64 3422.76 5.96
5709 -224968.73 -160738.30 990.04 79.30
5710 41298.33 -56247.27 3653.66 476.40
5711 -102900.75 2206.10 3558.15 432.73
5712 -173298.16 -129884.28 683.66 81.18
5713 86842.77 43889.22 3699.33 981.17
5714 13207.34 -5352.73 2967.41 234.58
5715 122672.41 85233.36 3217.34 125.68
5716 -191860.31 -171873.27 1283.38 86.63
5717 12577.43 54775.42 3481.55 63.50
5718 42468.70 -60314.25 3259.01 124.61
5719 -237390.03 106161.64 3686.05 134.83
5720 88319.09 5365.85 3207.64 23.51
5721 -12109.54 -108452.64 1161.87 54.98
5722 -198463.25 268133.83 3733.16 198.56
5723 -198572.27 83025.15 3514.03 84.56
5724 -245681.20 59428.83 3447.81 469.87
5725 -254532.47 232637.79 3663.99 69.26
5726 211326.91 -7292.58 3819.48 896.40
5727 -132892.11 -90533.76 3061.58 554.02
5728 36097.97 -67515.66 2099.49 189.09
5729 154862.29 -44480.80 3790.12 346.54
5730 -190665.59 -186132.33 462.53 71.13
5731 130744.25 -151296.68 401.58 88.41
5732 -259046.90 212499.64 3241.10 71.69
5733 -57570.89 -7336.40 3315.74 513.03
5734 208884.11 -56288.09 2106.76 83.66
5735 -104023.14 -64215.98 2975.15 57.71
5736 85319.21 258292.35 4358.43 57.42
5737 204825.91 -51372.74 3545.09 103.01
5738 10242.64 73972.19 3098.69 98.07
5739 136729.86 258261.34 3415.12 68.18
5740 -264983.68 171168.68 3352.72 145.95
5741 -176354.87 101600.28 3697.71 70.59
5742 -229658.72 108362.01 3513.61 10.45
5743 -193302.08 252133.28 3142.95 126.07
5744 -36190.90 57004.55 3551.63 386.75
5745 118414.05 -152079.78 568.44 82.84
5746 -254174.22 -40862.57 3554.81 181.64
5747 173571.76 216364.09 3619.36 124.61
5748 -34817.82 6049.23 3798.24 753.59
5749 229489.57 -136359.40 200.80 52.69
5750 198836.45 -145457.87 800.30 70.80
5751 263490.19 -70523.94 1554.30 306.42
5752 -74882.16 -146.18 3609.23 85.06
5753 -113782.03 -169534.52 905.76 80.72
5754 84.42 169359.23 4044.03 696.57
5755 -161201.42 251040.43 3800.68 539.47
5756 124081.94 -54034.32 3181.70 849.02
5757 -33752.50 -42058.97 3519.71 261.15
5758 -34878.31 -15664.69 2958.33 71.30
5759 96587.85 -5866.25 2702.81 91.68
5760 257563.16 -125926.07 1092.74 264.49
5761 81261.05 37620.58 3482.88 207.19
5762 -182008.37 -170655.30 1219.85 69.28
5763 -107826.87 17623.12 2897.41 30.00
5764 -92900.26 -21047.50 3360.57 126.98
5765 -60670.13 134616.67 3315.02 91.42
5766 -240691.84 -74989.51 3490.14 555.48
5767 -160843.78 56159.95 3593.99 128.16
5768 -59918.93 -133097.29 864.41 76.28
5769 -143472.67 91560.21 3703.68 211.18
5770 163106.34 51013.23 3476.25 80.61
5771 59854.41 35768.72 3375.12 692.07
5772 66974.97 -56542.21 2856.86 130.26
5773 253150.19 230489.61 3709.33 81.99
5774 -66850.28 -6541.59 3743.07 1140.73
5775 -264980.69 119407.55 3667.88 39.03
5776 215248.54 160876.18 3663.16 61.27
5777 222445.05 224929.28 3933.42 92.15
5778 129240.09 29268.57 3678.11 486.68
5779 -30854.31 -15490.93 3063.78 114.96
5780 -12872.85 141689.05 3708.58 106.29
5781 74261.52 -72042.42 1651.98 88.75
5782 -185104.25 42380.01 3590.00 130.94
5783 248638.82 -81893.01 1141.14 57.34
5784 -110484.97 -183539.90 392.89 81.97
5785 -68480.27 -23805.94 3641.78 168.70
5786 -205415.28 47059.38 3253.22 133.76
5787 193449.45 263098.18 4356.89 372.93
5788 -139299.99 -62608.78 3320.96 136.63
5789 -100578.06 882.52 3546.60 104.86
5790 264360.49 225778.21 3831.78 90.18
5791 52583.56 -69301.42 1773.60 30.00
5792 -100537.16 32342.34 3189.26 131.58
5793 -214291.05 -42940.51 3590.41 404.43
5794 -223392.28 -11631.74 3306.82 70.96
5795 29165.38 -84212.92 1997.07 96.64
5796 -7587.63 -57744.10 858.17 30.00
5797 -7275.04 62466.54 2966.08 62.84
5798 8.72 -2045.98 4898.25 84.61
5799 331.57 238448.83 3502.41 134.13
5800 -249427.23 264462.75 3489.82 170.98
5801 268637.89 -56565.36 1818.13 636.90
5802 955.51 -32572.72 1938.12 30.00
5803 82641.96 -12645.92 3203.05 176.55
5804 167588.97 32169.21 3022.73 110.25
5805 115628.35 248355.26 3579.86 49.57
5806 134172.77 -139318.39 1197.38 90.44
5807 129087.67 -52773.27 3124.33 90.45
5808 265579.76 -130193.00 724.67 46.47
5809 -212911.06 264910.83 3128.57 57.40
5810 -201163.18 -175740.88 883.80 48.29
5811 -104430.70 432.29 3033.98 97.58
5812 -129746.18 -57889.99 3139.73 52.76
5813 -179388.29 162072.05 3093.53 79.46
5814 -141024.95 -179839.26 876.40 152.92
5815 -251786.97 136124.60 3039.04 61.26
5816 -63986.50 212117.08 3763.94 211.00
5817 -99692.01 -76629.61 2294.26 75.48
5818 -33719.46 37506.40 3067.00 113.71
5819 116855.19 -76879.49 1168.84 70.28
5820 -237955.38 231873.19 3583.07 76.48
5821 -129278.73 68258.04 3688.11 130.33
5822 -218958.22 268272.69 3453.69 113.72
5823 -72311.19 -1972.86 2747.69 85.31
5824 115669.24 252819.28 3903.43 46.15
5825 197010.87 266436.09 4292.44 75.21
5826 54063.59 -42229.77 3652.53 107.49
5827 18832.93 161559.85 3561.86 58.90
5828 -264480.36 -72836.80 3815.75 922.55
5829 218852.98 157184.04 3491.23 141.63
5830 254210.89 -41731.95 2741.48 132.16
5831 243904.55 -81591.91 1078.36 68.99
5832 -191960.96 -70886.22 3518.76 70.75
5833 47641.78 232387.52 3255.05 67.63
5834 -177111.82 -650.84 3627.23 92.67
5835 -98908.54 189704.52 2959.16 72.10
5836 -288.91 -33158.45 2244.70 81.99
5837 -93417.16 9208.13 2809.38 30.00
5838 219636.79 16802.08 3439.11 105.83
5839 -62031.53 217140.59 4086.57 940.79
5840 -67018.55 -62608.62 2393.95 560.68
5841 -113926.65 -68519.83 3321.47 46.37
5842 86536.33 -26684.07 3367.95 91.30
5843 40346.36 120151.01 3552.95 62.73
5844 -123348.51 -78788.32 3230.13 92.63
5845 -215757.93 38091.89 3500.00 89.74
5846 32756.20 -73793.66 1321.26 76.42
5847 30556.48 52084.97 3245.87 82.87
5848 -218683.84 158179.50 3431.24 104.26
5849 -161971.64 236355.78 3496.16 78.04
5850 -206545.07 -95514.03 2710.27 118.86
5851 -156668.32 118006.45 3145.82 111.02
5852 161262.23 268446.82 4157.76 147.75
5853 -204399.08 137300.98 3360.62 208.50
5854 196613.16 -146754.87 1069.26 154.55
5855 -253965.21 -84872.83 2994.11 89.73
5856 -25219.73 -7024.17 2929.44 30.00
5857 132168.18 -54351.67 3499.53 147.31
5858 -85513.92 5016.10 2805.98 118.61
5859 33725.76 15426.22 3004.28 53.68
5860 114840.73 78416.46 3445.41 104.33
5861 -238444.61 245665.23 3402.91 125.67
5862 -68897.64 213894.14 3292.11 97.22
5863 -128632.96 231477.44 3625.10 213.49
5864 -193253.40 119474.91 3696.59 59.86
5865 -143030.66 -26831.28 3614.63 141.25
5866 179595.15 -37515.81 3677.63 213.22
5867 -203921.79 253314.74 3257.44 135.76
5868 265497.76 188645.80 4069.52 939.40
5869 23836.22 -90114.42 1521.03 99.78
5870 31890.66 28197.82 3357.92 55.22
5871 -127704.80 127772.31 3593.10 131.77
5872 -145505.86 -184104.63 397.95 85.98
5873 -44321.51 5883.44 3568.87 123.58
5874 31574.11 251764.69 3574.81 168.23
5875 15849.29 22566.95 2726.06 147.29
5876 87773.22 -26618.98 3431.25 454.88
5877 -17196.32 -82367.92 1079.19 66.50
5878 265169.27 -103451.07 1084.31 63.89
5879 -183549.63 -95763.69 3144.27 1352.89
5880 41128.98 93290.81 3642.87 331.31
5881 -114640.58 -83047.79 2771.28 173.03
5882 177670.94 43723.82 3014.75 117.97
5883 32729.04 -71918.93 1518.36 64.76
5884 -199020.09 -170653.90 1829.44 641.64
5885 148340.59 95702.04 3926.57 86.00
5886 232500.42 257295.44 4390.14 90.39
5887 -232987.47 -12075.44 3237.82 228.24
5888 -62067.80 -139445.04 1127.77 59.08
5889 -86627.31 -62798.82 3168.36 79.85
5890 230433.32 51817.27 3360.32 30.00
5891 73543.45 1123.49 3465.89 139.09
5892 -135672.54 45599.11 3482.46 144.05
5893 103021.98 47094.28 3067.18 30.00
5894 -210997.06 67719.73 3587.07 147.15
5895 -221779.80 11066.15 3428.95 74.15
5896 -11233.86 38217.64 2914.57 30.00
5897 35713.04 -86620.69 2234.71 966.93
5898 227096.87 -49427.50 2699.60 93.49
5899 235559.05 225605.45 3976.86 245.53
5900 102719.01 246041.09 3785.94 245.41
5901 225017.42 -139819.13 686.91 442.33
5902 -39399.26 55188.60 3217.11 30.00
5903 -94660.85 -22022.25 3358.03 82.62
5904 -145590.75 -178333.00 948.79 70.03
5905 -220510.96 -115309.76 1461.90 97.53
5906 -66175.18 -122824.06 1309.51 83.57
5907 80032.08 -95700.23 1666.60 30.00
5908 80241.50 -119310.29 2218.27 848.60
5909 -11894.68 -251994.84 649.91 80.16
5910 17861.74 33407.71 3048.87 7.59
5911 185297.80 -46403.10 3187.55 123.00
5912 -176935.45 -107982.85 2010.75 30.00
5913 -252556.61 -178889.15 831.34 44.67
5914 -62348.88 226766.22 3113.59 54.30
5915 14384.55 49058.56 3267.32 351.03
5916 187720.42 -27074.82 3792.49 500.32
5917 233595.61 51243.94 3324.22 46.30
5918 -48003.94 9846.44 3240.33 77.05
5919 130483.01 268375.00 3277.38 145.15
5920 -174985.74 -128047.72 931.40 69.49
5921 -74697.24 -140748.88 1037.17 49.53
5922 253528.05 -90172.45 1159.26 99.27
5923 -142910.74 41314.85 3688.33 253.26
5924 -6474.66 -26463.51 3070.36 91.95
5925 -62897.68 152546.59 3266.81 94.26
5926 -253629.19 247563.93 3548.94 31.97
5927 203054.58 18418.41 3543.39 77.98
5928 157325.19 -147333.57 1243.33 68.66
5929 -62620.65 -6920.52 2854.23 30.00
5930 -120698.63 78515.21 3936.54 574.51
5931 -13990.20 187501.02 3731.25 91.44
5932 -98642.86 -101041.24 1197.99 85.47
5933 -159166.76 52960.95 3694.56 142.25
5934 19321.98 -46973.37 3038.70 30.00
5935 -147992.57 69245.81 3536.70 30.00
5936 -184731.46 45340.78 3611.78 110.60
5937 226158.27 220570.61 3347.14 124.64
5938 183536.08 -166194.86 338.34 85.75
5939 130858.47 -152300.93 312.94 55.69
5940 -35827.19 20799.54 3247.43 463.87
5941 -150372.52 34244.66 3348.24 166.94
5942 -47329.41 -255416.03 220.09 53.97
5943 142814.90 -4682.41 3874.14 930.80
5944 -213434.89 265781.25 3416.73 100.74
5945 31367.75 18600.28 3539.19 610.47
5946 136092.62 178860.06 3744.71 493.27
5947 -140100.57 -18545.66 3682.53 565.87
5948 -256038.09 200568.87 3668.02 127.08
5949 -118577.39 -83178.59 2735.01 83.52
5950 171014.58 -42129.89 3134.35 85.42
5951 -254290.81 -85241.80 2624.46 54.41
5952 -2791.71 35030.47 2626.59 98.15
5953 -96650.00 -161894.77 430.07 53.54
5954 -147595.56 58412.58 3546.61 80.07
5955 -69828.81 12321.95 3266.06 68.21
5956 108741.72 84061.00 3108.46 93.26
5957 -16826.30 19805.79 3177.65 201.08
5958 187747.28 59494.55 3510.08 62.95
5959 -75495.58 22410.98 2947.29 30.00
5960 115276.05 269022.71 3695.19 76.59
5961 108291.88 -4496.97 3659.33 115.32
5962 -262501.53 -105700.39 1841.63 142.25
5963 -188764.46 -165957.66 1277.32 55.76
5964 30752.49 12135.59 3264.00 86.69
5965 -243776.53 244532.33 3851.22 30.00
5966 -179930.89 -29608.36 3189.58 30.00
5967 199652.40 96806.42 3494.99 107.61
5968 -197990.61 99234.79 3286.11 69.14
5969 -174575.34 225059.67 3682.54 145.35
5970 -68807.49 -61119.57 1950.85 70.36
5971 -70522.97 -18849.83 3180.69 30.00
5972 -147465.96 -178951.23 541.49 60.55
5973 -178044.99 -120521.47 1623.61 340.99
5974 162666.71 227655.69 3279.57 88.71
5975 -642.02 67149.39 3140.00 146.45
5976 241011.32 197683.28 3503.15 123.86
5977 -243584.88 -69072.90 3450.11 307.65
5978 -104986.13 189612.32 3367.03 112.40
5979 139882.55 -52201.91 3455.73 30.00
5980 265233.74 -128473.47 1319.44 862.95
5981 162510.16 -152899.73 877.40 64.16
5982 169273.50 173377.79 3434.21 58.66
5983 34585.34 162092.14 3962.43 149.29
5984 -25361.99 -75867.55 1097.80 80.53
5985 -12643.26 37122.97 3301.32 447.23
5986 -77974.53 -87295.07 1203.27 179.47
5987 -15473.56 -83203.74 1376.77 87.02
5988 -181781.64 138865.01 3859.78 260.78
5989 256438.76 -133028.89 427.30 71.47
5990 -14144.80 14707.18 3362.77 30.00
5991 143277.15 -95468.19 1709.80 76.37
5992 -236716.53 16667.34 3260.75 30.00
5993 81064.39 -108841.15 1247.99 164.65
5994 -95295.99 12054.86 2464.33 62.29
5995 672.64 148873.87 3316.42 30.00
5996 70129.00 -158026.52 504.77 274.79
5997 -102907.42 3038.89 3030.12 85.33
5998 -46830.57 176765.08 3131.20 129.23
5999 -21390.17 -104425.79 2102.17 661.80
6000 -250010.93 71688.74 3673.96 56.74
6001 166875.40 132405.41 3645.29 147.18
6002 -142420.06 -72168.31 3161.20 85.41
6003 -88639.29 -150603.73 658.88 72.01
6004 93598.61 254659.74 4331.96 854.13
6005 -235251.06 96633.67 3688.55 58.07
6006 19434.45 -7789.91 2958.70 30.00
6007 -247595.88 -176328.68 1259.68 491.94
6008 -171760.11 231040.63 3242.78 30.00
6009 -152392.43 132652.48 3587.92 97.97
6010 -189029.88 -56982.96 3591.70 163.05
6011 -256761.51 -68093.91 3288.24 200.87
6012 -48719.71 224922.19 3731.74 771.81
6013 34128.97 242018.52 3258.17 89.65
6014 -176846.34 10689.88 3578.59 73.42
6015 -67192.27 217321.23 3603.39 99.49
6016 -207051.64 141397.96 3256.03 69.49
6017 -89470.69 -12344.88 3449.90 277.22
6018 260328.33 -130720.47 871.18 52.40
6019 251180.43 186042.94 3319.47 51.32
6020 33794.20 80228.99 3608.94 421.17
6021 141444.78 -150155.13 579.87 64.03
6022 138258.96 -66014.67 1485.04 88.94
6023 129059.55 174541.56 3738.73 246.16
6024 -55771.03 221009.56 3662.16 433.00
6025 114836.03 77093.10 3115.76 30.29
6026 -217131.16 185290.97 3561.00 98.63
6027 155988.58 25125.15 3526.62 63.85
6028 -198870.09 94255.65 3594.21 31.03
6029 77740.50 260003.00 3894.53 238.58
6030 171846.25 -153924.05 1031.16 108.84
6031 -131388.69 62183.05 3655.51 192.50
6032 -243480.56 -177342.09 889.10 56.36
6033 -209717.39 -180213.12 369.68 73.68
6034 257408.76 238538.84 3608.56 64.32
6035 -9730.50 11054.90 4807.22 67.17
6036 -61887.56 -85388.04 1240.21 56.59
6037 3318.59 -36292.88 2348.42 49.67
6038 -84872.04 27834.62 3705.89 977.10
6039 15820.78 10702.43 3425.93 92.08
6040 -176815.25 121255.66 3730.71 96.62
6041 6743.28 -14051.43 2027.67 94.35
6042 -256532.90 99622.53 3161.26 82.19
6043 168474.06 262170.02 3754.71 107.11
6044 211968.11 81441.76 3936.48 1068.30
6045 163902.15 -48740.33 3550.74 135.96
6046 -181189.96 132449.47 3344.63 141.43
6047 -15730.84 -71509.84 1468.50 244.27
6048 -244685.89 -117703.17 2058.76 843.03
6049 256328.32 -90796.84 1220.31 61.27
6050 -93239.09 216444.23 3396.20 79.09
6051 38290.40 124680.81 3662.79 118.63
6052 -137695.85 229670.08 3568.55 30.00
6053 -195747.46 85367.89 3416.97 97.91
6054 67269.08 128626.45 3057.57 31.84
6055 -224420.45 -120583.89 1625.63 437.42
6056 102443.13 199178.44 3499.22 124.10
6057 238339.50 -125485.46 1504.16 477.40
6058 -55034.05 224649.51 3354.22 40.16
6059 74353.19 10874.87 3263.97 33.21
6060 -83614.47 -59982.95 2879.93 92.59
6061 -645.54 81846.90 3078.58 59.65
6062 -169060.07 70629.68 3581.55 39.48
6063 90113.28 207265.17 3538.66 30.00
6064 119384.26 61919.23 3167.77 30.00
6065 -19376.23 60350.43 3801.83 414.23
6066 -223673.00 43690.54 3426.72 30.00
6067 91986.93 -96542.28 2112.37 93.86
6068 -229574.46 -180510.25 310.38 61.75
6069 124836.57 257536.09 3696.27 532.04
6070 -236852.49 188763.38 3887.66 1063.56
6071 -183609.99 120022.90 3848.24 122.90
6072 210317.67 -152681.28 343.68 60.59
6073 155523.76 93010.65 3664.15 66.32
6074 -98250.38 -33194.40 3535.32 444.83
6075 28542.20 -42207.30 2930.16 64.13
6076 132493.38 241517.64 3731.86 56.84
6077 -8902.32 145146.01 3352.86 102.23
6078 17843.13 -14017.94 3494.74 617.32
6079 48175.77 61907.03 3200.22 140.30
6080 14342.11 35458.59 2823.20 62.29
6081 -86223.77 -94816.30 900.62 58.48
6082 -35389.93 2211.81 3626.42 73.76
6083 -103022.58 7328.06 3100.68 133.02
6084 59682.20 174668.01 3655.56 83.57
6085 -210252.32 82366.01 3338.33 91.83
6086 -8686.07 198252.75 3551.16 141.13
6087 123753.85 -151701.50 728.15 86.02
6088 -128625.06 66012.04 3599.02 86.95
6089 -98532.57 -56263.46 2755.55 75.80
6090 22322.97 -43119.67 2946.57 52.33
6091 -212914.59 -44419.34 3396.60 98.50
6092 -47128.55 191148.88 3598.20 74.10
6093 -22854.87 34390.77 3424.27 30.00
6094 -209366.84 101576.13 4008.21 94.51
6095 -172576.67 181122.78 3886.56 85.41
6096 -260889.33 93942.37 3074.84 30.00
6097 -173638.59 253047.24 3447.17 127.65
6098 -99045.42 188529.69 3494.64 263.38
6099 -92370.98 -153682.22 407.59 56.90
6100 9207.38 64063.58 3413.41 312.19
6101 170113.72 153868.29 3696.04 387.28
6102 79767.06 39605.19 2785.22 65.36
6103 -69331.08 -44603.73 3128.36 80.97
6104 -73424.42 -122608.42 1703.42 641.25
6105 231513.63 -133022.43 490.56 64.67
6106 -139329.80 -27083.51 3649.65 401.63
6107 163256.35 -161568.11 510.42 60.77
6108 -99962.93 -52003.58 2854.61 93.69
6109 -179154.49 121251.11 3821.66 389.90
6110 -93158.40 23731.37 2700.99 83.72
6111 -208187.14 -73990.86 3095.83 136.98
6112 15434.55 214267.65 3529.91 110.14
6113 -163071.93 95600.45 3627.42 55.45
6114 -82877.02 156179.67 3423.27 71.06
6115 170909.59 -64673.34 2928.68 51.62
6116 97741.93 141680.76 3507.54 96.34
6117 -122704.52 -170594.21 781.95 57.73
6118 -117415.92 -1139.20 3229.21 126.24
6119 -114296.97 -66111.11 2839.11 93.18
6120 124551.28 -41634.74 3090.67 298.09
6121 228487.76 162212.65 3606.99 109.10
6122 -268830.89 166605.57 3343.77 94.53
6123 176861.76 52401.26 3639.80 324.30
6124 223587.11 -146768.93 115.93 60.22
6125 215116.82 -51510.49 2762.61 66.34
6126 189637.36 267574.29 3744.17 26.01
6127 -24248.05 -144578.08 481.53 81.24
6128 59962.12 101548.84 3357.48 168.55
6129 10768.16 213671.12 3919.65 111.18
6130 -154664.64 48375.24 3222.35 106.32
6131 -6534.92 -32955.82 3240.01 359.70
6132 -16320.08 -255658.98 654.53 102.73
6133 31915.07 159656.46 3636.39 60.31
6134 55663.33 12346.19 2834.19 126.60
6135 -17942.69 -95712.97 2098.37 61.69
6136 -239253.66 41725.44 3017.80 93.99
6137 106556.32 221577.26 3648.96 173.93
6138 -135331.65 -177781.36 647.67 98.02
6139 -31600.52 15791.55 2978.05 85.07
6140 113636.25 82459.38 3050.03 30.00
6141 -106189.91 -83577.96 1395.67 69.90
6142 -189609.39 68960.00 3695.91 177.93
6143 -209523.66 48132.78 3636.90 471.56
6144 10941.13 152135.37 3798.50 440.94
6145 -77604.48 -13762.50 3068.36 120.06
6146 128195.26 259898.07 3920.32 80.26
6147 -48973.06 8333.12 3468.19 503.64
6148 -78055.58 -124279.38 1147.13 90.69
6149 -257616.69 232332.25 3791.97 31.88
6150 -144217.60 -210529.03 453.25 56.48
6151 -183306.53 40436.42 3015.81 147.67
6152 9896.99 -152.42 4361.75 139.70
6153 -147411.31 -97741.31 2891.02 144.77
6154 227051.80 93926.14 3740.57 690.92
6155 247539.79 -123832.88 902.71 30.00
6156 -53624.33 51094.30 3631.19 71.92
6157 -47063.26 45969.21 3628.05 229.94
6158 254639.66 189899.57 3647.98 199.19
6159 -46901.14 -46705.11 2756.05 96.41
6160 -141728.73 -178564.21 779.00 32.93
6161 -20907.83 -76522.62 1443.29 68.60
6162 -124735.08 -39938.61 3313.19 140.21
6163 -245427.76 53287.49 3414.59 133.61
6164 -264795.27 212970.99 3251.93 66.32
6165 -171581.62 233698.18 3693.71 491.06
6166 -128859.62 -154039.89 1589.68 1111.58
6167 12201.75 69766.01 3105.44 83.06
6168 42045.13 224067.06 3805.88 213.80
6169 -241499.07 -79935.03 3633.50 506.47
6170 -81537.87 -18915.34 2835.90 57.11
6171 -260958.09 242836.02 3649.22 49.30
6172 35761.04 173854.28 3439.89 89.89
6173 -132749.26 -100017.33 1894.34 83.04
6174 92988.62 -254235.03 442.34 60.24
6175 -107980.72 17445.08 3280.18 439.05
6176 19339.98 82682.57 3231.36 78.54
6177 190170.74 269068.70 3983.84 269.67
6178 52138.69 -70784.08 2109.41 388.28
6179 122497.69 -141565.28 1179.37 82.69
6180 24054.31 -55629.09 3441.14 95.07
6181 -18382.20 31317.46 3594.43 56.77
6182 72883.04 -59523.70 2241.12 82.69
6183 27066.42 -84907.35 1991.29 86.27
6184 83093.27 17322.29 3465.17 60.09
6185 192925.62 254607.89 4366.66 845.43
6186 -77737.49 24378.15 3185.23 131.49
6187 175538.83 -47640.67 3665.45 87.76
6188 206229.02 81608.13 3591.27 203.60
6189 46710.81 -19201.78 3215.38 88.54
6190 -92467.71 -99719.36 1957.02 947.42
6191 237574.44 -131313.51 453.55 73.89
6192 -77794.56 100653.49 3545.64 345.20
6193 -66988.74 -44896.47 3041.72 30.00
6194 -10324.50 42637.55 3380.05 118.99
6195 185507.33 -4919.80 3479.00 30.00
6196 123074.00 2482.96 3140.44 146.79
6197 -9632.99 55255.30 3489.09 398.57
6198 -42238.71 -260449.24 607.88 70.50
6199 134312.31 199091.94 3393.38 31.50
6200 234372.07 48996.19 2879.47 86.75
6201 -20294.90 -34584.35 3361.66 112.88
6202 24565.78 -60949.02 3622.37 795.35
6203 -222846.25 221607.29 3294.04 86.18
6204 -40030.01 20916.75 3207.33 68.26
6205 -35358.83 59116.82 3230.58 82.52
6206 253730.90 211168.42 3533.96 96.10
6207 -226365.54 259832.53 3479.74 63.50
6208 120390.07 72766.41 2764.07 74.33
6209 9056.90 45534.01 3327.01 249.90
6210 -33900.14 15201.93 3129.37 106.97
6211 -91583.12 16570.60 3138.67 111.33
6212 153522.85 -128686.95 794.38 65.50
6213 -114244.53 -186653.52 402.12 95.23
6214 12195.63 -43710.55 3584.99 714.02
6215 -260121.36 -99346.55 2133.13 55.92
6216 -156336.67 -98708.34 3036.11 96.73
6217 -175571.70 -121221.32 1230.63 83.77
6218 253298.03 268869.23 3468.75 65.31
6219 -123779.04 -42198.28 3136.10 90.92
6220 -204612.07 191047.83 3458.73 170.49
6221 -149733.73 -84534.54 3350.88 125.70
6222 176880.24 -157255.98 592.54 30.00
6223 117118.85 -55329.94 2287.32 109.77
6224 206841.15 -149679.55 555.56 65.31
6225 -75360.25 10647.75 3270.14 81.78
6226 -56298.98 132312.35 3522.38 151.79
6227 -260136.56 -101182.86 2117.90 31.83
6228 -210117.32 24108.61 3613.98 185.12
6229 217260.53 -48051.74 2874.90 30.00
6230 46203.39 229887.12 3656.50 157.01
6231 180448.74 75856.88 3362.96 50.31
6232 -138789.13 -74486.61 3481.63 418.78
6233 -13083.94 -10483.34 3479.14 494.05
6234 -7516.58 -24087.64 3586.50 617.81
6235 36121.52 -61875.26 3123.89 66.42
6236 -179036.55 -843.93 3762.10 541.34
6237 -199650.53 -87292.36 3116.84 131.04
6238 -187330.41 227426.82 3674.91 126.08
6239 92869.70 261431.83 3489.78 52.81
6240 -188521.86 -101302.56 2123.67 96.10
6241 70927.60 -107815.37 1856.62 80.61
6242 633.30 -9917.23 2171.16 76.53
6243 143252.07 -151726.75 915.85 407.36
6244 25929.10 33171.54 3575.76 524.66
6245 155800.38 215249.40 3287.12 30.00
6246 -5200.96 86970.71 3655.23 346.88
6247 -164032.61 259650.25 3877.88 483.11
6248 -35363.75 -45650.29 2836.36 115.92
6249 -254182.61 156220.61 3566.25 89.30
6250 -225057.64 57688.47 3541.03 102.54
6251 -184330.18 106763.24 4240.97 154.31
6252 -195245.59 144859.36 3077.50 116.75
6253 -169254.53 -22962.55 3772.68 340.69
6254 -19573.56 -54903.42 2585.09 339.01
6255 42299.38 -83514.95 1911.47 78.46
6256 21415.04 23292.05 3708.93 724.53
6257 45610.44 -11716.14 3447.83 438.00
6258 -211510.44 -99564.09 2128.83 220.00
6259 -67237.55 122629.16 3168.11 51.16
6260 85326.78 1203.08 3657.53 625.81
6261 94383.39 -257639.83 507.60 82.54
6262 58660.97 146335.33 3128.56 106.60
6263 -172126.29 134405.40 3191.18 32.06
6264 143203.68 267095.27 3571.10 192.33
6265 23168.57 73849.57 3389.47 476.18
6266 -103402.52 -64914.03 3013.07 78.41
6267 20070.03 71862.84 3259.61 95.57
6268 76387.20 -109394.22 1471.62 30.00
6269 -213871.54 36357.04 3102.54 88.32
6270 -212372.87 -94951.56 2800.02 53.79
6271 -195542.06 -19301.94 3099.51 71.08
6272 -6476.69 39797.36 3143.37 69.88
6273 214696.68 154397.52 3339.74 89.40
6274 -51655.88 -48578.63 2381.58 127.50
6275 91241.69 265774.60 3424.35 192.10
6276 13800.36 6993.64 4202.11 30.00
6277 -26402.30 -10559.55 3079.17 86.34
6278 261956.29 -37829.55 2342.27 63.41
6279 203580.18 -117553.43 1308.01 64.74
6280 150636.72 66509.10 3847.72 379.31
6281 -246573.94 -174717.53 846.70 43.21
6282 203910.31 39486.14 3730.64 913.77
6283 -117873.27 -163961.60 1577.21 509.99
6284 169738.60 -6273.48 3336.89 126.75
6285 209840.18 -125778.02 1379.44 155.20
6286 -108536.85 -95959.52 1472.04 81.82
6287 8355.20 85713.61 3294.26 53.19
6288 -38576.83 -147593.73 415.66 72.16
6289 -22747.70 103980.08 3638.68 607.12
6290 -47684.94 16067.68 3502.82 602.38
6291 -80805.33 -27927.67 3929.75 1153.24
6292 -33830.34 -5954.94 3258.11 131.89
6293 -244941.32 39052.06 3046.95 81.68
6294 103256.65 17516.66 3155.88 105.07
6295 -237497.62 135107.93 2886.25 136.24
6296 148519.16 -146224.30 886.53 48.85
6297 -253713.42 135250.12 3681.15 195.47
6298 -83763.13 -147568.75 696.66 54.76
6299 -99625.55 -1647.07 3656.36 966.46
6300 224835.28 -47247.39 2955.30 145.30
6301 -81964.12 -1159.49 3275.28 63.83
6302 -6812.97 66295.60 3100.71 78.13
6303 -10912.61 219903.28 3304.49 60.24
6304 -241639.89 70353.99 3548.91 271.85
6305 -133251.50 139183.61 3375.28 34.70
6306 3350.63 -13971.05 1081.86 69.61
6307 -212555.30 102268.37 3505.23 170.94
6308 36838.29 -85935.03 1506.55 71.45
6309 246549.32 47504.51 3179.26 30.00
6310 24782.83 58233.66 3347.70 84.90
6311 22363.81 -60221.01 3152.78 82.72
6312 158497.25 -150127.64 1084.20 38.15
6313 30075.23 11432.45 3250.43 61.44
6314 -265478.85 -178214.41 969.19 140.88
6315 -29121.71 37151.13 3393.49 152.27
6316 -94173.60 -76526.77 1739.00 107.05
6317 -80821.47 2673.60 3153.75 89.60
6318 222706.37 -142045.23 215.77 67.51
6319 -194076.35 246619.87 3632.42 104.35
6320 -204148.03 177630.37 3304.61 57.03
6321 -15790.12 10614.67 3314.18 62.72
6322 11267.61 115553.65 3019.22 30.00
6323 -92990.25 -151652.68 927.61 30.00
6324 11557.51 220960.68 3640.21 52.89
6325 -145638.72 -40787.47 3095.64 42.87
6326 53353.12 198367.78 3077.29 145.80
6327 -181310.81 251787.47 3860.34 226.06
6328 -248183.67 138283.87 3555.44 65.88
6329 65858.18 230925.23 3851.79 67.51
6330 -124777.43 -66769.87 3311.30 98.75
6331 -261875.78 33923.44 2838.99 102.82
6332 208467.55 -110252.23 1289.31 160.67
6333 -216345.03 25976.47 3027.35 94.79
6334 -158971.73 182303.38 3140.22 115.53
6335 42611.13 14118.28 3480.72 121.80
6336 -189460.34 -55209.74 3143.01 79.47
6337 40659.75 -103186.91 1589.01 179.97
6338 -218182.01 -36076.43 3663.89 724.08
6339 -125829.48 -178376.04 310.10 56.92
6340 64002.33 49154.29 3598.42 395.52
6341 -137885.78 -46157.36 3107.24 59.64
6342 47016.22 -53081.36 3690.12 182.48
6343 -119698.01 170400.55 3010.92 78.04
6344 216302.85 -52061.38 2820.61 152.37
6345 9960.06 21175.42 3327.37 148.73
6346 -235942.99 -71664.06 3415.45 80.69
6347 -107933.83 174820.36 3582.19 114.97
6348 134065.47 -52817.96 3446.42 91.78
6349 82252.09 -42031.61 3184.64 181.80
6350 133106.09 134800.35 3445.02 154.22
6351 -265057.72 -166353.28 1342.72 98.25
6352 156499.66 -133737.17 892.50 54.15
6353 -130773.84 -176877.27 656.57 94.47
6354 -213445.08 97321.54 3655.03 30.00
6355 -106812.86 -80294.46 2061.28 30.00
6356 213345.13 -33780.09 3077.28 65.73
6357 -184375.63 70018.82 3871.83 33.85
6358 260916.43 268094.55 3449.55 85.18
6359 91459.90 -8623.02 3196.20 133.54
6360 -131397.23 -70923.62 3243.31 331.00
6361 -151027.29 -27108.87 3126.94 90.20
6362 -83580.20 29849.53 3338.61 192.28
6363 191293.11 -38901.01 3069.80 142.91
6364 166142.15 -137041.25 1527.67 181.98
6365 -192722.12 245811.82 3742.95 62.51
6366 -124203.56 169753.16 3663.84 108.96
6367 224609.97 -138553.48 340.13 53.12
6368 -211281.66 51600.40 2877.23 94.26
6369 -7451.77 -55431.75 1325.39 564.26
6370 -251651.57 148075.03 3231.08 154.22
6371 241038.94 185940.73 4111.23 573.79
6372 -56764.75 -130919.86 1244.86 68.96
6373 -96380.48 -20054.36 3686.07 754.87
6374 -119935.98 -167879.44 1404.20 519.71
6375 89239.17 236288.92 3457.21 58.72
6376 -156389.15 59818.36 3887.92 475.48
6377 62521.54 261846.00 3747.39 47.10
6378 24919.82 -47473.64 3307.43 350.55
6379 153134.77 718.36 3481.36 77.47
6380 -66032.31 187920.53 3719.24 112.63
6381 154519.36 225979.13 3189.69 38.40
6382 -182036.21 19096.38 3734.70 108.57
6383 134930.12 -28021.75 3067.60 89.01
6384 -100842.36 -74206.19 3440.11 867.17
6385 225603.24 247682.16 3956.32 383.45
6386 -113.85 32916.90 3620.70 155.47
6387 141160.92 -149805.26 904.54 107.11
6388 -154442.01 262915.62 3304.35 142.43
6389 253745.28 100732.30 3865.92 1353.35
6390 -155659.52 -47509.99 3254.18 153.53
6391 -99281.08 -36201.43 3336.98 136.35
6392 -17981.12 30954.43 3608.62 90.58
6393 -263527.25 -184572.85 345.15 75.03
6394 -229437.68 104842.31 3805.78 322.17
6395 -10218.48 -43691.55 3505.54 287.60
6396 3059.03 -46337.75 2267.92 95.64
6397 166697.04 -76635.46 1108.51 64.78
6398 -251502.97 71978.18 3531.32 88.99
6399 -80634.94 -21724.07 3394.84 103.03
6400 -183539.91 -100928.21 2363.69 62.22
6401 -82764.52 -93236.83 1433.88 88.00
6402 49490.61 44787.44 3191.81 164.93
6403 -177800.62 84326.75 4353.31 516.39
6404 196221.13 14576.26 3472.70 35.98
6405 -41323.00 154955.89 4056.73 822.37
6406 246596.32 59723.37 3516.32 71.86
6407 69162.34 -146232.83 552.66 61.25
6408 -129689.64 -39993.71 3621.49 500.44
6409 251547.42 -54592.00 850.92 59.80
6410 61486.78 -2279.90 2957.88 131.58
6411 106141.79 -2098.15 3065.30 130.04
6412 11853.57 117894.04 3266.50 54.81
6413 243467.80 248567.23 3958.74 570.20
6414 195091.14 -10023.53 3328.43 30.00
6415 -128856.85 -25585.92 3608.22 363.26
6416 -189188.43 231605.30 2973.83 76.33
6417 68796.88 252321.77 4138.96 463.05
6418 69142.12 9530.21 3189.25 36.75
6419 82974.57 -30670.33 3052.88 142.91
6420 62591.55 62586.00 2893.68 51.57
6421 80104.11 16402.25 3544.11 165.89
6422 -185762.56 -107669.69 2105.84 457.50
6423 130130.41 -148559.41 877.91 54.30
6424 133134.60 241708.15 4179.03 198.94
6425 -254138.44 98855.35 4382.16 1310.42
6426 68277.23 13902.26 3141.17 158.35
6427 244644.07 262113.49 3624.49 51.78
6428 -28883.16 60483.79 3093.34 78.93
6429 -27524.95 -142419.76 1034.46 494.53
6430 223822.78 -132185.38 869.78 30.00
6431 -13703.15 69600.28 3588.45 65.50
6432 41371.68 118213.70 3498.50 30.00
6433 89145.09 231448.41 2922.56 96.34
6434 -64666.52 123576.93 3766.04 705.88
6435 -24036.56 -247640.91 319.47 72.89
6436 -155660.93 -100507.96 2800.47 30.00
6437 40336.69 -40293.44 2937.19 87.69
6438 -71261.73 -3769.14 2786.81 132.71
6439 -171271.43 235029.65 3334.30 62.72
6440 34752.36 150772.92 3883.68 214.10
6441 -56919.50 168395.47 3401.93 134.84
6442 42231.98 -63327.90 2935.88 114.62
6443 -223775.95 -177250.13 697.82 30.00
6444 48868.63 -8522.48 3331.30 83.13
6445 241559.03 207990.70 3717.71 171.97
6446 -178111.55 224397.41 3019.73 77.48
6447 235002.86 -47690.01 1982.12 70.75
6448 -201986.55 -176570.18 939.44 138.78
6449 -83993.69 247995.44 3187.07 30.00
6450 203339.58 262628.89 3917.98 441.67
6451 -106337.54 -94877.18 1291.37 102.67
6452 169782.54 146524.95 3718.36 177.06
6453 155205.64 45505.33 3871.01 148.03
6454 96628.94 133913.61 3401.71 134.02
6455 -18175.97 101705.36 3378.97 417.05
6456 12905.86 244765.39 3790.70 148.30
6457 -234119.68 218954.02 3553.50 156.80
6458 239782.24 -77963.81 1289.36 114.05
6459 -258579.79 126411.88 3590.91 156.80
6460 216162.67 228405.78 3523.67 149.80
6461 -154785.01 -99127.60 2890.16 104.75
6462 241282.90 237672.55 3967.11 130.67
6463 -115391.80 -6796.62 2932.74 30.00
6464 136904.25 117394.31 3448.41 117.68
6465 78128.45 228168.58 3537.25 97.09
6466 -207000.73 -180477.98 518.29 86.28
6467 79761.55 250096.61 3850.25 58.93
6468 -264053.35 132578.58 3635.04 43.27
6469 -246024.06 258316.67 3629.40 32.85
6470 151253.93 -154653.82 913.52 69.78
6471 64111.50 63509.72 3259.97 220.69
6472 -264127.57 159810.74 3581.79 95.83
6473 -121255.20 9005.73 3018.03 96.11
6474 -207266.93 -89726.09 3143.73 163.26
6475 160755.70 -53385.53 3915.24 187.28
6476 171016.62 -152032.68 1031.03 75.98
6477 -183717.89 -59284.10 3591.93 70.65
6478 -23875.59 33294.90 3644.67 555.97
6479 237355.71 200744.77 3249.21 57.98
6480 206410.88 -49233.83 3142.22 38.70
6481 195405.22 247629.31 3369.63 227.73
6482 21666.53 60154.00 3653.41 120.99
6483 59248.21 137121.84 3476.61 30.00
6484 -249844.64 -93775.65 2588.53 140.89
6485 41065.72 -62855.39 2939.95 133.60
6486 170490.34 -66038.62 2875.59 95.63
6487 -175759.21 187111.16 3161.59 72.76
6488 236175.17 -38089.35 2524.80 148.36
6489 -83299.58 198963.54 3452.08 444.97
6490 127023.55 168848.00 3438.56 58.24
6491 126375.72 256306.59 3231.35 31.75
6492 197290.02 -115411.43 1528.34 288.55
6493 -256950.79 246909.54 4089.93 606.25
6494 246022.12 -83877.85 1202.43 104.48
6495 180961.25 71189.80 3778.17 132.32
6496 204624.27 218315.01 3382.29 62.16
6497 -10050.32 -106531.09 1194.66 126.19
6498 -86285.96 232211.12 3934.40 1015.35
6499 124413.79 -143786.86 1254.17 467.99
6500 162388.45 219742.22 3553.96 95.88
6501 -239856.97 28982.73 3575.38 610.73
6502 -212775.30 -21868.85 3405.63 30.00
6503 -115011.47 10774.64 2868.21 67.87
6504 -244710.20 -182960.27 605.80 96.55
6505 -15074.77 54881.95 3297.97 111.00
6506 48029.96 -10817.18 3569.73 499.34
6507 78949.98 -85044.14 1872.56 65.99
6508 -19860.82 61962.33 3288.77 48.11
6509 139890.20 247891.26 4295.16 663.58
6510 134085.82 40391.84 3526.46 62.66
6511 42172.95 220483.20 3552.91 126.91
6512 52967.56 -9676.93 3325.17 89.71
6513 41339.93 13133.77 3723.89 583.81
6514 10435.40 194220.84 3318.72 149.03
6515 48215.66 239207.97 3346.15 105.27
6516 -137770.11 -29922.96 3304.69 30.00
6517 -68248.86 -9118.76 2817.93 92.78
6518 -41247.51 32829.77 3569.82 469.54
6519 177780.45 42914.16 3772.00 220.02
6520 -24236.66 36020.57 3186.20 82.05
6521 217864.52 246906.63 3456.66 56.69
6522 -180060.63 266825.51 3563.94 43.27
6523 210168.67 -6928.75 3772.02 83.53
6524 -120710.29 -2812.67 3043.42 165.48
6525 17113.03 92464.42 3717.38 244.88
6526 198201.65 -45101.27 3088.93 71.07
6527 177045.57 162082.82 3479.55 122.88
6528 -131555.87 -212943.74 669.07 269.16
6529 -6196.12 146649.28 3000.81 93.33
6530 -163146.36 -102591.98 2658.19 100.48
6531 -263007.09 78204.26 3353.57 30.00
6532 -138366.68 -174229.30 1060.14 229.60
6533 255746.76 -42350.97 2707.31 60.68
6534 -1211.92 86341.80 3588.10 297.99
6535 -26570.09 12640.76 3423.24 106.47
6536 -66542.83 -406.31 2871.34 227.82
6537 -136944.16 24524.49 3578.18 655.97
6538 150569.49 129661.79 3567.13 67.27
6539 146694.32 -98078.85 1268.26 96.43
6540 -114721.39 -78785.86 2622.31 90.02
6541 141916.75 -147092.90 889.17 54.66
6542 26981.04 -69201.12 1371.55 62.66
6543 -78557.02 -25214.03 3412.46 84.42
6544 -219141.71 74680.66 3780.74 69.58
6545 -67519.08 -3172.89 3194.39 413.31
6546 -158511.08 -97093.91 2725.25 89.95
6547 -211151.70 105361.43 3677.90 30.00
6548 142793.28 -154839.21 684.73 102.23
6549 -147643.58 246180.93 3341.15 30.00
6550 -239540.45 233580.12 3660.45 143.52
6551 -25471.76 43651.28 3066.44 87.59
6552 -125838.12 150684.77 3194.03 87.62
6553 -25757.76 28940.12 3422.37 78.76
6554 187836.23 -35729.52 2833.62 54.70
6555 77328.63 160228.68 3583.84 51.76
6556 -210128.70 174893.23 3507.34 123.79
6557 232255.91 -130353.03 658.14 67.98
6558 -262061.74 123675.35 4132.43 139.65
6559 -131031.70 141960.27 3595.87 55.38
6560 -223193.25 209462.71 3735.41 336.02
6561 59729.84 46286.89 3271.06 125.96
6562 28202.32 207757.74 3707.25 457.84
6563 -83547.41 -150507.83 768.63 173.19
6564 -211975.57 218169.43 3656.37 35.18
6565 40206.27 79050.55 3625.04 369.32
6566 -134862.00 -69693.35 3058.77 58.23
6567 -203802.62 -77157.58 3325.78 54.43
6568 70269.31 -64385.99 1786.87 89.05
6569 -257854.62 35499.56 3448.13 297.85
6570 258142.25 -102657.69 1064.80 63.54
6571 222873.62 -133010.41 1007.65 193.70
6572 4634.06 28337.07 3562.31 183.23
6573 -94014.79 -76161.35 1725.75 77.56
6574 -238659.47 82516.15 3383.64 30.00
6575 -27725.50 18594.43 3324.02 105.68
6576 265948.04 -89981.55 1201.17 203.71
6577 221271.71 81367.59 3340.99 329.56
6578 75134.13 18404.29 2947.82 174.30
6579 -181317.75 -120561.92 1346.47 83.90
6580 17741.24 135624.39 3536.42 153.76
6581 38620.64 -42917.49 3223.36 120.26
6582 -212425.50 236486.65 3793.41 572.74
6583 187343.31 267595.30 4858.26 2360.28
6584 12642.19 33988.04 3800.25 92.76
6585 -174696.00 -114880.44 1495.74 122.23
6586 -136501.71 -74131.95 3239.07 57.42
6587 -96325.73 -72970.93 3117.89 137.69
6588 260384.09 167293.92 3487.68 154.74
6589 -257941.51 147110.06 3413.68 235.59
6590 -238332.50 36427.04 3317.70 59.34
6591 186357.68 67239.73 3792.30 163.52
6592 247584.08 -36486.54 3022.51 286.42
6593 -13510.29 32225.06 3126.03 48.03
6594 98550.72 265200.47 3710.27 83.18
6595 78833.18 260299.14 3378.93 60.68
6596 134321.15 145930.58 3117.50 30.00
6597 -122746.33 -4246.32 3078.53 60.40
6598 -260725.45 -108912.51 1734.21 83.20
6599 -42830.10 11563.43 2703.05 101.41
6600 128925.79 58902.09 3649.01 31.31
6601 133010.16 -139459.22 829.62 65.31
6602 -128447.56 -80236.37 3517.31 290.65
6603 -143253.14 243713.15 3247.20 38.89
6604 237281.94 223294.53 3517.82 32.14
6605 -82422.85 19106.03 2803.30 54.82
6606 -35499.96 4359.87 3674.49 132.71
6607 -256366.98 -35857.41 3611.63 611.46
6608 -168624.10 146600.09 3592.11 74.51
6609 23759.05 230902.11 3793.20 292.88
6610 -94215.89 209436.22 3227.59 41.19
6611 133472.82 -141798.30 823.76 56.70
6612 -176866.60 51052.36 3535.16 72.85
6613 -215076.30 -26255.77 3556.94 81.94
6614 58108.92 -40028.79 3155.66 127.15
6615 231134.38 -131852.48 1063.90 466.20
6616 56677.65 -48617.30 3536.36 283.19
6617 -181778.73 -144059.05 1445.25 55.31
6618 -34249.20 74448.63 2904.38 137.71
6619 -55529.05 80366.20 3116.76 51.22
6620 225093.26 -57530.63 2279.32 1011.98
6621 89711.15 -260603.66 422.28 65.31
6622 111989.38 76235.32 3217.35 133.45
6623 -159173.63 100819.29 3442.94 80.55
6624 250143.96 -130883.25 622.90 74.18
6625 -188497.21 -39063.76 3877.74 826.74
6626 247083.75 65680.14 3464.06 117.78
6627 189384.10 58534.80 3595.19 129.94
6628 -215826.69 -45328.48 3324.00 94.39
6629 72789.25 241362.79 3801.39 35.57
6630 243668.24 -49280.26 2202.10 296.46
6631 61192.80 39693.25 3322.32 133.21
6632 -214112.67 97613.60 3604.73 41.74
6633 -86515.56 176.97 2705.99 110.70
6634 246684.80 -76426.86 1593.23 117.29
6635 -140023.15 -178624.37 718.73 94.31
6636 244736.52 -55668.07 1582.81 468.78
6637 218105.16 2741.81 3780.75 815.32
6638 -178029.16 -7405.28 3854.58 462.91
6639 185060.29 -150477.48 1029.54 69.27
6640 253124.65 -55644.05 1900.15 123.63
6641 181051.96 245443.41 3400.59 34.46
6642 207208.99 -58477.84 1991.13 119.16
6643 -49582.23 8544.56 2870.72 88.09
6644 202961.51 -51454.38 3567.99 368.15
6645 139349.64 57919.87 3230.62 31.46
6646 -130082.94 -171285.97 1028.66 63.05
6647 100004.63 46109.98 3455.90 446.35
6648 -87629.56 -64207.10 2910.85 94.95
6649 149167.28 230186.80 3732.28 204.24
6650 234114.35 66765.45 3762.46 318.57
6651 86911.87 258754.69 3229.89 94.02
6652 171835.79 220972.95 3239.77 98.55
6653 63326.14 -50993.54 3385.55 144.55
6654 192087.69 227310.26 3760.95 54.98
6655 -20476.99 88729.95 3608.08 237.54
6656 89472.52 259648.29 3564.34 30.00
6657 -268734.08 -54136.81 2975.45 34.44
6658 248591.40 59848.25 2636.45 98.55
6659 226663.46 143664.87 3679.68 96.43
6660 155872.43 -54187.82 3630.26 100.66
6661 -41978.29 5852.72 3665.02 236.82
6662 29768.70 37486.87 3279.36 104.54
6663 -218739.81 -78974.40 3453.92 86.60
6664 81042.27 50498.32 3632.52 884.61
6665 -145443.96 -58654.61 3604.52 70.80
6666 55523.55 -115666.75 1685.30 165.82
6667 144196.85 -51165.70 3118.38 114.13
6668 -187672.15 123122.79 3465.04 90.37
6669 247767.40 217722.08 3549.97 102.55
6670 -265867.20 -174667.40 928.40 63.10
6671 -182881.04 238144.20 3811.07 146.88
6672 34622.37 -64880.94 2862.63 116.22
6673 -260972.55 -176887.13 839.45 60.91
6674 -48053.95 60803.14 2930.76 43.31
6675 17230.82 163304.47 4050.89 572.44
6676 -56218.00 -55284.78 1783.95 78.25
6677 -173290.51 -138283.47 1214.11 61.60
6678 -20709.82 -52650.22 2394.62 72.47
6679 -64744.31 -151204.00 401.30 160.41
6680 31408.50 231514.09 3650.59 193.80
6681 253816.44 -127452.35 685.93 52.37
6682 96216.85 208419.57 3240.16 67.98
6683 223366.44 -130944.76 925.39 105.92
6684 23741.07 70071.11 3577.66 410.74
6685 30028.99 -81054.90 1697.99 110.92
6686 -88706.28 -88050.18 2370.16 1302.82
6687 149635.47 -130358.97 1318.78 76.24
6688 -85798.07 249146.87 3555.45 443.09
6689 -202884.78 105827.26 3573.35 30.00
6690 56996.95 251219.01 3594.32 41.80
6691 33249.57 -66084.39 2375.33 77.87
6692 113066.98 268693.82 3971.19 128.26
6693 -11464.81 8085.36 4862.81 832.34
6694 38795.88 73297.32 3381.82 79.47
6695 -116363.67 -74597.71 2810.26 30.00
6696 101468.44 204549.04 3234.95 30.00
6697 -182287.10 -101261.66 2834.87 301.87
6698 -210615.16 -44756.89 3469.66 385.14
6699 219010.97 151826.40 3418.41 185.62
6700 3342.56 -116166.43 1497.86 135.34
6701 73026.80 -82032.13 1834.36 37.82
6702 -44985.21 29442.68 3361.37 252.78
6703 235367.83 -123921.36 1117.02 55.09
6704 189722.89 78902.59 3663.93 135.34
6705 128822.81 -158704.16 274.96 65.50
6706 -69977.23 -15319.54 3141.04 133.61
6707 -29859.45 -53010.48 1758.70 70.86
6708 -268774.50 85061.10 3687.78 97.68
6709 -258327.43 201569.36 3516.63 82.73
6710 240939.73 -40650.32 3058.11 168.70
6711 -70161.16 32569.03 3022.43 87.24
6712 30845.55 -91845.01 1727.70 131.28
6713 -32865.14 -37313.56 3112.98 30.00
6714 86801.85 -41499.91 3011.56 23.94
6715 178666.25 -66997.63 2120.93 61.51
6716 18039.23 -60590.01 3198.94 205.29
6717 267117.65 -131605.47 502.43 54.66
6718 -151810.85 -213281.18 467.97 77.29
6719 -14983.09 95352.34 3021.40 50.36
6720 -105493.98 -165742.20 217.22 50.14
6721 137061.72 -50413.58 3299.45 51.22
6722 -252780.94 -102128.84 1797.06 37.05
6723 66218.77 -108270.15 1381.96 67.01
6724 97154.72 97065.94 3410.38 155.60
6725 -84341.77 191243.46 3501.66 133.31
6726 -21502.80 -38749.85 3161.57 74.25
6727 125418.53 231067.04 4198.90 775.80
6728 -150921.34 155836.21 3227.65 48.31
6729 -35771.99 38183.91 2848.43 30.00
6730 212877.16 25557.64 3614.44 159.28
6731 235807.52 199181.62 3764.48 97.99
6732 154698.13 258846.66 3687.44 85.94
6733 334.17 18045.14 3726.07 143.64
6734 65619.40 226455.37 3436.81 119.71
6735 -76331.37 -8126.97 3366.83 336.65
6736 122671.71 -58330.15 2052.33 340.93
6737 22377.83 -57230.85 2903.59 64.42
6738 -214598.52 -72034.55 3362.79 141.91
6739 -81511.78 -62563.54 2710.71 90.69
6740 -19589.80 -32393.90 3745.79 414.41
6741 -180242.15 50131.51 3112.07 83.38
6742 -6957.18 -59349.86 1222.86 73.02
6743 -75872.77 120935.48 4053.20 569.19
6744 205284.79 -54099.27 2899.43 141.45
6745 133697.16 264407.45 4156.89 71.35
6746 -230890.09 49022.08 3438.10 225.23
6747 -18681.23 -50778.03 2735.59 246.21
6748 13762.18 72004.62 3059.01 74.90
6749 -113955.40 -68359.05 3845.18 194.80
6750 245283.29 65926.00 3053.12 85.94
6751 28162.36 29018.29 3503.63 139.08
6752 133589.12 134697.68 3111.68 30.00
6753 -86955.39 -69694.82 2172.22 92.96
6754 -233651.74 92524.62 3736.72 86.28
6755 21126.88 31869.00 3086.15 30.00
6756 -119100.10 171775.14 3921.03 118.63
6757 -162868.85 238533.58 4173.01 1045.26
6758 -45415.88 63749.86 3553.45 415.59
6759 -257364.92 -63529.42 3528.14 328.24
6760 -174762.09 82473.50 3797.06 249.50
6761 14236.17 -8480.62 2448.49 136.94
6762 -183748.79 257677.10 3428.69 167.76
6763 83812.25 15896.02 3608.30 478.25
6764 -88781.65 236304.33 3137.76 136.94
6765 -216677.99 -23672.83 3739.54 357.15
6766 -239596.07 93419.63 3424.43 184.25
6767 -159446.30 -103380.89 2335.12 50.35
6768 209894.33 21842.17 3469.52 127.29
6769 195410.84 -2614.97 2928.22 118.55
6770 -48629.30 221218.29 3706.27 522.11
6771 -100692.61 -2079.09 3369.66 30.00
6772 3466.97 -7896.04 2803.24 96.01
6773 -67748.20 12944.21 2874.59 52.06
6774 -6619.90 -59659.95 1101.80 70.42
6775 13155.43 241690.43 3600.67 57.50
6776 -35961.95 17517.77 2837.74 30.00
6777 136355.74 262523.54 4189.27 562.99
6778 -92124.69 219903.78 3490.80 203.06
6779 -176199.90 -107610.60 1884.17 91.80
6780 -8689.51 2348.12 5264.40 231.32
6781 -261589.19 -174132.19 1224.33 86.19
6782 -159222.49 170916.07 3523.63 136.15
6783 -249765.30 128258.76 3613.25 93.49
6784 -62036.75 62756.80 3590.59 76.22
6785 247914.19 104163.70 3120.44 71.73
6786 -102072.36 173577.66 3523.41 713.00
6787 98231.04 -113062.84 1837.88 614.58
6788 -207293.88 -156820.20 1295.29 103.47
6789 189545.96 -16048.75 3113.41 88.49
6790 -147334.24 -95112.63 2830.48 78.96
6791 100965.20 86919.17 3030.40 135.09
6792 -90961.84 22867.61 2821.13 85.17
6793 -24563.09 -12374.56 4003.96 1254.43
6794 -24400.04 -37304.14 3435.43 167.76
6795 174873.17 -154608.04 892.70 84.07
6796 226057.67 57354.18 3586.00 293.38
6797 -6975.19 116901.25 3589.73 47.02
6798 -165126.51 257353.91 3326.34 50.34
6799 -68750.41 -42031.29 3216.03 99.85
6800 220749.44 260520.32 4330.45 624.66
6801 165501.61 -150643.03 1082.08 77.66
6802 106558.04 63833.28 3032.50 101.26
6803 -92810.03 -72176.08 2883.21 796.77
6804 -185039.85 94277.68 3422.83 67.68
6805 -213274.72 256376.45 3920.63 63.54
6806 -7838.08 66410.60 3570.08 91.31
6807 119205.68 -27994.00 3275.67 69.50
6808 -97895.02 -88994.73 1422.99 79.21
6809 -68588.45 141545.44 3524.25 123.98
6810 -256434.91 37312.84 3214.87 58.08
6811 168400.51 44118.26 3755.23 177.28
6812 201795.90 -38153.27 3505.81 109.14
6813 -235033.46 -5748.33 3195.66 43.72
6814 -82995.47 196334.34 3244.28 106.89
6815 -223003.74 -183004.57 226.57 58.93
6816 -158370.79 -106548.23 2292.80 30.00
6817 159677.68 91122.10 3603.02 84.84
6818 13527.33 -56260.21 3065.52 99.47
6819 3385.14 77863.24 2946.51 113.81
6820 170868.32 155586.79 2988.54 43.43
6821 -46523.60 118796.95 3560.64 161.87
6822 -163614.05 54237.65 2887.36 91.54
6823 -233504.83 34314.24 4061.38 1146.53
6824 -220908.67 -82152.24 3111.78 123.31
6825 -90733.37 209351.83 3452.26 30.00
6826 -189690.65 246090.67 3952.20 66.48
6827 -222593.87 -122575.10 1441.43 76.84
6828 -206781.47 48535.97 3191.93 56.49
6829 81628.20 -141308.05 558.54 103.00
6830 79990.73 254230.60 3462.61 105.52
6831 34803.80 102923.68 3367.04 125.25
6832 -90866.41 5697.52 3120.97 142.35
6833 -161621.89 87249.26 4064.47 143.03
6834 -158794.37 206226.14 3544.06 68.85
6835 -111525.75 -68984.98 3546.49 284.13
6836 -75909.24 -11546.96 3110.45 48.11
6837 203279.36 97178.45 3657.13 48.90
6838 -250473.94 232788.95 3441.39 31.37
6839 -168643.39 13788.95 3536.15 84.27
6840 -47437.17 -253135.22 541.39 70.35
6841 -89525.20 -148073.64 1148.60 70.10
6842 267648.43 -91700.73 880.05 61.13
6843 -217128.42 105366.49 3720.07 117.27
6844 207534.59 -59312.99 1844.96 80.27
6845 -16007.04 6132.35 4002.78 100.73
6846 -165686.19 -108655.57 1950.33 277.96
6847 -248919.14 201675.62 3440.89 31.74
6848 -247912.58 -79197.12 3116.59 284.83
6849 29038.56 -53666.24 2924.17 56.26
6850 62436.48 74746.43 3225.84 117.69
6851 -209113.56 82436.02 3450.31 86.49
6852 -100541.75 -158904.04 598.65 59.23
6853 -118684.73 -168496.04 949.94 30.00
6854 82170.03 -99621.93 2332.60 1142.83
6855 -254153.04 192628.78 3035.63 139.71
6856 -211828.24 98861.06 3851.00 188.39
6857 64551.23 269804.94 3703.16 131.37
6858 -177875.44 31612.50 3539.23 101.80
6859 50752.21 73336.31 3020.22 37.88
6860 223188.36 249664.62 3546.33 31.66
6861 -56652.53 77600.15 3313.19 51.45
6862 -147461.49 -100406.21 2919.66 257.27
6863 -130413.92 -34971.43 3488.99 396.95
6864 87006.57 237177.33 3870.97 108.69
6865 151412.53 -75689.22 1704.07 181.33
6866 -39255.19 55909.41 3390.33 112.50
6867 224235.07 194411.92 3189.08 62.50
6868 -229043.73 -156919.73 1932.15 163.15
6869 -79565.77 -22846.54 3361.98 81.21
6870 239706.66 -42987.05 2805.55 258.17
6871 -210428.60 161432.16 4067.97 868.04
6872 169653.11 -33342.12 3038.00 95.92
6873 132447.70 -146516.44 846.46 53.92
6874 -253332.90 -87654.18 3335.71 769.43
6875 82712.89 39243.04 3439.74 93.39
6876 13465.43 55110.39 3560.71 115.28
6877 -49470.68 191067.49 3632.66 169.98
6878 9124.98 57657.93 2870.21 158.98
6879 79050.25 -112466.10 1828.25 409.62
6880 -121232.85 88374.77 3598.72 425.98
6881 59264.25 -5472.04 3719.90 994.60
6882 83253.85 265767.75 4071.78 338.25
6883 -114416.95 -76751.73 2877.09 119.16
6884 -218978.62 -98533.24 1799.15 122.70
6885 25281.74 -11049.88 3589.06 874.84
6886 -85415.25 166912.64 3134.93 88.01
6887 -242711.62 -185025.77 494.66 56.21
6888 -172840.97 -15647.02 3692.12 166.02
6889 -104122.24 180439.17 3062.14 30.00
6890 150598.02 -2946.48 3791.32 656.94
6891 -181224.88 21772.50 3637.13 130.49
6892 -236924.55 29653.11 3021.15 30.00
6893 -204489.10 18984.40 3706.46 304.51
6894 -42980.05 64716.26 3472.36 334.24
6895 -156170.94 245137.95 3724.88 125.84
6896 183583.14 83954.42 3697.26 125.84
6897 -195874.52 -97720.85 2183.64 111.86
6898 -203683.92 231246.69 3206.97 121.79
6899 78970.59 230337.94 3602.62 122.90
6900 208971.72 51242.03 3563.94 84.32
6901 123264.73 -133810.34 1137.94 65.99
6902 -222117.19 167195.17 3133.55 148.03
6903 -89675.76 32146.77 3193.67 98.09
6904 11363.32 112808.06 3360.05 395.25
6905 -70647.58 -141198.83 1166.90 124.52
6906 70743.60 -124530.04 1190.26 71.80
6907 223806.50 -133499.65 662.50 66.65
6908 -267776.46 230988.94 3677.64 119.78
6909 -50637.81 128542.11 4197.91 1251.83
6910 193420.27 61302.36 3608.19 190.55
6911 -226603.87 -113342.47 1491.72 133.18
6912 63192.81 -48602.66 3610.79 469.48
6913 183448.90 -68442.86 2303.54 101.41
6914 -81770.58 -90425.40 1628.12 70.34
6915 151520.33 -104579.94 1375.64 85.14
6916 134688.87 239302.60 3609.05 30.00
6917 -199470.50 126429.28 3429.54 82.25
6918 -113187.16 -169775.82 638.96 77.69
6919 -245313.80 -154505.73 1779.42 124.61
6920 -85393.14 31444.13 3446.92 320.30
6921 -171339.70 206297.74 3132.72 127.08
6922 155064.08 -3405.32 2998.41 30.00
6923 133298.27 134749.63 3419.25 51.45
6924 31682.16 23584.79 3828.47 1010.62
6925 246103.79 -72588.93 2002.23 1194.15
6926 180702.68 -68447.10 2256.70 216.59
6927 -225019.85 108024.12 3881.71 302.45
6928 -34014.80 174525.05 3555.83 116.85
6929 -168720.98 -137740.52 1227.60 64.82
6930 -63363.68 141131.49 3065.46 80.94
6931 -227967.31 256837.82 4027.32 426.11
6932 -130949.19 219059.57 3658.34 95.54
6933 -38600.19 4207.60 3532.52 78.12
6934 2234.57 233257.24 2977.46 135.27
6935 -258702.69 134478.44 3918.08 440.33
6936 -4440.87 151703.00 3532.77 97.75
6937 -215240.76 28899.91 3526.50 80.98
6938 -178248.79 249519.22 3493.25 108.18
6939 178510.31 44595.50 2890.03 86.74
6940 -9131.11 -81486.08 1500.57 577.70
6941 176424.15 -9114.09 3679.94 615.99
6942 -100661.71 2945.69 2846.98 31.36
6943 -245546.43 145981.44 3765.52 360.99
6944 -192310.66 260732.50 3988.54 680.43
6945 258532.29 162462.13 3678.17 197.64
6946 -67607.64 30674.46 3021.31 61.75
6947 -28564.94 27395.56 3401.50 86.47
6948 -199337.10 -89035.99 2804.32 83.78
6949 -156270.16 -103795.49 2847.29 119.83
6950 -135990.57 -54678.32 4161.40 1120.39
6951 98919.91 -136997.37 692.81 122.74
6952 -155290.51 244409.33 3643.75 95.54
6953 250645.79 76780.81 2775.62 111.56
6954 -81352.02 -35030.90 3462.65 80.51
6955 146788.64 -58909.59 3244.63 319.21
6956 -49549.42 199000.46 3299.75 60.66
6957 99931.49 183253.47 3205.01 179.87
6958 256294.31 -138348.87 284.95 67.32
6959 256950.21 76492.65 2470.99 100.23
6960 -116854.74 170933.23 3937.13 145.70
6961 -129713.62 228501.67 3503.98 87.60
6962 13485.47 19148.25 2942.76 130.41
6963 230395.22 78120.20 3408.52 98.36
6964 124638.80 5389.87 2902.45 116.66
6965 -224264.32 -186276.21 334.08 272.84
6966 -79876.52 -63709.96 2959.44 80.91
6967 -171376.92 264843.05 3853.09 73.83
6968 51056.76 54375.30 3369.56 201.11
6969 152508.79 238052.11 3504.83 123.95
6970 238332.24 245156.20 3364.56 76.14
6971 -27690.10 93526.04 3304.15 244.99
6972 37019.80 73406.56 2973.37 77.20
6973 93287.98 3000.33 3184.23 79.90
6974 -177474.84 227187.63 3611.38 81.51
6975 -187795.97 174504.57 3096.10 130.32
6976 -232445.94 107807.08 4399.73 976.59
6977 -260079.96 -78047.81 3193.97 231.46
6978 -249496.40 112489.38 3583.05 114.92
6979 -41486.82 -11466.35 3123.60 144.92
6980 158468.11 -137711.24 1254.48 78.16
6981 197252.95 261360.65 4129.80 113.21
6982 168755.33 -163527.81 232.09 50.94
6983 452.34 -42906.94 2307.29 105.53
6984 -81078.73 -37851.76 3589.14 214.77
6985 -178392.18 -118274.17 1325.68 30.00
6986 123487.67 -150002.74 424.07 71.45
6987 45939.13 200544.97 3468.91 78.15
6988 53426.77 -115854.07 1484.90 70.25
6989 60010.32 167346.57 3524.77 51.42
6990 -177147.79 241127.03 3963.59 642.02
6991 -174818.14 -38804.59 3190.30 174.75
6992 40616.07 19306.48 3172.04 93.53
6993 -243571.26 121637.19 3225.18 30.00
6994 165699.00 -148941.56 951.64 77.57
6995 -77973.10 -39887.90 3469.16 135.67
6996 -124834.43 -57330.26 3140.19 89.10
6997 77104.53 -118069.16 1239.72 72.38
6998 10745.26 -54819.91 3624.52 1314.88
6999 -245597.54 -156070.37 1736.31 68.75
7000 -82804.98 863.66 3121.47 30.00
7001 213775.46 241473.58 3936.34 166.77
7002 12452.71 -91797.43 1225.51 70.68
7003 -231144.39 213551.04 3780.60 129.35
7004 82752.87 -48.92 3353.76 174.75
7005 51193.28 61865.85 3011.17 66.02
7006 -203469.78 263553.52 3650.30 63.76
7007 -26060.06 -245865.20 435.64 77.76
7008 -1406.48 232975.83 3613.26 177.39
7009 -19284.63 -93741.76 1667.94 88.77
7010 37759.50 -421.50 3038.00 72.91
7011 -60016.51 71214.83 3044.89 91.29
7012 -23496.87 105211.12 3066.54 30.00
7013 140007.28 197656.21 3895.75 386.55
7014 -179403.31 146858.88 3549.08 141.60
7015 -66185.71 -50310.82 2779.50 30.00
7016 13070.04 -1180.97 2861.41 95.10
7017 81624.81 52572.79 3031.21 86.26
7018 -48962.72 174093.43 3315.66 106.06
7019 -193461.34 -86300.39 3031.05 62.10
7020 -30190.34 5127.24 3249.12 30.00
7021 -160093.33 124365.11 3730.64 310.75
7022 88830.06 249452.31 3958.09 61.50
7023 -76346.78 -153837.84 241.60 61.50
7024 -57451.39 204131.33 3399.00 227.13
7025 -180998.78 57528.86 3076.62 72.73
7026 194573.14 -35741.81 3477.73 81.55
7027 139696.39 113995.92 3318.70 92.16
7028 175515.35 -64484.71 2959.54 105.58
7029 -25987.24 57815.11 3661.61 433.66
7030 102632.50 259964.36 3657.68 93.72
7031 -7510.35 216375.16 3832.66 168.81
7032 -26400.83 63607.71 2966.99 94.16
7033 20232.07 -6193.52 3405.98 197.73
7034 28476.17 57362.56 3289.46 124.08
7035 -62821.25 210791.50 3293.61 102.83
7036 -4957.06 141131.29 3579.49 198.19
7037 124289.69 268343.12 3358.00 71.58
7038 -178817.82 119429.52 3483.82 30.00
7039 -214432.15 -148735.95 1877.57 253.95
7040 139850.96 51984.42 3169.67 35.48
7041 132928.96 -155506.14 432.49 74.23
7042 76820.75 -83569.36 1766.33 30.00
7043 200310.83 -16048.24 3426.24 108.48
7044 179714.86 47675.73 3449.10 101.34
7045 -30489.14 -41972.01 3351.61 81.55
7046 141656.73 250771.66 3685.70 64.22
7047 -188860.80 203262.00 3583.46 69.15
7048 5391.67 8338.31 4555.42 30.00
7049 -201328.94 106907.93 3852.10 63.75
7050 -211195.03 266694.35 4343.44 1273.98
7051 -19969.34 -45205.90 3045.43 51.50
7052 -69037.51 -12345.30 2813.10 46.82
7053 236019.12 -133083.09 847.23 58.07
7054 -255580.54 154660.50 3497.37 114.72
7055 197110.57 242240.08 4087.11 81.30
7056 61676.58 19947.60 3714.77 552.15
7057 -150676.76 86600.02 3683.78 144.01
7058 239089.23 77131.20 3289.12 134.62
7059 -182696.74 -182761.53 847.84 115.86
7060 263854.17 81128.52 2928.26 39.28
7061 -22553.04 93554.22 3854.58 1190.32
7062 -38411.37 72359.12 3853.05 734.47
7063 230684.88 264972.30 3007.57 98.65
7064 46429.34 101008.54 3020.70 30.00
7065 -139425.54 -187547.93 343.96 88.31
7066 137232.49 89649.71 3065.19 91.19
7067 12221.41 -87672.79 1008.02 79.39
7068 -80427.74 -142792.36 810.04 71.18
7069 204049.42 262985.72 3561.70 35.20
7070 -200706.31 -75972.09 3460.97 30.00
7071 153856.29 -57824.77 3365.01 143.45
7072 -218425.69 -177050.09 554.36 55.96
7073 251005.49 248168.32 3497.83 102.05
7074 -88992.37 101031.43 3599.21 98.88
7075 -109970.38 220238.46 3873.79 113.57
7076 64256.25 2153.76 2837.53 64.97
7077 -66726.67 -124730.70 1373.76 112.65
7078 106042.75 265345.84 3521.11 176.04
7079 -57656.95 222846.55 3290.39 54.93
7080 132554.85 235602.54 3497.17 31.95
7081 24370.71 23562.58 3080.10 88.07
7082 191300.10 257210.79 4028.73 73.43
7083 -182151.56 193737.79 2867.96 63.73
7084 250184.70 189529.63 3523.35 43.12
7085 -176870.09 121827.55 3516.92 61.11
7086 -226015.72 125473.63 3031.14 131.79
7087 59689.70 -2497.31 3575.90 92.36
7088 -65695.69 -46910.09 3334.10 345.99
7089 -191765.53 -181519.76 556.70 30.00
7090 258660.34 -50066.84 1600.30 112.32
7091 19629.84 28690.86 2860.93 74.07
7092 -266497.73 129810.43 3975.08 68.16
7093 190935.83 75442.16 3504.58 60.93
7094 260195.66 88466.03 3317.16 66.82
7095 154062.90 -5095.81 3561.60 496.22
7096 31601.82 59270.36 3070.51 83.35
7097 75562.45 -52311.62 3151.39 45.79
7098 -146413.38 36758.94 3328.42 65.95
7099 52815.94 306.36 3568.06 96.86
7100 158504.83 76446.61 3072.35 30.00
7101 -86940.90 235404.75 3501.48 147.99
7102 -249581.34 -40033.40 3041.00 125.90
7103 95731.66 249694.36 3301.29 64.60
7104 89526.33 -140637.28 732.87 345.33
7105 111451.57 232790.16 3490.75 106.14
7106 149509.57 -151278.60 1143.34 607.58
7107 -10890.31 40250.55 3330.23 130.57
7108 -538.87 191869.50 3466.29 72.19
7109 120191.43 -55472.31 2638.38 145.65
7110 -131978.94 -178010.51 381.82 61.54
7111 92156.21 213152.49 3849.62 387.15
7112 -198112.97 -66489.30 3517.84 57.76
7113 88322.03 206350.94 3668.86 172.22
7114 -153661.64 -54290.71 3886.57 839.03
7115 -92567.48 -141665.16 1454.28 866.75
7116 -157536.53 -181491.49 525.39 76.94
7117 243190.26 39150.08 3513.57 426.91
7118 -255139.69 128012.19 4036.82 154.49
7119 210252.92 95209.68 3516.16 102.28
7120 138358.03 89863.41 3655.83 485.98
7121 -212230.37 239680.70 3497.26 241.65
7122 -192524.16 71700.16 3616.11 31.68
7123 2583.90 16544.02 3816.44 183.78
7124 68167.70 226925.99 3590.24 18.95
7125 -145250.56 -27030.33 2975.96 131.49
7126 206768.85 -118192.38 1302.66 56.53
7127 7479.70 9200.06 4102.48 42.93
7128 -133874.20 74765.56 3722.17 57.37
7129 144632.22 262792.63 3596.17 48.30
7130 -172104.77 6543.27 3455.90 103.03
7131 -269796.37 203088.93 3842.39 72.32
7132 -182882.10 146358.66 3897.20 480.62
7133 136646.27 -50700.38 3511.04 271.17
7134 -110525.15 -165022.87 1006.00 50.07
7135 140773.08 -154468.95 664.17 56.31
7136 111801.46 176545.34 3692.04 205.14
7137 -156641.00 66336.89 3637.82 142.66
7138 -193452.22 -183974.74 594.50 38.28
7139 -178232.73 -138597.12 1608.40 89.97
7140 61099.53 228694.22 3933.64 332.22
7141 159718.35 247135.43 3870.56 70.33
7142 102644.57 195923.14 3489.78 63.43
7143 -19395.10 93499.68 3316.10 233.19
7144 -248597.59 -170097.06 1620.40 223.01
7145 222032.19 -137083.71 585.23 62.72
7146 194155.31 60261.91 3453.85 118.50
7147 3010.05 -33287.07 2146.81 81.25
7148 -257114.69 -91661.64 2705.40 30.00
7149 24607.35 67308.75 3204.77 31.89
7150 -10192.58 -57899.25 1228.08 431.97
7151 -203085.22 -180033.25 498.23 51.21
7152 254881.80 -136577.31 421.36 71.20
7153 97785.60 114333.01 3496.80 138.76
7154 177232.71 234872.72 3444.94 30.00
7155 -187108.66 -48033.93 3327.14 132.38
7156 -266365.46 -50355.66 3164.70 141.07
7157 107909.26 24513.74 2773.14 88.79
7158 58506.80 12418.87 3252.88 88.82
7159 -215876.44 -175486.05 696.83 60.15
7160 -12209.31 -85632.74 1334.49 63.67
7161 -7666.59 -86023.07 1470.94 76.90
7162 -84552.73 -2389.81 3427.07 228.21
7163 -76710.91 235739.45 3250.23 30.00
7164 65757.56 246116.19 3707.04 84.21
7165 -80431.28 2531.22 3054.90 30.00
7166 -118634.75 -150748.00 1466.80 190.31
7167 135829.51 -158707.06 510.23 61.26
7168 -247244.92 -110751.70 875.78 102.96
7169 226219.55 -51108.47 2114.34 30.00
7170 -69208.14 30075.91 3368.62 30.00
7171 -7153.50 -2368.84 4840.11 103.46
7172 -182890.32 269586.25 3391.22 66.49
7173 159196.75 132624.06 3806.75 97.45
7174 35693.47 10076.33 3003.16 31.72
7175 -69263.13 13084.83 3434.46 635.55
7176 83812.23 162199.03 3228.06 109.27
7177 -265504.79 209490.10 4140.94 639.20
7178 -261159.88 -93496.45 2884.95 108.29
7179 172600.85 97944.82 4189.41 242.31
7180 -98018.22 -42816.17 4079.61 1367.14
7181 -37008.96 -141925.69 401.43 63.31
7182 209861.54 -140046.29 731.96 50.56
7183 -163137.46 210741.64 3099.15 91.34
7184 -240602.55 57899.63 4017.04 1102.57
7185 263136.78 85462.24 3464.03 510.51
7186 209486.77 -55536.60 2151.82 81.74
7187 -39323.91 -42443.70 3032.71 212.67
7188 -109619.79 -97371.56 1357.90 57.97
7189 241015.60 200788.30 3759.24 86.95
7190 -189490.12 210988.93 3561.86 163.53
7191 -114026.75 212090.56 3389.13 31.42
7192 118056.81 171641.41 3370.11 32.05
7193 -159391.12 56144.33 3084.91 134.57
7194 257800.20 -40618.93 2819.48 110.92
7195 -17571.60 61164.46 3432.32 21.94
7196 -225461.23 41672.27 3699.15 90.69
7197 132161.33 26563.54 3688.87 861.76
7198 16556.33 85089.31 3321.27 129.57
7199 47422.38 245559.66 3192.14 100.11
7200 -230019.07 -179112.93 681.76 53.49
7201 -220578.14 -79117.56 3409.76 39.23
7202 15154.03 83909.89 3799.72 785.28
7203 -30905.07 -5606.08 2820.96 64.00
7204 205268.86 -143040.95 925.80 69.53
7205 254680.38 -91512.52 1181.41 70.05
7206 -194736.60 -105164.17 2375.48 416.35
7207 -137329.23 26853.30 3211.36 59.13
7208 -134045.25 -95016.82 2289.43 75.45
7209 -193705.66 145670.11 3697.48 250.72
7210 -63860.17 61815.66 3700.18 197.22
7211 -148019.96 212653.08 3259.62 96.80
7212 180619.00 75529.46 3448.33 30.00
7213 1048.19 -41993.22 1610.85 61.66
7214 115500.13 255276.11 4372.92 540.24
7215 20654.12 48110.31 3637.12 1013.33
7216 -166845.68 -98956.69 3430.42 1233.84
7217 55712.48 218891.89 3601.08 64.06
7218 -248076.45 71009.13 3877.11 675.74
7219 -136030.29 -211925.26 472.39 30.00
7220 -27993.96 11853.78 3428.53 790.41
7221 -104145.81 -107840.23 1661.63 72.11
7222 6241.09 86868.71 3666.39 146.03
7223 -27104.22 -52310.63 1985.93 95.82
7224 -49634.30 83895.93 3535.20 505.80
7225 -214511.32 93740.05 3389.46 124.02
7226 147880.59 -151094.58 856.98 30.00
7227 105287.29 127724.00 3656.03 77.81
7228 99276.93 130944.74 3819.76 440.20
7229 -136539.66 -58845.23 3507.62 132.89
7230 151952.80 -153838.41 1004.52 117.59
7231 -63988.08 -84172.66 1239.96 69.84
7232 177364.64 -150633.68 855.62 67.30
7233 106326.49 121035.22 3464.12 30.00
7234 153385.41 -155340.07 240.22 54.67
7235 84276.78 -93506.63 1730.34 91.41
7236 12267.13 4263.25 4070.63 103.08
7237 87268.98 -882.36 2939.76 106.87
7238 55524.75 -42289.95 3774.48 1025.26
7239 -248168.03 -61883.07 3554.69 584.79
7240 -124514.01 -176983.31 509.05 85.75
7241 -134756.48 -36451.98 3915.78 880.94
7242 -256463.67 -180127.86 446.21 64.06
7243 -57295.73 -10178.83 2924.17 123.48
7244 107814.54 16078.81 3115.45 139.54
7245 57648.09 54807.97 3360.08 64.06
7246 7223.05 56769.78 2785.56 34.65
7247 -51178.08 -46309.55 2831.27 389.23
7248 67820.96 178490.23 3712.16 471.24
7249 -113899.12 174683.48 3711.41 140.24
7250 -46519.42 226659.94 3427.23 130.58
7251 -191704.31 -167459.60 1728.45 680.54
7252 -219396.23 -21584.41 3349.73 248.22
7253 -205745.58 139678.71 3349.47 105.25
7254 -105774.64 -109493.66 1326.95 80.53
7255 4746.56 -48156.93 2233.38 95.77
7256 -54888.63 161829.31 3504.78 30.00
7257 89758.88 -134386.90 1206.53 80.60
7258 -25868.44 -1976.90 2907.15 97.28
7259 11852.47 37455.01 3906.18 1323.90
7260 103296.07 -33698.81 3459.11 125.37
7261 -1056.67 -15804.00 2844.00 135.04
7262 177389.33 152484.53 3046.67 145.89
7263 225380.99 54465.95 3436.56 52.20
7264 -77032.94 239409.05 3566.22 388.78
7265 164434.02 38446.23 3357.98 145.92
7266 179622.39 251295.08 3752.30 30.00
7267 -74618.29 -21.17 3341.19 50.75
saddles 7267
0 -1832.35 439.07 5352.20 369 0
1 -34.47 -1124.62 4813.63 5798 0
2 4820.56 -3953.71 4158.16 1 109
3 4030.35 -4186.74 4643.40 2554 1
4 -180585.21 81786.67 3710.95 2074 2
5 -178793.45 83275.52 4098.04 2 6403
6 -269381.47 -76595.95 2916.35 3 1689
7 -177809.19 253231.99 3634.28 3929 4
8 -176260.91 254171.46 3493.11 4 5099
9 142420.16 66401.98 3527.61 5 764
10 142274.20 62065.55 3328.00 1289 5
11 143988.48 63531.24 3140.56 3573 5
12 -86592.44 -148545.66 823.31 6 3348
13 -84671.96 -147594.70 641.90 6298 6
14 6404.37 3883.16 4712.47 7 117
15 3146.99 5499.92 4891.46 396 7
16 166701.96 239197.30 3649.53 8 1483
17 168913.16 239277.58 3659.19 3199 8
18 173689.65 -26787.62 3463.89 9 701
19 176402.26 -29827.19 3198.04 5327 9
20 168855.93 251055.20 4007.58 10 1965
21 165701.08 250466.00 3863.01 10 2384
22 164738.44 142760.95 3810.47 11 1021
23 163944.37 145326.58 3534.46 11 5273
24 -229707.95 45715.02 3562.50 12 464
25 -227663.59 43718.47 3608.46 12 7196
26 -10881.82 -5179.57 4225.59 13 462
27 -10622.47 -5114.41 4213.38 1373 13
28 -201533.14 184450.97 3029.92 578 14
29 -251411.91 239012.82 3554.70 738 15
30 -252607.46 237069.73 3842.07 15 1848
31 -260037.89 131648.56 3589.07 16 3436
32 -76285.07 -18305.70 2820.23 17 1844
33 1376.70 151214.40 3284.20 1058 18
34 5046.00 150883.53 3357.55 18 1884
35 1451.28 149609.10 3286.42 5995 18
36 190084.28 -12153.69 3563.12 2368 19
37 193305.92 -10974.41 3234.58 19 6414
38 61236.17 259336.10 3402.97 20 4783
39 62271.69 261094.61 3658.39 20 6377
40 5888.70 13830.96 3957.07 21 5011
41 234800.99 -120426.38 1066.55 4139 22
42 237245.10 -120373.64 1127.67 4540 22
43 235281.89 -122032.93 1026.76 22 6703
44 -170399.46 261972.45 3681.19 23 3151
45 -170985.59 263634.81 3779.26 23 6967
46 -194798.66 -179229.91 578.39 882 24
47 -195899.12 -178038.76 710.92 3620 24
48 -263296.95 118221.00 3571.31 25 4221
49 -261375.98 119334.38 3246.94 25 5437
50 -264259.47 119730.57 3628.85 25 5775
51 -254602.52 236199.97 3824.86 1848 26
52 46906.41 -72083.27 1421.95 27 564
53 99802.79 136650.02 3583.13 673 28
54 101573.66 137135.98 3487.40 28 4673
55 -73495.85 -252297.44 321.72 29 3564
56 -76239.10 -251102.03 326.69 29 5471
57 -181715.39 80365.32 3740.77 30 2074
58 -181734.94 79264.46 3966.42 4727 30
59 184.31 -5938.52 4065.19 2543 31
60 2060.43 -6908.92 2707.24 6772 31
61 162107.26 239443.01 3706.83 3223 32
62 160699.18 238574.98 3718.98 4832 32
63 -174907.34 -108423.67 1695.56 33 2152
64 -176317.61 -108421.29 1980.75 33 5912
65 -92724.14 206428.45 3465.88 536 34
66 -93486.16 208843.23 3173.43 6610 34
67 -91834.50 208669.70 3422.26 6825 34
68 252767.70 97295.65 3217.57 35 513
69 253353.67 98933.15 3256.38 35 3782
70 89600.04 5017.37 3184.13 36 5720
71 91958.73 3975.48 3096.87 36 6973
72 -243576.63 225248.01 3585.21 37 2892
73 -244245.88 226673.02 3511.03 3215 37
74 -174541.69 245398.43 3344.09 4117 38
75 -175614.30 249171.48 3321.57 38 6938
76 -155330.71 -28279.72 3489.82 1210 39
77 -20583.28 -68255.62 1013.80 803 40
78 -22042.82 -66642.17 1088.68 4792 40
79 -250619.06 122478.05 3423.30 1766 41
80 -253053.43 122859.50 3209.75 41 2066
81 -252930.82 123903.27 3889.95 3007 41
82 1222.66 13986.19 3960.15 42 1626
83 1686.45 11585.18 4304.51 42 4089
84 246855.37 -64071.82 1179.60 43 640
85 250734.38 -65021.43 1134.58 642 43
86 250262.61 -62960.03 1501.52 43 4962
87 188.94 133972.82 3504.31 2170 44
88 1595.78 134734.74 3521.74 3596 44
89 2132.49 130588.78 3839.75 44 5545
90 -78509.60 221825.23 3731.93 2326 45
91 -82359.12 219355.27 3469.63 45 4295
92 -228127.73 125730.69 3571.84 46 1712
93 -230819.91 123785.11 3138.06 46 5600
94 -227871.39 122961.28 3473.48 5690 46
95 235686.47 226411.40 3630.02 47 2577
96 234461.24 228775.85 3879.88 3506 47
97 180940.90 148957.48 3298.13 48 925
98 178676.13 151250.14 2900.77 7262 48
99 -148001.29 -106652.55 1568.21 49 2671
100 -146711.43 -103471.01 2256.46 3694 49
101 -147613.21 -104232.47 2016.28 49 5455
102 -131351.18 136249.60 3479.77 3023 50
103 -130977.21 139648.32 3521.80 50 5071
104 -249567.67 154380.32 3520.77 51 1099
105 -250770.15 157137.99 3691.80 51 1741
106 -246869.00 158126.81 3362.74 51 2398
107 156318.76 242080.24 3653.38 52 2583
108 117639.21 233672.49 3102.48 53 1148
109 116306.64 230492.61 3190.49 53 2970
110 119055.54 232263.79 3173.57 5339 53
111 89329.98 -122140.85 1544.28 137 54
112 89767.62 -128320.97 1310.22 54 2061
113 87369.21 -128818.31 789.76 54 4462
114 -168357.90 -17098.90 3360.13 55 5708
115 -238056.35 58713.73 2843.78 56 865
116 -240210.54 59933.77 3201.37 56 1783
117 -240294.65 59128.45 3221.92 56 3036
118 -137764.21 -109605.41 1134.63 57 2437
119 -136468.28 -110673.73 1097.16 57 4831
120 -137152.67 -108045.91 1108.22 5662 57
121 -262846.79 108974.82 3507.56 2363 58
122 -264836.84 107567.28 3393.07 58 3854
123 202313.45 249318.84 3527.43 3847 59
124 -205298.52 182627.68 3481.75 1238 60
125 -205734.94 185388.22 3512.37 1324 60
126 -209744.87 182748.90 3198.48 4745 60
127 215200.89 160053.62 3601.90 61 5776
128 216986.42 158763.32 3349.60 5829 61
129 -143.87 144378.09 3309.44 953 62
130 -1401.92 147480.47 3584.21 3232 62
131 -2857.80 144470.49 3383.09 4671 62
132 101746.03 10275.00 2459.36 63 2343
133 98201.54 12656.11 2476.99 63 3256
134 -261430.80 -96326.13 2123.71 841 64
135 -259562.13 -96631.43 2273.28 64 1026
136 -260624.66 -94646.03 2313.04 64 7178
137 188600.39 243680.84 3657.79 4271 65
138 150083.39 133189.43 3209.05 864 66
139 152030.29 131042.93 3745.45 1371 66
140 205776.11 265290.44 4143.88 2008 67
141 204833.98 263646.31 3476.31 67 7069
142 -214287.84 164632.84 3212.68 68 1954
143 -211819.91 171323.66 3199.93 6556 68
144 -176379.73 -31316.45 3433.78 581 69
145 -173294.13 -27862.74 3431.99 69 3859
146 204080.73 233071.80 3603.99 70 1794
147 233883.46 237088.46 3935.71 163 71
148 -74801.67 99566.11 2359.58 72 6192
149 -157109.06 67465.37 3495.15 7137 73
150 -237511.44 79407.89 3617.62 896 74
151 -238562.13 77134.68 3786.48 5416 74
152 140909.74 -73694.59 1101.52 75 1149
153 143131.07 -70146.12 1300.85 2203 75
154 142838.26 -72455.37 1211.68 3504 75
155 -180552.88 267770.97 3673.38 76 3085
156 -179926.49 267456.78 3500.65 6522 76
157 -79296.63 -143219.99 719.02 7068 77
158 14029.63 6372.86 4097.05 5610 78
159 13936.74 6747.95 4148.49 6276 78
160 184286.86 263106.43 3923.10 1203 79
161 184889.80 260945.59 3756.57 79 4923
162 200199.69 245608.21 4087.87 80 727
163 197528.25 245196.42 4098.51 3756 80
164 199128.13 247406.31 4263.11 80 3847
165 -212732.98 200670.07 3552.16 81 1264
166 -212588.89 203352.34 3385.13 81 2295
167 102683.15 213103.13 3350.55 82 3644
168 212804.78 263623.73 4120.11 83 99
169 212662.59 266368.63 3764.19 83 1044
170 210187.93 264276.65 3652.95 5156 83
171 -100476.56 -153310.01 1065.33 84 1380
172 -267315.53 101132.40 3903.24 3569 85
173 -267725.02 102718.93 3839.97 85 5279
174 22455.10 221344.03 3512.43 1047 86
175 19324.53 219339.02 3558.57 1197 86
176 -176915.49 76879.05 2903.71 87 2181
177 -179376.71 77727.88 4097.50 4727 87
178 180785.98 233408.86 3658.44 3185 88
179 -191640.10 74065.01 3547.57 89 1257
180 -192312.84 72555.32 3559.42 89 7122
181 -187006.49 250604.84 3948.04 90 3298
182 -186241.27 249820.44 3547.46 90 5201
183 -187031.96 248649.46 3806.27 5641 90
184 -6289.74 10225.11 4227.96 91 361
185 109553.92 244569.81 3481.97 1653 92
186 240884.44 101959.26 2928.84 93 4291
187 245551.25 103856.05 3048.71 6785 93
188 -266990.41 -91631.76 2682.67 94 4009
189 -269164.60 -91500.88 2712.52 5506 94
190 -109798.91 -156256.28 889.35 95 1938
191 -191038.51 -167803.79 1493.59 4133 96
192 -191474.55 -167566.80 1457.02 96 7251
193 1343.81 -11067.56 1404.71 6242 97
194 2795.12 -12920.39 1012.25 6306 97
195 -190319.69 178121.13 3121.97 1454 98
196 215317.90 260541.64 4118.73 126 99
197 212037.34 261209.45 3880.58 2725 99
198 152118.41 231811.66 3528.04 3609 100
199 154607.55 230561.78 3643.49 3855 100
200 -3611.11 -8199.04 4413.31 1674 101
201 -1547.48 -7793.44 3466.67 4179 101
202 10794.62 218457.15 3684.78 102 1394
203 9339.19 215552.27 3211.21 102 1785
204 10964.93 214503.31 3808.46 102 6129
205 199670.16 266539.06 4031.10 4459 103
206 198155.38 266628.86 4217.23 103 5825
207 161164.34 -145138.36 707.68 2391 104
208 -181544.98 156974.60 2874.51 3326 105
209 -180339.37 161705.43 3014.06 5813 105
210 -238832.31 254961.30 3964.23 970 106
211 117749.59 237516.62 4087.23 107 1148
212 118684.13 240271.14 3145.63 1666 107
213 -260919.04 232685.84 3966.20 108 894
214 -258718.94 232409.58 3725.89 6149 108
215 -175662.21 178708.80 3434.10 110 1732
216 -173775.25 181982.13 3801.15 110 6095
217 -255166.42 212349.16 3146.96 1097 111
218 -257781.92 212952.34 3151.19 111 5732
219 162522.30 -136258.75 1388.28 2761 112
220 162249.88 -137783.39 1286.70 112 5098
221 164527.58 -137031.53 1345.69 6364 112
222 -179459.88 -103836.98 1827.81 113 3795
223 -176754.77 -105738.40 1947.33 113 5912
224 249339.61 -44762.62 2116.01 114 340
225 246901.23 -47087.65 2041.95 114 3355
226 -134256.93 -82834.59 2868.23 1745 115
227 -133834.28 -86009.90 2736.36 115 3697
228 -167275.63 64183.96 3943.47 1019 116
229 7428.61 3083.96 4467.77 117 1777
230 -156892.29 -107692.10 2145.18 118 948
231 110928.44 251562.48 3941.46 119 1313
232 110136.57 247880.32 3439.92 1653 119
233 108806.59 251566.93 3566.34 119 4311
234 -217993.12 -172727.21 1135.37 120 4107
235 -217010.39 -172206.53 1006.94 5706 120
236 159181.35 220637.39 3319.84 121 626
237 159942.63 218401.28 3728.34 121 2523
238 161560.53 219659.13 3458.08 6500 121
239 -72581.73 123648.09 3269.55 2816 122
240 -73271.14 119578.57 3280.94 5519 122
241 -75167.28 121062.13 3690.51 122 6743
242 139911.15 245199.76 3656.35 123 651
243 142632.29 246080.54 3705.58 698 123
244 141168.18 247102.96 3433.91 4717 123
245 140612.62 247507.23 3702.22 6509 123
246 97870.18 246607.38 3868.60 3720 124
247 98826.93 248467.13 3564.42 124 4006
248 99627.41 248407.87 3541.64 124 4669
249 -14040.96 -1004.51 3375.27 400 125
250 217954.70 258273.14 3547.95 126 4744
251 218665.16 259705.21 4135.94 6800 126
252 -191108.21 82135.65 4098.04 1907 127
253 -191335.96 79378.04 3869.17 127 5431
254 -189805.64 80135.75 4072.56 127 5604
255 209945.46 -28672.17 3134.77 128 667
256 214273.16 -27673.15 3279.08 1462 128
257 -185742.38 -96183.17 2329.02 129 5879
258 -188071.61 -99093.90 2027.57 6240 129
259 102610.26 135903.60 3511.46 4673 130
260 102899.82 132905.94 3408.11 130 5108
261 153049.28 50211.92 3538.94 5522 131
262 -264829.87 128430.57 3861.32 132 3881
263 -264837.73 130916.03 3591.77 6468 132
264 -266079.69 129748.74 3906.92 7092 132
265 -125953.41 140598.09 3336.39 133 819
266 -128692.47 141679.60 3179.86 133 4442
267 92711.16 252354.12 3836.49 134 2071
268 91809.79 252823.00 3779.85 4402 134
269 90436.26 251286.25 3893.78 7022 134
270 -192346.28 66573.66 3784.76 1205 135
271 -190014.31 65279.44 4083.96 135 5409
272 -190284.71 67738.00 3517.98 6142 135
273 163483.28 247799.36 3870.33 2384 136
274 161856.82 243111.30 3668.08 136 3223
275 160773.31 246317.03 3800.23 7141 136
276 88832.30 -116551.93 1455.98 137 3900
277 85111.46 -117917.25 1223.30 4980 137
278 94885.86 263944.31 3713.69 138 5129
279 93253.62 262364.42 3436.97 138 6239
280 2031.43 9444.06 4508.59 1541 139
281 -13129.78 158285.60 3304.45 3039 140
282 -8953.58 156567.24 3333.95 140 6936
283 109014.98 254179.35 3703.55 141 5401
284 -199586.36 204198.57 3416.07 142 563
285 -1774.87 4434.59 4860.03 143 305
286 1284.24 5800.24 4849.76 143 396
287 197753.56 263878.16 4165.24 144 282
288 197484.12 262163.03 4016.59 6981 144
289 227165.10 251996.15 3631.92 145 4697
290 225012.67 251982.31 4043.04 145 5636
291 -211167.92 -157141.95 1162.06 146 3430
292 -211073.26 -158167.05 1133.06 146 4912
293 267960.49 -87975.27 746.99 5466 147
294 -4239.14 -253632.67 582.58 148 555
295 -760.11 -252091.24 670.03 1804 148
296 266607.92 -52869.59 1353.15 5228 149
297 6161.35 1898.17 4494.20 1777 150
298 192915.84 231903.50 3684.15 151 1437
299 148583.94 255015.28 3793.33 152 379
300 148527.31 253464.82 3196.06 5634 152
301 -213861.57 215618.35 3626.98 1806 153
302 -215429.69 216649.00 3589.72 5022 153
303 -213059.19 217835.91 3621.19 153 6564
304 44710.14 88462.85 3380.70 751 154
305 42774.93 87130.50 3825.40 5102 154
306 -172767.93 78937.96 4123.86 920 155
307 -173722.61 77948.42 3334.73 155 4304
308 -174360.87 80040.23 3575.95 155 4381
309 -187598.04 -29596.52 3336.21 1225 156
310 148331.28 244695.49 3828.34 5128 157
311 150711.60 242659.26 3784.01 157 5297
312 167382.76 262296.81 4117.05 158 770
313 165886.92 261270.19 3497.56 158 1571
314 88178.46 261792.45 4183.47 159 1498
315 83920.92 262788.05 3544.52 4474 159
316 85842.13 260125.27 4012.06 5436 159
317 -235735.28 115241.04 2893.46 668 160
318 227271.40 225392.37 4015.62 435 161
319 231558.23 227727.74 3837.73 161 3506
320 11059.75 9179.15 4169.83 352 162
321 12993.26 7259.82 4172.11 162 6276
322 232619.85 234354.73 3919.60 163 421
323 234804.67 236225.34 3531.59 163 2757
324 -92573.73 193648.38 3200.62 2145 164
325 -95878.44 191988.02 3562.99 5452 164
326 194207.02 266596.71 3983.96 165 3798
327 195511.40 266480.32 4155.12 5825 165
328 146441.69 71139.90 3468.41 166 1298
329 143737.58 70238.86 3562.18 5596 166
330 57933.43 268783.57 3679.08 1481 167
331 62901.59 265814.84 4002.82 167 1873
332 62217.23 266600.10 4050.81 2442 167
333 75776.24 267538.95 3955.50 1443 168
334 76075.22 265067.47 3935.95 4487 168
335 197932.02 255265.38 3944.75 2366 169
336 195160.96 255154.92 4135.41 169 6185
337 -199061.63 -22368.98 3087.01 268 170
338 -203123.78 -22413.07 3352.61 170 501
339 -202804.62 -25133.22 3419.19 170 1608
340 253053.61 207854.19 3646.61 171 2498
341 253401.69 204634.88 3617.27 5068 171
342 -153087.57 -103548.09 1484.10 172 5137
343 -154517.43 -101064.84 2768.95 6436 172
344 128675.51 232814.61 3463.69 173 6727
345 131894.67 235050.98 3423.10 7080 173
346 -40179.49 66225.25 3068.82 174 4043
347 -41916.87 67593.79 3257.46 174 5374
348 -40434.50 69911.29 3195.51 174 7062
349 157986.20 -151857.37 884.47 175 4984
350 157458.22 -152491.96 638.31 5361 175
351 -12074.43 7397.08 4043.04 2819 176
352 -12568.70 8971.51 3825.54 5006 176
353 -11956.79 8016.72 4030.47 176 6693
354 -199198.09 81168.37 3890.81 177 1896
355 -198141.65 82382.65 3429.47 5723 177
356 5060.92 -118818.55 1364.90 6700 178
357 -209746.96 65556.53 2957.44 3909 179
358 -180862.06 136188.23 3416.58 3773 180
359 -178143.22 138834.29 3419.48 180 4476
360 -180405.91 133848.98 3203.21 6046 180
361 -237892.85 89136.92 3620.05 1154 181
362 -238857.92 87129.74 3672.89 5543 181
363 -144450.97 -66592.28 3319.02 182 2314
364 -143549.22 -65133.51 3106.14 4364 182
365 53864.11 247972.44 3345.98 183 1274
366 52302.67 244615.98 3394.99 1609 183
367 -229805.94 214019.44 3651.26 7003 184
368 148574.13 262850.11 3631.93 4287 185
369 148573.09 260543.37 3491.97 4327 185
370 121527.50 247662.29 3772.72 3417 186
371 117886.87 247801.74 3488.98 186 5805
372 -176202.93 92418.44 3956.06 187 2325
373 -178047.33 93045.65 3478.98 187 3475
374 -178920.05 92202.19 4046.58 4822 187
375 -261312.71 -102685.55 2115.63 4123 188
376 -259855.00 -103225.40 1741.51 188 4548
377 -260516.67 -101924.86 2053.20 188 6227
378 -205582.18 -104315.99 1393.36 189 500
379 -203968.65 -105963.90 960.40 863 189
380 -5593.39 -9113.23 4134.14 190 1349
381 -5391.17 -8758.36 4421.97 190 1674
382 -5795.28 18772.76 3191.70 5067 191
383 -140104.88 -206021.14 167.76 4704 192
384 -135869.97 -204267.46 241.99 4968 192
385 -138368.17 -208626.65 610.50 192 5590
386 184418.34 242926.32 3857.31 1575 193
387 181375.25 243724.70 3404.52 2026 193
388 180824.86 240962.49 3587.20 3901 193
389 225842.59 236328.48 3591.00 194 4206
390 -189626.21 -113056.13 947.17 1569 195
391 -187807.68 -112993.32 1163.43 195 1869
392 52408.43 251683.15 3167.62 1274 196
393 11237.08 -3524.99 2139.60 730 197
394 10646.78 -5120.64 2041.99 2263 197
395 -189770.14 101485.91 3709.81 299 198
396 -187947.79 103021.85 3758.99 198 5517
397 203378.50 168498.12 3372.02 199 4031
398 204391.39 169976.84 3487.50 4499 199
399 -301.93 -116401.55 1233.96 984 200
400 -4071.94 -110263.54 1026.09 6497 200
401 2018.73 -115038.36 1362.53 6700 200
402 209208.11 257034.74 4055.01 201 540
403 208550.75 256668.92 4003.97 201 3934
404 156236.04 -131206.72 1142.03 202 356
405 158275.38 -129320.66 883.68 202 1714
406 159574.67 -130831.46 1127.65 202 4251
407 7692.27 -19311.29 2445.32 203 4632
408 5934.52 -18438.82 2158.78 203 5688
409 -175063.28 70759.55 3827.14 204 1401
410 -172305.42 70650.17 3860.13 1707 204
411 -172987.35 73960.63 3433.09 3799 204
412 129457.43 131598.04 2926.13 478 205
413 135950.96 129595.23 3469.73 3705 205
414 133362.94 133325.19 3290.81 6923 205
415 -195812.72 72519.97 3868.21 241 206
416 -196515.04 69621.12 3603.77 495 206
417 -194938.41 68302.91 3813.59 206 1205
418 -193565.72 70770.01 3584.43 206 7122
419 -143704.55 41614.55 3525.96 207 5923
420 -136008.38 75235.33 3676.16 1250 208
421 -132230.09 76718.29 3710.51 208 1933
422 -134144.40 75206.99 3664.80 208 7128
423 46384.30 77060.87 3391.06 209 3556
424 48170.23 76040.87 3504.97 209 4231
425 46939.06 76068.17 3485.47 209 5051
426 47274.68 77685.22 3138.97 5429 209
427 -191451.66 90662.92 3413.93 210 3192
428 -190254.89 92664.88 3887.36 5469 210
429 -194518.30 -95902.13 2287.53 211 999
430 -195127.67 -96782.89 2071.79 211 6897
431 -186314.59 199238.05 3391.34 212 661
432 -184765.11 200234.95 3030.86 1945 212
433 -187348.03 201747.62 3286.75 2122 212
434 -184544.06 202056.75 3591.64 212 2639
435 57876.54 258563.26 3416.66 529 213
436 59172.92 259677.14 3361.83 213 4783
437 -90411.15 -107295.66 793.08 214 904
438 -92998.36 -104625.22 1061.06 214 1617
439 -184288.31 73000.96 3086.34 4585 215
440 -183823.40 71204.11 3837.98 6357 215
441 -198276.16 101672.24 3603.63 4067 216
442 -198430.74 99797.89 3216.97 216 5968
443 -211751.92 -150882.27 1651.82 217 3315
444 -213455.89 -150291.55 1623.61 217 7039
445 -181869.38 116343.31 3895.13 1670 218
446 -182224.53 117578.18 3932.76 1999 218
447 -179936.34 117846.27 3453.82 7038 218
448 192218.24 229288.46 3658.54 1437 219
449 194776.43 226193.88 3973.30 219 2359
450 192587.89 227542.34 3699.92 219 6654
451 227640.49 196114.65 3730.85 1982 220
452 225398.40 195496.38 3849.11 4715 220
453 -107327.22 -160696.21 918.79 221 1364
454 -105457.22 -160262.62 892.46 1601 221
455 -107409.49 -158048.32 914.12 1938 221
456 190887.29 253666.22 3620.07 222 5331
457 54486.93 -64755.24 1674.26 3377 223
458 53987.40 -62157.53 2126.85 4992 223
459 -95879.87 -50008.28 2803.36 224 903
460 157182.13 -48132.84 3266.04 225 985
461 160293.91 -52784.96 3727.96 6475 225
462 156754.53 -52456.16 3529.60 6660 225
463 -250322.67 40218.31 3435.67 226 2272
464 -252509.96 39212.70 3437.24 226 5314
465 -252805.45 41277.90 3437.05 5389 226
466 -135078.42 -47164.39 3568.12 617 227
467 -137123.98 -45585.60 3034.83 6341 227
468 208492.97 -128572.64 1224.23 4087 228
469 209418.09 -127071.04 1241.64 6285 228
470 -246718.45 252836.97 3941.70 1222 229
471 -244391.94 253589.95 3479.67 3698 229
472 -246143.89 254170.01 3766.57 229 5421
473 -201964.65 -33185.11 3230.17 230 517
474 -204649.32 -33131.68 3840.64 230 5520
475 -180048.40 104718.25 3780.05 2125 231
476 -176900.48 105923.98 3981.80 3260 231
477 -191542.78 121725.25 3574.61 594 232
478 -189162.28 121864.85 3637.24 232 5077
479 -118508.83 -83403.72 2546.39 5949 233
480 -197826.95 -170617.93 1041.38 234 5884
481 -233624.04 195431.79 3117.69 235 474
482 -231086.29 199422.54 3566.49 235 5235
483 204625.74 -10843.42 3269.84 951 236
484 202991.98 -11740.57 3100.54 3539 236
485 202121.94 -10667.21 3025.90 4699 236
486 220858.44 247092.65 3684.39 237 1270
487 219271.71 246909.95 3399.97 6521 237
488 -258388.38 195062.09 3535.69 238 812
489 -256869.19 197877.88 3506.07 5948 238
490 -255847.22 193854.23 2895.93 238 6855
491 -159876.95 243246.99 3415.15 239 4696
492 -159879.26 245845.63 3560.69 4884 239
493 -157854.15 244956.90 3600.72 6895 239
494 -76926.93 -62388.51 2503.28 2706 240
495 -197106.78 75217.56 3718.61 3587 241
496 -4335.88 14529.68 3627.42 242 1495
497 -3066.09 14521.62 4044.22 4498 242
498 -4376.65 16738.45 3135.84 242 5067
499 6489.50 7718.41 4208.01 2689 243
500 -17196.40 230424.75 3354.40 244 298
501 -13266.96 227763.83 3473.53 1365 244
502 221305.24 232473.05 3698.61 363 245
503 219744.44 232340.01 4068.51 1334 245
504 133604.60 192728.95 3597.77 246 3303
505 137146.09 197070.40 3485.58 246 4046
506 134719.92 198294.12 3361.87 246 6199
507 179230.13 259408.11 3922.28 1340 247
508 180188.81 256708.10 3952.24 247 3055
509 177519.51 258356.84 3849.67 247 3323
510 222401.42 265771.21 3202.13 248 649
511 220921.78 265107.75 3193.17 956 248
512 44987.59 -89861.28 1269.80 249 1361
513 -6834.52 3745.16 4937.04 4040 250
514 -8263.27 3165.16 4927.25 6780 250
515 -200978.77 94890.75 3254.71 251 919
516 -199536.82 96062.68 3703.23 4820 251
517 -201226.81 96569.07 3732.59 251 4862
518 -269262.65 106181.46 3259.38 899 252
519 -267524.43 107386.21 3403.17 3854 252
520 -8923.95 463.87 4887.48 423 253
521 -10641.39 -665.49 4722.92 253 5621
522 -5537.13 -6763.43 4374.72 254 1674
523 -6322.06 -3428.89 4711.48 7171 254
524 180695.87 247464.42 3335.54 6641 255
525 180034.02 250674.02 3701.84 255 7266
526 129927.17 246425.03 3441.82 1295 256
527 129411.89 244039.66 3515.31 256 4917
528 131817.72 242835.83 3980.09 256 6424
529 132715.10 38771.83 2827.11 570 257
530 133474.11 40330.71 3463.80 257 6510
531 -188019.39 85410.92 3953.46 258 3177
532 -184958.30 84776.49 3421.61 258 3618
533 -182547.54 100140.83 3551.22 5056 259
534 -184382.41 101092.59 4023.26 259 5517
535 -188797.37 247901.61 3770.89 260 5641
536 -189973.73 247100.34 3885.72 6826 260
537 -103351.57 179017.99 3190.86 261 1263
538 245960.17 212643.22 3367.17 389 262
539 243943.02 211633.08 3886.51 2274 262
540 -84616.98 -91024.38 924.08 4325 263
541 226011.85 258475.33 3858.30 1700 264
542 224184.86 259762.64 3723.84 4702 264
543 -227749.19 112053.31 3829.59 265 1936
544 -260427.82 -54533.92 3318.40 1506 266
545 -262679.57 -56255.60 3106.56 1986 266
546 -260429.35 -56142.01 3327.69 3619 266
547 -12550.07 142566.95 3260.12 5780 267
548 -10001.68 144086.76 3231.69 267 6077
549 -195526.34 -20092.15 3028.43 268 6271
550 148449.36 230093.28 3275.06 269 6649
551 -86868.67 -31259.05 3243.36 1074 270
552 -84807.54 -34102.11 3099.85 270 3820
553 245488.91 235665.75 3403.57 271 2219
554 242508.67 234861.98 4192.00 271 3022
555 243904.01 237483.34 3908.25 5163 271
556 83326.57 -136120.26 752.90 272 1403
557 85417.24 -135089.41 749.38 3051 272
558 2929.53 163605.21 3564.67 2750 273
559 -420.62 166173.64 3597.25 3674 273
560 111037.29 122336.82 3229.72 274 631
561 111393.21 126285.05 3156.25 980 274
562 108321.63 125281.56 3660.64 274 4795
563 234227.26 244591.73 3763.21 430 275
564 43574.62 -63209.95 2821.26 3444 276
565 42912.02 -63542.37 2845.10 6442 276
566 224022.98 76706.55 2983.06 773 277
567 226646.66 79306.43 3068.48 1780 277
568 224647.06 78558.48 2936.97 5164 277
569 -216879.37 234002.62 3950.74 278 1060
570 -215206.17 234316.13 3222.74 3057 278
571 208099.86 267469.87 4550.35 279 3304
572 209025.44 265497.25 3615.47 279 5156
573 267965.99 -48400.96 1335.43 1041 280
574 268163.04 -49492.48 1181.23 4928 280
575 -227368.85 -178155.16 575.71 2334 281
576 -229115.28 -178758.89 628.27 281 7200
577 198751.23 264518.49 4037.92 282 5691
578 -153791.42 136056.57 3592.32 283 1322
579 -156579.47 134667.10 3456.54 283 2239
580 -155128.24 137778.52 3475.32 283 2947
581 151772.71 100723.68 4007.15 1061 284
582 150886.96 99543.61 3446.74 3742 284
583 -209031.50 91626.54 3592.43 1449 285
584 -210806.69 92477.86 3548.37 285 1769
585 232425.70 263987.13 3908.10 799 286
586 230726.71 264362.83 2908.92 286 7063
587 -206886.06 102324.35 4007.82 287 2162
588 -206173.54 99417.82 3758.03 287 2636
589 88499.75 -266431.82 213.83 288 1779
590 89298.22 -261968.66 356.96 288 6621
591 64823.97 243258.09 3849.96 289 1442
592 62220.94 242843.91 3172.44 1539 289
593 63703.73 240635.07 3844.69 289 2367
594 73750.11 260966.38 3555.20 4053 290
595 75007.83 263043.17 3902.73 4487 290
596 -68856.17 216732.53 3596.61 291 1354
597 -69290.90 214956.06 3194.89 291 5862
598 2946.98 213111.11 3605.10 292 574
599 5220.18 214303.72 3142.51 1785 292
600 -61171.80 -68937.13 850.43 2913 293
601 -65586.75 -66166.50 1086.73 5840 293
602 -203667.98 78676.84 3996.35 294 860
603 -205727.31 79685.80 3539.31 294 4527
604 -181326.14 54183.99 3507.73 295 2005
605 -181365.25 52064.75 3348.94 4439 295
606 -179463.66 53138.13 3578.78 295 4932
607 104808.95 122232.57 3490.67 296 2177
608 105550.15 123968.29 3787.34 5079 296
609 105884.37 121543.68 3413.76 296 7233
610 143029.19 191998.51 3509.20 716 297
611 139725.52 195090.19 3519.76 4046 297
612 -158425.36 146019.60 3418.21 1130 300
613 -163618.00 144584.86 3441.54 1596 300
614 -163555.57 145777.86 3391.22 300 2869
615 -130267.53 -104885.05 935.57 301 1798
616 -132012.39 -101938.78 1500.17 301 6173
617 -122648.96 -82356.70 2586.04 302 4925
618 -121249.03 -82348.13 2606.84 5393 302
619 -177774.48 85643.08 3902.48 303 1389
620 -176016.71 86440.20 3836.92 303 4799
621 -72987.31 208821.87 3502.73 2470 304
622 -74084.37 211302.66 3065.58 304 5681
623 -5115.37 3938.11 5083.81 305 4040
624 25411.32 238456.45 3625.53 1503 306
625 25884.80 241551.16 3424.26 306 3547
626 84364.74 -100709.95 1402.05 2341 307
627 144718.90 98574.04 3533.92 779 308
628 140992.17 101355.11 3666.24 308 4967
629 122550.70 231130.14 3042.78 309 3484
630 121388.10 231121.93 3866.77 309 5339
631 -173126.30 89990.43 3991.18 310 1422
632 -174578.00 90866.45 3990.92 2325 310
633 -174803.87 88606.86 3855.82 4799 310
634 234992.38 252838.29 4253.88 311 1211
635 236777.83 249636.12 3942.81 311 1431
636 238245.70 251201.25 4221.38 311 4329
637 139566.23 253799.16 4311.70 393 312
638 141711.89 250960.96 3616.55 312 7046
639 155020.24 241033.22 3659.23 313 2583
640 152280.45 240676.87 3874.15 5297 313
641 130273.52 -148471.12 823.62 6423 314
642 131312.83 -147367.58 782.94 6873 314
643 222206.42 242537.44 3735.25 315 657
644 222836.63 244496.34 3550.50 315 3892
645 -184158.80 66852.94 4121.60 316 509
646 -185211.84 68992.57 3793.99 6357 316
647 150847.31 267079.23 3813.77 317 1034
648 155056.31 267090.21 4122.27 1484 317
649 32077.16 -63942.31 2507.91 318 2598
650 30423.07 -64788.54 2488.13 318 3738
651 31513.69 -64829.89 2217.61 318 4086
652 129693.84 256069.71 3753.93 5633 319
653 128758.44 258905.80 3781.34 319 6146
654 127873.33 256783.20 3199.60 319 6491
655 -10178.55 -232615.25 385.60 320 1793
656 -12173.22 -233724.23 546.27 320 2531
657 122846.06 61545.43 3363.11 2876 321
658 120668.09 59632.09 3044.90 5630 321
659 119956.00 61578.26 3137.77 6064 321
660 -3018.34 -32408.68 2169.69 322 4294
661 -597.83 -32792.12 2162.71 322 5836
662 188720.73 258559.98 3959.66 4473 323
663 191273.20 258172.54 3955.30 323 7082
664 237127.29 261515.02 3587.75 1188 324
665 242627.77 261322.58 3554.08 6427 324
666 50517.45 -55411.44 3410.86 325 4051
667 51114.70 -57710.92 2965.30 325 5209
668 222799.87 241491.35 3809.55 326 657
669 226405.13 239707.53 3358.10 1967 326
670 224553.57 238880.71 3634.01 326 4206
671 105404.99 256686.23 4052.20 694 327
672 107039.30 255355.08 3864.29 327 5401
673 -55390.32 156894.84 3562.77 328 5194
674 72706.24 257537.21 3999.84 1678 329
675 71745.68 259218.13 3805.64 329 3508
676 -88099.79 -149547.30 669.10 330 1319
677 -88693.01 -149894.74 586.87 6003 330
678 -89158.32 -148638.58 645.02 6841 330
679 -209843.31 -108315.94 1357.22 331 1946
680 -196381.57 91286.39 3756.47 332 900
681 -194075.75 89355.79 3433.03 332 4797
682 139769.35 -144422.79 1030.11 333 3142
683 138894.60 -145000.30 925.31 4242 333
684 137542.33 -142225.09 1125.17 4950 333
685 465.66 -4334.85 4869.15 406 334
686 2406.23 -4097.81 4596.36 334 2554
687 112632.94 -67694.19 999.59 335 857
688 117403.60 -65244.22 1520.72 335 5699
689 143192.81 258444.69 3554.32 3466 336
690 -188541.53 110755.41 4109.28 4081 337
691 -191498.46 109126.88 3504.44 4965 337
692 -190699.74 110797.65 3181.65 337 5419
693 75304.72 -96909.73 1562.65 757 338
694 78466.20 -97325.26 1496.18 338 4095
695 79069.09 -96016.34 1636.60 338 5907
696 -90842.92 -96565.45 976.77 339 3978
697 -87867.37 -96111.79 842.13 6081 339
698 251052.79 -43041.40 2163.20 340 1178
699 210830.23 83314.63 3489.41 341 4109
700 205470.55 230052.68 3733.57 2401 342
701 208022.00 229201.80 3852.69 3311 342
702 207785.55 231612.50 3901.99 342 4555
703 116373.45 171920.48 3872.40 3000 343
704 116663.22 173914.87 3746.46 343 3878
705 115086.53 172992.82 3513.42 343 5239
706 32509.80 218681.64 3349.72 689 344
707 34370.70 219977.03 3639.19 344 1070
708 35589.25 214715.30 3264.44 344 5538
709 -15462.50 -71043.90 1334.66 345 6047
710 -187075.85 258782.42 3530.01 346 1025
711 -189005.71 258197.04 3631.97 1105 346
712 -188582.59 255695.07 3076.81 346 4012
713 83067.07 257264.94 3721.63 1919 347
714 82271.63 256842.66 4089.29 347 3608
715 84302.16 257376.37 4301.00 5736 347
716 -186228.39 48176.62 3583.37 5313 348
717 183335.34 220053.12 3290.23 349 4257
718 -64708.04 200948.82 3507.11 350 557
719 -65418.56 204588.34 3569.53 3227 350
720 78396.25 -115582.77 1369.67 351 1724
721 78168.53 -113848.10 1403.52 351 2787
722 8837.93 9675.15 4195.38 391 352
723 10494.37 11238.96 4463.16 451 352
724 94470.79 -100399.69 1037.19 6067 353
725 -196427.70 -167683.02 1098.53 354 5174
726 -193746.47 -167297.26 1047.92 354 7251
727 89717.37 246640.47 3471.21 5637 355
728 89621.18 248472.20 3896.59 7022 355
729 156113.78 -133173.08 830.48 6352 356
730 152218.08 -131313.69 1104.06 6687 356
731 12555.91 -16927.42 2188.43 1463 357
732 11163.54 -17580.20 1758.96 357 2344
733 -262233.92 216795.79 3550.86 1128 358
734 -264008.87 213715.10 3185.60 358 6164
735 -134272.90 234745.17 3332.55 660 359
736 -134782.28 236379.80 3455.29 5033 359
737 137860.18 51979.90 3625.15 2513 360
738 139545.32 52134.89 3134.19 360 7040
739 -6839.67 11183.85 4124.55 361 438
740 -8117.07 10649.45 4283.00 361 6035
741 -129803.12 -108257.93 958.01 362 1798
742 -131678.46 -111196.97 1386.34 362 2619
743 -129738.11 -111774.59 733.48 2634 362
744 -4864.72 12241.61 4458.00 1182 364
745 -4353.39 13186.97 3657.22 1495 364
746 -205166.96 107068.66 4021.26 433 365
747 -202026.49 107214.74 3788.35 365 7049
748 189024.51 -62268.97 2508.35 1161 366
749 188664.82 -61541.46 2278.91 3740 366
750 189959.18 -60693.49 2505.00 366 4374
751 -201279.53 -90449.09 2466.00 901 367
752 -200024.30 -88819.39 2478.19 367 6948
753 234756.61 222627.19 3731.33 368 2212
754 234495.32 221083.89 3858.07 368 3615
755 -6063.85 682.92 5033.07 369 423
756 257444.86 164824.99 3474.56 370 4309
757 256527.54 164526.95 3189.87 370 5252
758 257411.27 163739.96 3432.07 6945 370
759 -54623.75 168611.93 3207.18 371 1457
760 -53819.41 168783.64 3436.18 3566 371
761 -91687.98 -75351.10 1880.78 372 1734
762 -92732.25 -72730.55 2069.73 372 6803
763 117130.82 267783.45 3509.57 373 1760
764 118478.41 266357.07 3503.48 373 5588
765 -212248.68 93760.74 3535.50 374 1769
766 -213773.91 94607.05 3658.70 1774 374
767 -213494.18 93433.08 3310.58 374 1834
768 -213899.92 93914.69 3265.44 7225 374
769 -187843.75 -32273.87 3372.88 1225 375
770 -190566.82 -34048.16 3031.30 375 1460
771 -193886.28 -31604.37 3467.89 5464 375
772 267597.31 -95081.63 1001.87 1100 376
773 267566.88 -97783.10 828.09 4308 376
774 265372.66 -96837.54 1120.54 5580 376
775 -132577.86 -69562.77 2912.31 377 6360
776 -134467.45 -69170.97 2924.97 6566 377
777 120211.98 88763.88 3150.32 834 378
778 118386.36 87433.01 3855.78 378 1168
779 121118.14 85957.71 3091.66 378 5715
780 150170.67 256139.05 3535.80 379 818
781 148352.70 257291.20 3521.74 4327 379
782 258646.07 -106448.19 1092.67 3394 380
783 259563.50 -105198.77 914.46 380 3715
784 258872.37 -104221.27 1001.26 6570 380
785 158997.41 248542.74 3230.94 381 3850
786 159771.99 250946.41 3410.36 4115 381
787 75251.95 246509.28 4125.41 691 382
788 78377.60 248701.38 3856.13 1448 382
789 -76783.68 12869.37 3139.33 3002 383
790 -76361.75 11074.82 3188.37 383 6225
791 -232067.47 201756.62 3334.76 2663 384
792 -231557.60 201083.53 3559.95 384 5235
793 208728.31 243720.03 3844.99 385 3785
794 -22375.60 -106920.26 1015.36 671 386
795 -21561.95 -105008.83 1766.70 5999 386
796 -132749.78 -91713.98 2411.43 5727 387
797 -133506.34 -93811.41 2202.70 387 7208
798 107736.35 269170.88 3483.39 4154 388
799 110483.98 268922.95 3842.93 6692 388
800 249573.94 212201.61 3365.46 389 2517
801 248240.92 215480.96 3323.34 6669 389
802 194801.74 -47920.76 3747.28 720 390
803 195442.29 -51871.94 3440.55 4603 390
804 193522.67 -49622.48 3356.08 390 4855
805 7521.60 9337.06 4059.55 391 7127
806 -218006.44 214803.07 3520.20 2046 392
807 -216859.63 216623.04 3625.90 392 5022
808 137198.67 255031.88 3720.64 4022 393
809 137421.00 257066.20 3346.95 5739 393
810 216872.18 -42828.17 3054.62 394 1212
811 213512.13 -38232.01 2990.35 394 6356
812 52633.02 -67422.12 1461.50 1493 395
813 3185.63 6786.50 4742.94 396 1898
814 -183006.95 93327.52 3923.19 397 4301
815 -184109.61 93402.98 3335.29 6804 397
816 15125.53 -80325.77 1150.89 2281 398
817 82715.79 266533.87 3734.91 641 399
818 83106.00 266191.72 3733.53 399 6882
819 -12034.79 -822.16 3974.96 5621 400
820 9692.06 250222.94 3632.47 1081 401
821 11931.98 246331.96 3642.41 6456 401
822 376.63 -16069.04 2224.42 3788 402
823 -564.60 -16018.37 2250.88 402 7261
824 -184436.66 64965.53 4082.56 403 509
825 -185361.88 62435.64 4245.35 403 2674
826 -187549.83 63563.18 4023.41 5409 403
827 -185634.95 246967.03 3592.18 4219 404
828 115942.95 224659.07 3399.26 405 597
829 115097.16 227488.59 3324.28 405 2970
830 -412.20 -5251.16 4684.56 406 2543
831 -292.79 -3322.06 4784.35 5798 406
832 -101840.50 -64330.86 3223.29 2027 407
833 -102854.53 -64768.21 2934.66 6266 407
834 -258670.00 95522.41 3601.43 408 1932
835 -259901.08 95243.46 3876.90 408 2207
836 256877.73 170077.91 3757.85 409 2553
837 255016.46 174015.02 3300.54 409 4761
838 -72988.67 -130201.37 1219.73 1963 410
839 -72219.86 -127743.80 1351.84 2280 410
840 -73270.69 -135944.94 1042.38 6905 410
841 -4245.21 194252.58 3596.74 411 2643
842 -2520.88 192561.23 3361.98 411 4188
843 -2233.25 195039.27 3760.10 411 5635
844 -232783.15 101209.57 3466.46 2113 412
845 -231970.60 99218.00 3412.37 2815 412
846 147439.69 -154203.82 428.50 4284 413
847 147891.93 -153050.17 555.97 413 4972
848 -179743.48 -129114.69 1334.18 2778 414
849 -176461.50 -128797.65 846.80 414 5920
850 5975.09 71163.81 3063.46 415 2478
851 19742.69 -31058.44 2878.55 2966 416
852 95397.95 -116921.93 1376.36 4895 417
853 79025.53 267927.85 3332.54 418 5283
854 197589.55 156577.01 3723.97 520 419
855 196147.18 162479.46 3360.45 419 548
856 11162.50 -63004.95 1430.60 2241 420
857 14675.55 -62788.10 2309.64 420 5045
858 13390.76 -61388.36 2333.40 420 5180
859 233389.08 231054.51 3875.82 421 3506
860 -190581.14 -124883.89 809.77 422 1218
861 -196065.76 -121923.72 1082.50 2385 422
862 -7991.20 1481.02 5127.07 423 6780
863 -7126.64 -698.36 4736.65 423 7171
864 6583.04 13452.04 3926.35 5011 424
865 8700.66 13209.31 4023.09 5143 424
866 8451.85 -29816.60 2231.59 2120 425
867 9572.15 -30885.85 2484.43 425 5002
868 -123662.09 217140.68 3395.71 426 2691
869 -118267.40 216312.55 3493.93 426 5036
870 112841.34 -34757.30 3320.20 427 1502
871 112385.45 -38403.14 3662.87 427 4650
872 108556.01 -36848.47 3094.75 427 4943
873 253002.21 224803.22 3865.87 428 1230
874 250597.47 222967.19 3747.28 1399 428
875 147094.78 263778.11 3596.98 429 4287
876 144912.72 265561.07 3378.77 429 6264
877 144994.44 263345.09 3541.25 7129 429
878 236940.65 245186.77 3288.42 6970 430
879 165864.75 -155819.75 549.99 431 2103
880 165148.86 -154442.25 732.50 3312 431
881 -90696.18 178930.86 3316.25 1189 432
882 -208462.06 106276.26 4284.56 3342 433
883 -46822.66 167064.47 3706.29 434 5225
884 224467.72 223960.06 3902.57 1729 435
885 225602.25 221655.83 3222.50 5937 435
886 140621.16 -99030.12 1006.41 436 618
887 142625.92 -96156.78 1368.96 5991 436
888 -183885.11 -72811.78 3061.71 437 1314
889 -6946.99 12569.46 4080.96 438 458
890 -5806.11 11968.69 4146.52 438 1182
891 29891.29 207232.51 3258.99 3991 439
892 28754.56 206620.81 3407.60 439 5307
893 28614.79 207535.04 3435.53 439 6562
894 -256423.12 205676.94 3548.21 1159 440
895 -254478.34 204042.67 3606.29 440 3858
896 -121694.13 -156843.08 1021.47 441 3733
897 -120743.97 -155836.41 1129.08 4886 441
898 201985.28 84007.57 3181.46 442 1828
899 205073.62 83278.86 3387.67 442 6188
900 -138418.29 216307.97 3566.08 4342 443
901 -180327.42 -125675.22 1369.86 521 444
902 -180823.73 -128637.25 1389.31 444 2778
903 -4341.63 65267.76 3178.64 445 3918
904 -5653.49 66115.81 3454.40 445 5029
905 24383.91 61893.63 3006.06 1776 446
906 22241.86 61403.98 3532.41 6482 446
907 166371.65 149180.76 3718.99 3137 447
908 165393.18 150649.68 3771.11 447 4503
909 163433.29 148264.31 3531.49 447 5273
910 -248988.99 141036.07 3527.61 448 1520
911 -248504.75 143158.42 3448.51 1935 448
912 -234013.19 58477.36 2790.45 865 449
913 -228701.16 58040.44 3470.06 449 2851
914 155209.49 223566.98 3314.46 450 626
915 152797.95 224820.53 3420.90 3283 450
916 154164.05 225292.64 3151.29 450 6381
917 10503.51 11896.93 3995.12 5143 451
918 218580.29 264334.73 4027.05 956 452
919 263694.08 219909.88 3825.42 453 1459
920 264229.80 224036.29 3741.61 5790 453
921 -213978.59 74413.07 3412.06 454 3760
922 -217127.65 73566.32 3772.45 454 3943
923 -195842.24 255196.83 3802.17 4138 455
924 -193631.20 254694.13 3016.88 455 5743
925 131449.54 263547.71 4049.31 456 526
926 133613.94 263544.59 4085.55 6745 456
927 193277.68 -38624.20 3674.27 457 4176
928 192135.51 -38697.68 2926.88 457 6363
929 -198539.20 -62884.22 3503.91 459 3434
930 -198386.43 -65576.33 3460.08 7112 459
931 28601.68 -73543.69 1296.44 2544 460
932 28755.42 -78503.63 1410.40 460 6685
933 -266522.28 97943.47 3669.94 461 1768
934 -263291.22 96169.87 3956.63 2207 461
935 -265725.47 95820.10 3449.05 461 2396
936 -11777.16 -6829.97 2985.09 462 3804
937 20560.94 -76209.72 1418.36 2756 463
938 19204.81 -74734.37 1340.25 4607 463
939 20387.42 -72217.58 1444.62 5628 463
940 -231649.56 44990.14 3542.60 464 1122
941 -174825.62 242499.84 3521.31 465 4117
942 -175962.05 241983.16 3561.95 6990 465
943 216283.27 230472.68 4008.71 466 1334
944 213539.03 230781.73 3868.76 2948 466
945 215264.06 229668.01 3373.86 6460 466
946 -174242.54 267290.11 3430.22 467 3682
947 -173021.14 267236.03 3782.81 467 3730
948 -172217.50 265881.08 3778.25 6967 467
949 -239565.25 95385.61 3718.58 468 2141
950 -236971.52 96260.11 3596.47 468 6005
951 205905.49 90728.91 3152.78 469 4398
952 207611.82 87977.19 3019.10 469 5525
953 172956.92 254345.20 3910.42 470 1965
954 175105.43 257289.27 3822.99 3323 470
955 -233431.45 -5425.21 3312.45 2227 471
956 -234269.41 -6980.94 3339.64 3871 471
957 -234618.32 -5737.16 3145.59 471 6813
958 -210644.67 221545.16 3619.89 3161 472
959 -212639.41 219930.73 3587.10 6564 472
960 -249786.34 242229.58 3608.42 473 738
961 -248419.14 243514.34 3742.21 1078 473
962 -251111.02 243259.64 3813.07 473 1536
963 -236872.91 192336.64 2852.97 474 5320
964 -198506.73 148345.17 3265.83 1140 475
965 -200480.75 147165.65 3316.47 4778 475
966 -245742.54 67865.39 3314.28 2310 476
967 -244905.48 69373.99 2914.47 5558 476
968 -247291.81 70041.66 3561.80 476 7218
969 -56962.73 218829.48 3181.62 477 2631
970 123848.32 131593.38 3012.81 478 527
971 -185326.55 33256.56 3532.50 479 3709
972 73289.73 166011.79 3696.05 1605 480
973 72606.82 169193.01 3221.91 480 5261
974 251106.85 -127430.41 748.78 830 481
975 252266.71 -126305.31 710.51 5292 481
976 253129.58 -127125.30 626.41 481 6681
977 54360.46 268652.61 3619.28 1481 482
978 53180.94 268736.86 3620.40 2014 482
979 -139151.77 232443.87 3687.63 917 483
980 -143826.40 239519.54 3631.29 1023 483
981 17917.95 159005.45 3352.13 484 1686
982 18826.78 160315.19 3502.96 5827 484
983 -215332.88 251009.58 3552.02 2653 485
984 131788.17 268123.46 3132.23 486 5919
985 133040.07 266587.45 4018.46 486 6745
986 -195325.79 116878.29 3728.61 1875 487
987 -197850.54 117031.71 3746.76 487 1918
988 -17172.30 16909.78 3570.62 2605 488
989 -15100.87 15735.19 3296.60 488 5990
990 127172.14 148392.83 3242.12 719 489
991 159359.17 95961.46 3965.05 490 1859
992 159654.21 93143.04 3518.53 3636 490
993 206478.85 52564.94 3340.70 491 2167
994 245483.10 257832.43 3500.58 492 1282
995 247277.57 258320.41 4114.34 3817 492
996 246737.50 256533.80 3624.76 492 4401
997 -206643.51 223021.86 3619.10 3161 493
998 -206419.96 224908.85 3705.49 3361 493
999 -205048.16 224661.73 2778.78 493 5622
1000 219719.16 167225.52 3519.45 2457 494
1001 222606.00 164959.77 3416.45 3805 494
1002 -199666.82 69694.32 3681.57 495 4565
1003 118892.19 91365.11 2900.26 496 834
1004 116407.89 93109.04 2882.41 4319 496
1005 127991.32 242806.21 3549.95 4917 497
1006 80882.94 251031.17 3784.06 6467 498
1007 81410.32 253310.72 3357.09 498 6830
1008 -258012.76 232844.92 3571.41 499 6149
1009 -209291.01 -104492.52 1363.82 837 500
1010 222655.90 80014.78 2918.40 5164 502
1011 221181.76 81069.13 3050.53 6577 502
1012 -247807.43 258181.97 3988.88 503 3819
1013 -247237.30 255816.06 3724.11 5421 503
1014 -159721.32 -110976.37 1092.72 1528 504
1015 -159332.14 -109978.10 1469.28 3037 504
1016 -161025.52 -110096.33 1448.65 504 4664
1017 252387.91 -67876.75 846.41 642 505
1018 256095.86 -68053.41 835.75 2369 505
1019 148434.12 46071.34 3030.72 506 4684
1020 -90276.68 -76746.49 1346.76 1734 507
1021 -89982.23 -78134.99 1333.75 507 5255
1022 -253765.66 201332.20 3452.22 3858 508
1023 -252596.34 200598.37 3466.25 4774 508
1024 -146253.82 -210249.76 365.56 510 6150
1025 -150140.38 -212285.78 390.68 6718 510
1026 -218460.97 221867.39 3479.28 511 2945
1027 -217389.90 219239.08 3513.54 511 5022
1028 133539.94 122198.86 2920.47 3705 512
1029 133410.60 118074.11 2930.88 512 4520
1030 252354.82 95166.97 2965.39 513 2306
1031 250524.79 96742.63 3275.33 513 2698
1032 -105785.44 -164734.14 786.31 514 3028
1033 -106582.85 -165906.95 558.57 5677 514
1034 -105948.78 -165359.38 167.07 6720 514
1035 -223645.09 -151842.52 930.29 515 4537
1036 150513.98 -56008.11 2978.45 1256 516
1037 147276.43 -54987.34 2948.91 2265 516
1038 -199084.11 -31109.68 3248.69 5464 517
1039 211192.55 227750.85 3406.29 1885 518
1040 210961.77 230404.92 3400.28 518 2948
1041 209597.94 228548.17 3414.20 518 3311
1042 -81548.75 -19718.36 3306.55 3629 519
1043 -81423.29 -21218.82 3291.81 519 6399
1044 199565.88 152129.07 3399.03 2258 520
1045 197226.43 151018.64 3763.77 520 2421
1046 -178118.40 -123791.61 1282.62 3494 521
1047 -174464.33 185818.15 3200.16 522 2530
1048 -173132.10 184029.43 3226.46 522 4648
1049 -119719.70 -88815.27 2255.86 523 768
1050 -118503.90 -89732.91 1568.34 4400 523
1051 -261700.15 241210.06 3655.86 524 3058
1052 -263056.67 239213.43 3698.40 524 3384
1053 220882.81 252246.92 3420.19 4691 525
1054 223169.17 251671.45 3717.34 5636 525
1055 129033.39 260755.99 3840.07 526 6146
1056 117372.45 129126.29 3124.59 527 980
1057 249758.75 255218.54 3470.00 528 2484
1058 249370.13 252827.10 3131.46 528 3710
1059 250688.00 252965.89 2909.92 5407 528
1060 57503.80 257305.23 3437.89 3654 529
1061 183102.91 157617.68 3708.13 905 530
1062 182061.45 158775.41 3620.63 2012 530
1063 -25563.64 -4453.81 3091.12 1693 531
1064 -25213.96 -2948.08 2809.86 531 7258
1065 -213453.51 -174493.69 714.80 5148 532
1066 -211841.38 -174915.54 579.01 532 5462
1067 -1467.01 223840.29 2979.02 533 690
1068 -207779.96 -34002.98 3410.64 534 1065
1069 -210203.23 -35947.67 3134.44 1654 534
1070 175475.75 233404.61 3044.94 535 4003
1071 176991.02 231007.88 3655.31 535 4914
1072 176926.87 233148.49 3414.94 535 7154
1073 -92119.70 203980.26 3411.80 536 2999
1074 165754.61 263607.10 3945.53 537 4084
1075 60466.42 -67720.64 1612.20 968 538
1076 60849.41 -65881.16 1520.50 3310 538
1077 -79927.54 114040.77 3484.01 5689 539
1078 -76404.49 117675.50 3591.70 539 6743
1079 209677.48 257048.32 3534.42 3779 540
1080 150730.00 96582.54 3709.25 2144 541
1081 150766.92 98435.84 3432.64 3742 541
1082 -138901.83 -40919.11 3205.92 542 726
1083 -140744.85 -43492.10 3061.88 542 5670
1084 -138902.10 -45009.91 3047.61 542 6341
1085 -235261.27 89532.17 3581.92 1154 543
1086 -233943.79 89305.99 3809.07 5243 543
1087 -254512.27 -95415.63 2091.20 1308 544
1088 -253527.06 -93561.89 2134.04 544 1813
1089 189115.59 -63620.09 2136.51 545 1161
1090 -262611.16 196033.56 3625.53 546 746
1091 -259938.35 196237.19 3546.21 812 546
1092 99603.28 -41021.65 2966.97 547 1701
1093 101213.95 -39640.92 3116.35 1704 547
1094 101844.74 -42285.89 3153.68 547 3269
1095 198369.98 165539.14 3329.26 548 4031
1096 -229004.82 33698.64 3497.20 2245 549
1097 -227244.49 32048.56 3248.71 549 2407
1098 -228418.34 34937.89 3210.47 3668 549
1099 253047.64 240638.84 3327.18 565 550
1100 140800.37 45626.92 3136.94 551 4195
1101 141735.73 46867.71 3235.76 4606 551
1102 141007.19 49200.19 3108.72 7040 551
1103 116468.55 75299.43 3016.14 944 552
1104 118462.51 75882.80 3382.04 552 1962
1105 115880.34 76970.32 3061.99 552 6025
1106 -221788.69 -169746.12 966.54 4910 553
1107 -183108.27 267751.15 3640.47 554 3085
1108 -9219.74 -255813.67 551.80 1226 555
1109 -9947.90 -253118.35 569.75 555 5909
1110 -206203.48 216051.49 3025.34 556 3537
1111 -61049.20 199006.47 3393.70 1557 557
1112 -221165.42 264430.96 3809.32 558 1572
1113 -221576.82 263535.26 3837.08 558 3457
1114 263677.79 -57066.46 1038.00 2963 559
1115 -254219.41 -103276.50 1804.25 1781 560
1116 -253841.21 -102240.13 1743.27 560 6722
1117 24974.86 160201.00 3293.87 561 1827
1118 25767.08 156428.52 2956.53 1921 561
1119 134877.23 -150529.26 410.65 562 1341
1120 134011.66 -147418.03 835.70 3824 562
1121 -196265.80 201195.65 3360.48 563 2356
1122 45686.03 -69982.37 1674.03 564 4049
1123 252501.61 238190.99 3404.87 565 969
1124 254520.82 238996.24 4168.22 4975 565
1125 29045.81 71404.49 3090.49 566 2084
1126 27076.33 71844.59 3407.06 566 5050
1127 -231640.22 95756.86 3586.21 567 2815
1128 -230415.91 92455.01 3339.84 567 5355
1129 -234518.94 96174.61 3630.49 6005 567
1130 -233135.11 93131.96 3650.44 567 6754
1131 92395.75 -6331.74 2795.74 568 4560
1132 91168.99 -8030.71 3017.92 568 6359
1133 -246607.87 42976.63 3248.37 1560 569
1134 -247744.42 42338.82 3338.39 569 3712
1135 131559.00 36301.72 2866.88 570 3061
1136 12043.22 66327.66 3127.02 835 571
1137 12233.36 68821.91 3022.38 571 6167
1138 -46041.47 -137116.68 660.53 972 572
1139 -44921.93 -139061.57 500.43 1694 572
1140 -43174.57 -139183.21 707.50 572 4966
1141 -236500.79 254937.89 3558.10 573 970
1142 2111.33 212469.74 3578.63 574 2651
1143 3365.22 210038.60 3114.52 2682 574
1144 204573.18 102075.19 2989.08 575 1695
1145 256005.11 -82881.94 993.89 576 4222
1146 181134.06 254390.25 3735.22 577 3055
1147 180002.45 252507.34 3722.30 577 7266
1148 -203401.38 182344.22 3058.19 578 1238
1149 -268085.70 120277.28 3711.90 862 579
1150 -265494.16 119215.10 3607.24 5775 579
1151 -130857.97 242216.83 3105.23 5033 580
1152 -130159.60 246773.61 3148.06 5139 580
1153 -175890.89 -34051.94 3009.00 957 581
1154 -177575.02 -32543.33 3122.35 3903 581
1155 211849.39 -138134.32 632.82 582 3446
1156 210650.73 -135813.88 919.53 3687 582
1157 210809.69 -138909.94 912.40 3829 582
1158 -18866.90 42581.02 3253.70 583 2021
1159 -21507.97 43629.60 3178.08 2532 583
1160 -16933.64 43733.43 3267.86 4554 583
1161 -87153.62 22181.86 2830.57 4373 584
1162 -86688.36 23481.28 2763.63 5428 584
1163 197678.79 -55650.79 2766.58 585 3601
1164 196593.32 -53888.88 3199.85 585 4603
1165 198393.61 -52520.69 3224.15 585 4679
1166 158078.03 100048.97 3722.47 1052 586
1167 -138474.51 72086.27 3183.17 587 1250
1168 -140822.24 68776.05 3240.04 587 1906
1169 -242702.90 252248.04 3475.42 588 3698
1170 -240804.14 252540.48 3381.05 3967 588
1171 -242369.20 249680.33 3546.23 4665 588
1172 194288.99 79875.80 3159.69 589 1290
1173 -83575.10 104474.15 3447.54 590 918
1174 -80631.71 106134.92 3483.57 2569 590
1175 256367.38 179864.67 3449.61 1153 591
1176 252726.60 181154.80 3397.61 591 3415
1177 254476.31 177444.42 3336.81 4761 591
1178 204301.31 -61261.88 1896.35 1667 592
1179 204230.93 -57882.40 2388.06 592 5534
1180 -206257.28 -143895.06 1178.91 593 2822
1181 -208181.53 -147381.42 1005.80 593 3080
1182 -192414.57 122093.06 3711.43 4273 594
1183 222908.09 267366.28 3507.48 649 595
1184 116017.30 -56973.33 1371.79 596 6223
1185 116352.44 221215.27 3371.98 1479 597
1186 1462.28 -16883.34 2157.77 598 3788
1187 3716.56 -17949.37 2128.00 598 5688
1188 -152063.88 -37264.57 3353.68 3477 599
1189 -117100.68 -166257.78 884.49 600 3009
1190 -117225.08 -167927.48 939.95 5495 600
1191 -118275.61 -168094.82 919.94 6853 600
1192 8664.21 74722.68 3142.29 601 2217
1193 9500.17 77231.97 2878.38 5698 601
1194 9710.35 74756.54 3000.61 5738 601
1195 -92182.67 -23428.51 2643.70 4960 602
1196 -92803.89 -21906.93 3056.55 602 5764
1197 -202084.15 -65955.97 3230.72 603 1273
1198 -203630.53 -66501.49 3113.87 2529 603
1199 152802.24 258711.70 3616.41 604 3131
1200 154028.23 258866.18 3601.50 604 6732
1201 -242740.97 247357.33 3824.06 605 1983
1202 -243756.56 245688.75 3821.22 605 5965
1203 149780.26 51718.01 3427.53 1721 606
1204 150840.63 49643.63 3397.20 5522 606
1205 9507.93 20712.46 2995.02 607 6345
1206 264653.53 -108018.42 1038.95 659 608
1207 262381.93 -107071.15 983.47 608 3008
1208 264150.23 -105026.98 1020.41 5878 608
1209 -15479.64 -89783.57 1545.81 609 4937
1210 -13361.68 -87318.24 1270.82 7160 609
1211 15178.71 4662.29 3286.01 5610 610
1212 -146613.36 60607.95 3466.64 1350 611
1213 -146890.01 62678.51 3757.75 3836 611
1214 -145183.47 62518.14 3806.34 4246 611
1215 196302.68 176328.15 3324.76 1665 612
1216 194257.41 177234.08 3104.55 612 1845
1217 196617.30 179441.42 3355.21 2888 612
1218 179631.20 244536.11 3366.90 2026 613
1219 -149598.67 68720.83 3902.99 2035 614
1220 -148736.18 64744.34 3787.75 614 3836
1221 100447.66 253290.38 3747.63 3574 615
1222 100717.53 255335.24 3470.19 4793 615
1223 -261303.20 185576.79 3409.55 616 4874
1224 -134969.79 -50854.31 3106.06 617 3719
1225 -226261.94 -177944.31 613.38 2334 619
1226 -224775.02 -177470.65 620.34 6443 619
1227 25759.21 -38911.02 3190.68 620 3774
1228 24821.98 -40559.82 3167.90 620 3786
1229 -203243.57 84089.54 3776.17 895 621
1230 -202331.70 82167.03 3547.20 621 4035
1231 -208929.22 -31751.19 3382.39 622 3784
1232 -212265.70 -27443.05 3475.00 622 6613
1233 13520.79 -8005.76 2050.65 3221 623
1234 13940.47 -8463.19 2052.76 623 6761
1235 -1360.41 125464.22 3566.57 624 794
1236 -88.74 126983.14 3581.84 5545 624
1237 230000.88 -45800.97 2608.64 625 4134
1238 232155.58 -46244.57 2327.64 4662 625
1239 235998.42 -43727.42 2556.63 4694 625
1240 233571.91 -46613.41 1911.37 625 6447
1241 -240043.22 150593.78 2984.74 2868 627
1242 -243667.27 146982.11 3195.54 6943 627
1243 182897.54 -65468.19 2171.30 4655 628
1244 183732.53 -67650.06 2202.12 628 6913
1245 -147103.03 -218952.97 518.07 3736 629
1246 -144536.77 -217897.32 434.28 629 5162
1247 213266.14 -142871.34 498.52 871 630
1248 210324.70 -141117.65 628.50 630 7182
1249 113634.18 118691.97 3193.76 3706 631
1250 111083.07 -73662.34 1024.36 632 857
1251 115220.74 -77032.62 1098.56 5819 632
1252 -266192.43 225609.76 3404.35 806 633
1253 -263967.53 223731.69 3402.96 1128 633
1254 97939.76 -43025.64 2990.23 1701 634
1255 95483.87 -44756.91 3400.16 2190 634
1256 97837.41 -44907.12 3423.12 3396 634
1257 35485.76 84158.95 3220.37 2345 635
1258 35917.34 84742.21 3248.57 635 5382
1259 203426.98 -17275.89 3181.70 5515 636
1260 143202.06 183301.12 3601.48 4626 637
1261 139698.61 178823.43 3568.72 5224 637
1262 -169180.39 181423.39 3381.86 3828 638
1263 -171520.16 180914.51 3511.14 638 6095
1264 229425.94 165186.32 3246.09 639 6121
1265 245044.19 -70444.95 1208.29 640 6925
1266 81566.62 267984.40 4073.36 641 1356
1267 81827.14 266180.25 3626.60 3761 641
1268 255385.27 158829.95 3480.52 643 1300
1269 257606.03 160424.10 3512.25 643 6945
1270 -50674.76 -130844.62 1105.11 644 1475
1271 -191730.36 -18723.45 3003.68 6271 645
1272 -88037.39 30548.36 3192.96 3200 646
1273 -86447.28 31817.29 3104.61 646 4880
1274 -256082.70 170104.09 3306.61 1452 647
1275 -256256.96 177243.06 3244.90 5286 647
1276 -200196.53 261761.28 3362.75 648 4645
1277 223769.20 265101.93 3487.32 649 1516
1278 256150.24 89892.33 3012.66 1625 650
1279 253227.24 92580.97 2939.30 2306 650
1280 138513.02 240638.93 3677.17 3350 651
1281 226138.55 157964.98 3399.10 652 1398
1282 225494.21 160987.98 3446.54 652 3805
1283 227451.76 161219.09 3497.89 6121 652
1284 -187553.58 56820.18 3487.14 1508 653
1285 -191392.59 55011.13 3387.35 653 4191
1286 -233294.21 214274.70 3298.95 654 4657
1287 -231730.98 213567.14 3558.48 7003 654
1288 -193776.92 125035.97 3444.54 723 655
1289 -194936.61 127031.59 3719.52 3639 655
1290 -28009.01 2353.53 3618.52 4045 656
1291 -25508.32 3236.68 2972.22 4224 656
1292 -26822.98 3128.76 3053.01 656 4421
1293 -190208.23 235818.86 3242.38 658 1547
1294 -188103.67 234899.09 3155.09 3309 658
1295 -187559.92 237757.95 3110.27 4738 658
1296 264731.20 -110831.61 914.47 659 2247
1297 -132748.93 232955.24 3322.71 4156 660
1298 -184701.67 196463.19 3461.39 3335 661
1299 47781.66 -49384.00 3546.26 4099 662
1300 47656.77 -51913.79 3507.65 662 6342
1301 -96530.10 -72319.29 2483.30 6587 663
1302 22167.03 11092.26 3074.82 664 2452
1303 20102.82 10284.66 2914.75 5094 664
1304 22595.88 8541.81 2891.47 5170 664
1305 -214182.33 -38872.22 2939.81 1752 665
1306 -215285.32 -38367.89 2957.39 5030 665
1307 -192916.00 173282.36 3106.16 666 1454
1308 -194406.27 171578.63 3346.13 3251 666
1309 -239383.84 116302.05 3423.14 668 3479
1310 -236647.27 114517.73 3449.38 668 3872
1311 -27263.40 -4330.37 2802.56 1693 669
1312 -29564.10 -4250.30 2756.96 669 7203
1313 -91909.13 -15945.32 3024.37 670 1842
1314 -93409.70 -16073.00 3049.50 670 4259
1315 -93055.93 -13784.58 2689.90 5620 670
1316 -149003.62 -34404.37 3330.58 672 1488
1317 -150539.97 -36229.47 3587.28 672 3477
1318 -149723.85 -37230.51 3700.15 4223 672
1319 97255.64 136961.13 3545.14 673 4816
1320 97324.52 135121.47 3264.57 673 6454
1321 242023.51 222352.35 3804.54 674 4764
1322 238495.00 222820.95 3438.79 6604 674
1323 -97761.75 -7983.24 3206.80 675 1325
1324 -94661.80 -6732.18 2793.40 675 2201
1325 -95889.39 -7929.17 2658.62 2646 675
1326 88042.65 -13454.14 3017.82 1332 676
1327 85497.24 -12133.01 3026.50 5803 676
1328 89885.26 -10174.38 3062.66 676 6359
1329 -83979.85 -62884.97 2914.88 677 3992
1330 -81655.29 -63010.42 2620.02 677 6739
1331 -80374.35 -63574.46 2878.54 6966 677
1332 234619.98 219136.90 3903.25 3615 678
1333 -41299.52 -141149.82 690.32 4966 679
1334 -40115.43 -141040.21 419.75 679 5403
1335 -133623.03 -88499.83 2507.55 3697 680
1336 -133031.51 -90104.00 2533.21 5727 680
1337 -261223.00 208441.19 3501.74 2905 681
1338 -260569.59 211162.82 3169.41 681 5732
1339 -263679.21 209878.10 3528.03 681 7177
1340 -260330.19 187154.24 3580.92 4874 682
1341 15660.61 245910.55 3069.84 683 1902
1342 16288.79 243423.10 3259.70 3893 683
1343 17022.18 244712.04 3493.71 3964 683
1344 -80733.49 -151339.69 406.53 2070 684
1345 -82378.75 -150059.06 430.46 2773 684
1346 209224.35 154098.56 3525.74 685 1042
1347 205814.61 154784.95 3505.38 685 3274
1348 -239028.01 124779.00 3357.63 1012 686
1349 -236728.01 126138.91 3437.58 686 1545
1350 135063.87 115013.74 3397.03 687 4520
1351 137588.00 113690.12 3226.54 7027 687
1352 137186.62 99822.40 3460.68 688 4967
1353 135853.55 97293.93 3138.26 688 5392
1354 28019.24 220737.17 3319.97 689 1698
1355 -5360.81 219207.48 3038.84 7031 690
1356 74593.91 243304.23 4099.96 913 691
1357 250405.73 203230.23 3573.15 692 3419
1358 -241537.75 238160.65 3640.10 789 693
1359 -238629.92 237390.39 3688.30 693 4392
1360 103460.13 256586.37 3563.95 694 2418
1361 -136285.30 -66219.46 3007.11 695 4011
1362 -135568.55 -68693.53 3000.54 695 6566
1363 91281.77 235922.50 3519.28 696 1987
1364 92175.63 233771.92 3587.97 3172 696
1365 77184.09 168939.20 3129.41 1126 697
1366 144678.06 243324.62 3770.05 1458 698
1367 144911.44 246281.90 3807.47 698 5128
1368 145788.81 42389.75 3422.09 5282 699
1369 -197313.56 258265.40 3799.03 1119 700
1370 -200476.24 256476.52 3888.11 700 2795
1371 170307.96 -23642.37 3065.38 701 943
1372 170083.03 -27306.80 3451.72 1107 701
1373 87010.97 2942.61 3033.83 4805 702
1374 86280.12 1787.27 3031.71 702 6260
1375 -218064.78 263363.62 3885.01 1183 703
1376 -216163.41 263030.18 3933.32 703 1497
1377 -217480.88 261321.75 3701.61 703 1548
1378 122302.83 93098.96 3179.46 704 834
1379 124035.00 94401.10 3417.75 704 1657
1380 218666.74 -46577.67 2436.32 1002 705
1381 219419.67 -45390.23 2903.02 1212 705
1382 82706.50 5325.24 3320.78 706 3322
1383 85496.54 4564.28 3391.16 4805 706
1384 248504.99 -129716.99 671.91 830 707
1385 -268361.74 227209.80 3313.42 806 708
1386 -267713.07 229869.55 3375.89 708 6908
1387 209174.02 60487.12 3363.53 1822 709
1388 210365.53 55063.86 3521.48 709 2087
1389 211956.69 55870.00 2987.97 5700 709
1390 31415.04 164626.10 3574.88 1944 710
1391 33125.24 168796.98 3273.62 710 3382
1392 -66712.14 -141567.92 861.52 1438 711
1393 -66544.78 -139616.23 742.73 711 4136
1394 -63988.53 -139549.96 915.65 711 5888
1395 179476.48 161594.15 3124.51 3946 712
1396 179209.10 163879.78 3411.56 4888 712
1397 177935.09 162342.54 3356.67 712 6527
1398 35652.95 15153.68 2853.14 1740 713
1399 38632.67 14408.09 3453.62 713 2304
1400 35981.31 12710.09 3361.65 713 4969
1401 251473.18 100163.07 3132.44 3782 714
1402 248709.22 102448.23 3012.39 6785 714
1403 -97327.32 -18747.46 3043.04 715 5088
1404 146061.39 192458.94 3514.97 2739 716
1405 145270.33 191136.91 3486.36 716 2997
1406 -129980.13 248393.03 3198.83 5139 717
1407 -78174.09 -62081.53 2861.08 718 2706
1408 -79789.07 -62814.45 2860.29 6966 718
1409 132324.08 147314.73 3038.02 6596 719
1410 195823.47 -44103.48 3398.19 4408 720
1411 90848.47 237454.87 3370.72 721 1987
1412 89698.26 237199.82 3395.33 6375 721
1413 -10435.93 -4113.96 4582.03 722 1373
1414 -10584.08 -2189.00 4559.07 722 5621
1415 -194701.62 123213.93 3413.39 3465 723
1416 224740.10 214559.87 3035.07 1254 724
1417 -169485.93 64346.65 3912.57 1019 725
1418 -170291.57 65754.03 3374.10 3732 725
1419 -137382.78 -36816.91 3361.46 5704 726
1420 201599.79 243867.58 4061.37 3998 727
1421 -167303.71 190916.60 3149.95 728 1020
1422 -195399.41 118909.54 3606.41 729 1875
1423 -195012.25 120877.48 3579.90 729 3465
1424 -194512.79 119644.28 3636.73 5864 729
1425 12367.09 -4573.58 2732.84 5714 730
1426 12020.44 -1772.88 2746.16 7016 730
1427 -105986.58 -68921.73 2725.24 3812 731
1428 -104239.49 -66943.21 2916.00 731 6266
1429 137242.72 76526.86 3173.98 5161 732
1430 140193.11 84786.85 3169.85 7120 732
1431 -226347.11 -116703.19 1369.71 5260 733
1432 -222789.74 -116128.73 1364.37 5905 733
1433 -224783.49 -118956.50 1371.08 733 6055
1434 -227744.28 120316.14 3100.87 5690 734
1435 -6648.58 125026.91 3522.85 1011 735
1436 -169293.03 62310.21 3887.18 736 1019
1437 -169245.16 60332.04 3389.49 1718 736
1438 -174071.41 -133472.00 1117.51 737 4523
1439 -175062.39 -132928.35 661.12 5370 737
1440 -173928.19 -131597.04 599.76 737 5712
1441 -246670.26 239184.46 3545.25 1661 738
1442 -236718.70 213304.84 3156.81 739 4657
1443 -229457.13 256579.33 3494.45 6931 740
1444 193194.69 -60905.73 1977.53 741 4374
1445 166107.02 151414.94 3343.76 4503 742
1446 168607.85 151508.85 3308.77 6101 742
1447 2817.85 114669.11 3355.95 743 3081
1448 2245.33 118860.69 3603.40 743 4121
1449 -238843.92 84935.04 3647.89 744 5543
1450 -238126.26 83317.59 3353.64 6574 744
1451 42820.44 81498.59 3255.72 745 2875
1452 41425.07 83312.74 3104.26 4502 745
1453 40538.28 81087.02 3301.46 745 6565
1454 -263590.89 194321.26 3430.01 746 868
1455 -264327.07 195527.76 3813.14 746 4307
1456 240832.94 -128450.62 595.87 747 1762
1457 241517.01 -126130.12 877.79 5575 747
1458 59912.36 157896.09 2841.76 828 748
1459 64785.27 161106.55 2800.54 843 748
1460 -205290.36 -76728.78 3596.12 749 1802
1461 -205131.34 -78898.37 3616.50 4988 749
1462 205935.92 -130745.82 982.29 750 801
1463 203579.36 -129995.33 923.26 2658 750
1464 43353.59 91576.41 3311.57 751 5880
1465 -99144.01 181343.93 3406.30 752 1189
1466 -103284.49 181843.26 3548.11 4720 752
1467 -265657.21 85952.96 4023.16 1187 753
1468 -268219.03 88031.27 3604.03 4385 753
1469 -266879.76 90949.87 3148.75 753 5295
1470 5057.17 174247.80 3212.80 3016 754
1471 1855.98 171400.78 3541.86 754 5754
1472 242775.99 232009.12 3865.48 1849 755
1473 241421.30 234332.71 3985.65 3022 755
1474 240705.35 232976.53 3471.44 755 3922
1475 38074.99 6893.58 3173.74 2690 756
1476 36189.93 7480.36 3109.79 4767 756
1477 78587.96 -49380.57 2990.35 3043 758
1478 81211.29 -47919.80 2979.93 758 3070
1479 171352.79 -159152.16 348.67 2496 759
1480 -95475.19 212969.15 3445.01 760 791
1481 -95310.10 209182.88 3631.68 2594 760
1482 -95023.41 209930.55 3186.40 6610 760
1483 -251828.69 45608.30 2826.70 761 2238
1484 -252859.23 43863.18 2607.23 5389 761
1485 219861.86 67355.04 2863.65 2902 762
1486 -269050.44 126196.74 3634.69 763 1265
1487 -268708.27 125409.39 3596.16 3517 763
1488 -266653.86 126143.10 3832.10 4214 763
1489 141993.61 68813.53 3550.30 764 5596
1490 26638.55 64490.78 3281.36 765 5269
1491 25888.03 66649.85 3172.88 7149 765
1492 148204.02 95610.34 3356.27 5885 766
1493 82654.69 -92543.35 1578.59 4029 767
1494 81126.97 -91554.85 1616.36 767 5569
1495 80402.31 -94162.84 1613.57 5907 767
1496 -122126.83 -86824.24 2264.25 5118 768
1497 -8878.05 106622.66 3338.47 769 1120
1498 -7028.25 111448.80 3527.04 3728 769
1499 166881.64 263068.10 3908.08 770 4084
1500 168155.96 262345.89 3647.60 6043 770
1501 -69078.90 116067.27 2712.71 3766 771
1502 -71986.54 116665.58 3305.69 771 5519
1503 -218664.02 232888.59 3823.51 1060 772
1504 -219358.76 230082.74 3389.86 772 1980
1505 221195.79 72514.03 2840.88 773 2902
1506 -91212.46 -84361.55 1067.34 774 1651
1507 -89143.19 -84895.29 1121.93 4278 774
1508 -142601.03 -27114.66 3521.50 775 5865
1509 -140584.02 -27245.59 3473.39 6106 775
1510 -264001.14 -65607.14 3281.45 1920 776
1511 -90869.12 29462.92 2798.99 3200 777
1512 24149.05 163426.61 3240.54 1827 778
1513 22426.96 163488.03 3460.77 5410 778
1514 146551.69 97301.41 3535.09 779 2972
1515 267373.74 -46062.88 1601.62 780 1041
1516 267125.39 -43044.52 2162.19 780 4642
1517 63063.75 234334.68 3605.17 1088 781
1518 62872.35 236773.85 3620.97 1969 781
1519 60967.45 237183.45 3639.48 4288 781
1520 -66927.81 155414.35 3659.60 2521 782
1521 -68627.04 155665.54 3585.44 3249 782
1522 -65961.13 158039.13 3457.76 5685 782
1523 -60975.50 -141199.23 600.35 3849 783
1524 -61663.95 -140177.48 890.90 5888 783
1525 161321.69 -139818.22 834.25 784 5098
1526 159616.44 -140892.53 830.05 5210 784
1527 184054.89 -41731.35 3371.09 1125 785
1528 182970.24 -44338.03 3464.42 2048 785
1529 182953.60 -43132.86 2793.99 4488 785
1530 180972.47 -40697.52 3502.78 5866 785
1531 -92146.07 -45384.95 2863.13 1362 786
1532 -92878.23 -43186.82 2832.24 2961 786
1533 -96846.59 -76293.73 2025.04 787 3048
1534 -95361.05 -75803.91 1631.95 6316 787
1535 -95771.03 -73789.96 2408.18 6587 787
1536 -262439.57 243461.08 3599.92 788 6171
1537 -243559.92 237386.03 3589.79 1661 789
1538 174382.95 44360.44 3266.33 790 4467
1539 -97411.98 215801.80 3465.10 791 874
1540 -93396.34 215846.35 3287.74 6050 791
1541 22920.01 235820.94 3509.81 792 2251
1542 24683.32 236640.15 3458.59 792 3611
1543 162095.93 156969.57 3661.70 793 847
1544 164864.66 153622.06 3673.24 4503 793
1545 -2007.89 123230.18 3574.10 1142 794
1546 18067.43 247552.83 3344.75 795 3964
1547 -191278.02 46521.23 3358.17 4495 796
1548 -190268.93 45144.87 3376.54 796 5535
1549 -88043.02 -13336.52 3172.68 1427 797
1550 -89083.68 -12306.50 3303.80 6017 797
1551 -212883.78 -177075.06 316.66 3567 798
1552 -212404.82 -177016.91 608.08 798 5462
1553 234518.41 265852.63 3859.11 799 1163
1554 235049.10 262472.13 3918.53 799 1188
1555 116687.86 86603.90 3590.99 1168 800
1556 115145.24 86707.19 2846.70 5125 800
1557 208308.64 -130665.79 1689.64 4087 801
1558 -148754.21 -33044.75 3185.08 802 1488
1559 -151510.84 -30653.81 3160.78 802 1795
1560 -168801.03 265304.74 3239.58 1465 804
1561 -170613.77 265492.04 3571.29 804 6967
1562 -168988.15 23732.86 3399.99 875 805
1563 -168531.95 21817.68 3162.58 805 2208
1564 -169778.93 21699.97 3412.03 805 4145
1565 67246.70 163785.13 3471.04 807 1831
1566 156102.65 158731.56 3673.07 808 5168
1567 -202812.65 -158773.33 1191.06 809 2558
1568 -205163.66 -157178.94 1187.80 6788 809
1569 102754.73 204222.02 3174.62 810 6696
1570 183541.52 224328.29 3337.97 811 1908
1571 185929.12 224833.30 3370.22 4683 811
1572 133928.56 -65739.26 1265.09 813 3065
1573 132931.47 -70533.21 1204.76 813 3109
1574 -198216.75 -175780.15 896.20 814 1711
1575 -197179.56 -176031.37 816.69 3620 814
1576 -198940.99 -174389.11 868.54 4008 814
1577 -15011.17 -83605.59 819.36 815 5987
1578 -13796.61 -84790.69 831.76 815 7160
1579 -86057.22 -25710.57 2821.42 816 1703
1580 -84147.79 -25595.07 2845.66 816 2413
1581 8584.61 105428.87 3077.33 6904 817
1582 152101.19 257526.37 3501.89 3131 818
1583 -122903.39 142083.08 3380.34 819 2139
1584 -194323.46 243689.41 3530.80 4357 820
1585 -192920.73 244302.04 3447.94 6365 820
1586 -146564.01 -44617.83 3588.20 1621 821
1587 -146048.43 -41744.96 3047.54 6325 821
1588 -192297.26 -181903.33 505.23 7089 822
1589 -193303.88 -183274.12 530.97 822 7138
1590 187931.39 -62602.73 2079.63 823 1161
1591 186791.40 -64799.35 1839.15 5119 823
1592 185195.16 -62060.91 2106.46 5631 823
1593 135591.21 93558.20 2963.28 5392 824
1594 137577.71 90943.11 3001.32 824 7120
1595 -82205.44 8634.09 3134.59 825 4004
1596 101645.57 85603.11 2782.99 5222 826
1597 105481.83 84574.91 2807.63 5956 826
1598 6804.94 -33683.78 2191.96 827 3099
1599 4276.11 -35538.27 2298.75 827 6037
1600 4166.77 -33881.79 2065.57 827 7147
1601 58241.03 154426.83 3521.26 1255 828
1602 -266698.56 199416.59 3638.88 829 2364
1603 -265333.93 197383.04 3609.23 4307 829
1604 248776.75 -126807.75 989.86 1207 830
1605 250026.09 -129586.61 975.73 3499 830
1606 -14898.32 -26327.05 2961.24 831 990
1607 -12551.67 -25159.84 2958.53 831 2661
1608 177795.54 167301.08 3420.43 832 3519
1609 -128021.46 -173720.88 593.44 833 1444
1610 -125775.12 -172878.82 602.16 833 4297
1611 -128797.92 -171819.19 965.61 6646 833
1612 122259.13 89130.39 2992.93 856 834
1613 12229.15 63517.73 2980.73 835 1876
1614 13031.63 64742.60 2984.94 4104 835
1615 10691.29 64373.38 3101.22 835 6100
1616 -103840.02 24947.59 2706.74 836 1847
1617 -102867.03 27244.45 3311.60 836 2409
1618 -102401.77 24477.33 3327.52 836 3044
1619 -212068.07 -105402.16 1809.02 1946 837
1620 -211512.50 -102285.21 1861.20 837 6258
1621 98516.21 222387.12 3488.29 1312 838
1622 101072.85 222330.33 3447.91 838 3941
1623 236434.01 -127001.13 583.09 4897 839
1624 38912.58 132836.03 3006.40 1180 840
1625 46095.70 126970.27 3296.84 5103 840
1626 -204974.74 -55212.45 3070.48 2277 842
1627 -205747.83 -56559.95 3580.74 2928 842
1628 63834.89 164572.39 3719.21 843 911
1629 66781.46 162218.88 3990.82 1831 843
1630 189275.18 -53309.93 3333.34 844 3888
1631 190200.61 -50544.15 3391.60 4855 844
1632 235531.60 -47282.58 1907.41 6447 845
1633 -15627.54 107203.62 3565.25 3238 846
1634 -13283.20 106141.46 3244.60 846 3691
1635 159262.69 159048.85 3609.12 5168 847
1636 235316.46 259650.84 4015.56 848 1188
1637 233569.43 258050.22 4197.05 848 5886
1638 55783.12 69808.89 3261.32 1600 849
1639 57707.05 69749.62 2606.03 3492 849
1640 56730.86 68905.63 3353.08 849 4861
1641 -106225.62 -73961.93 2860.48 3531 850
1642 -104150.65 -73272.63 2655.51 850 4619
1643 -200953.63 -67112.51 3220.96 851 1273
1644 -201974.33 -70450.85 3259.32 3352 851
1645 -198738.32 -67199.97 3414.77 851 7112
1646 -261351.84 -70012.37 3331.63 852 1691
1647 -263295.66 -71505.76 3547.30 5828 852
1648 23360.99 38024.79 2774.21 853 934
1649 87990.77 -134914.71 1049.03 4131 854
1650 88029.05 -134065.98 747.29 5328 854
1651 88839.17 -134396.25 1050.40 854 7257
1652 -202556.17 146343.71 3013.88 1518 855
1653 -205997.45 145108.86 2875.07 855 4521
1654 58812.92 64138.50 3039.29 858 3052
1655 58007.47 62611.63 3286.89 3768 858
1656 57711.00 65104.17 3049.82 4562 858
1657 -150026.18 216221.77 3522.12 1103 859
1658 -201712.17 78585.19 3892.82 1896 860
1659 -202510.77 79966.03 3569.20 860 4035
1660 204192.52 -55635.05 2286.00 5534 861
1661 204828.06 -54510.74 2307.45 861 6744
1662 -269651.82 119679.61 3968.53 862 1247
1663 -268793.52 123095.60 3618.56 862 3517
1664 145365.09 133693.29 3164.79 3971 864
1665 112766.05 257253.53 3598.32 3920 866
1666 114241.80 255323.39 3606.95 7214 866
1667 258137.49 231305.08 3577.14 1509 867
1668 255348.54 230273.85 3603.51 867 5773
1669 -263901.89 191984.10 3409.68 868 3482
1670 -215596.48 -77848.68 2948.83 869 1549
1671 -214141.04 -76875.01 3478.95 1662 869
1672 -213869.06 -79105.11 3533.05 869 1887
1673 139466.15 38482.92 3106.87 1201 870
1674 217196.07 -144882.38 507.97 3591 871
1675 215348.26 -144196.70 275.23 3669 871
1676 -4595.27 19770.15 3165.41 5067 872
1677 -6734.14 21414.19 3173.15 5247 872
1678 -170094.93 68720.97 3159.74 873 5444
1679 -102232.49 213836.08 3620.57 1200 874
1680 -101178.46 217807.68 3380.69 4929 874
1681 -176790.63 203252.33 3560.31 876 1387
1682 -180459.08 206669.99 3741.00 876 2639
1683 -190597.56 75492.47 3543.85 1257 877
1684 -190969.56 77574.86 3901.80 877 5431
1685 -251902.71 47723.13 3492.32 2238 878
1686 -251858.34 49611.05 3263.04 5215 878
1687 -117708.18 -174534.28 315.61 879 1801
1688 -117245.86 -171760.77 528.19 879 3447
1689 202286.02 94871.49 3588.78 880 1620
1690 201163.39 95218.13 3666.31 2204 880
1691 201057.19 96262.87 3387.38 5967 880
1692 202678.26 96460.08 3598.20 6837 880
1693 -223976.44 238519.10 3435.60 881 3966
1694 -222503.41 237704.72 3781.08 881 5390
1695 -193594.31 -179773.37 585.87 4478 882
1696 -194111.24 -180143.38 447.63 4515 882
1697 78523.16 -137086.31 903.77 883 1369
1698 80464.14 -135422.67 830.17 2664 883
1699 126485.07 61888.16 3409.14 884 2876
1700 128728.40 66082.18 2933.89 3209 884
1701 128356.29 60324.94 3617.70 884 6600
1702 -111113.90 -66237.27 2765.75 4466 885
1703 259683.33 85582.21 2637.72 1473 886
1704 -248927.87 135864.77 3590.78 1738 887
1705 -248479.31 134755.20 3594.94 887 3170
1706 -251081.57 135456.93 2977.78 5815 887
1707 -243288.35 45325.50 3256.77 1027 888
1708 -240027.39 43806.38 2923.81 6136 888
1709 203077.21 27351.26 3060.66 889 966
1710 208719.73 25028.36 3389.46 1758 889
1711 208441.45 27916.62 3188.23 889 2648
1712 -191319.10 36302.56 3302.08 2793 890
1713 -193452.74 34519.97 3472.16 890 3714
1714 52192.31 118181.54 3775.50 1144 891
1715 53057.21 122500.77 3547.01 3503 891
1716 -204305.92 251865.42 3118.26 5867 892
1717 7908.59 26000.89 3431.83 893 3910
1718 9859.30 23979.68 3178.65 893 6345
1719 -264036.36 234117.28 4050.36 2135 894
1720 -235072.23 81436.69 3509.32 2677 896
1721 -237589.29 82038.51 3330.74 896 6574
1722 -207287.50 52472.34 2965.87 897 1428
1723 -212454.73 251385.93 3581.68 898 5649
1724 -268314.01 104109.35 3294.91 899 5279
1725 -198826.52 93760.22 3563.18 900 6028
1726 -201320.43 -91648.20 2468.72 2718 901
1727 -218331.44 265081.63 3949.99 902 1183
1728 -218099.80 266142.99 3974.98 902 1532
1729 -96858.37 -47721.11 2791.60 903 3437
1730 -98470.05 -50696.49 2760.92 903 6108
1731 -85575.94 -115596.56 778.89 904 5069
1732 -74042.95 228430.57 3611.67 906 1756
1733 -73533.19 231528.38 3424.43 3818 906
1734 208022.74 64993.46 3325.44 1822 907
1735 208279.87 67443.82 3310.27 907 2051
1736 269412.22 -103264.51 1292.70 3318 908
1737 268513.65 -101335.00 1245.38 4547 908
1738 266582.96 -102930.21 980.82 908 5878
1739 -252371.60 158128.63 3371.80 1741 909
1740 -253519.46 157066.69 3393.98 909 6249
1741 -84683.11 161444.44 3261.60 910 1185
1742 -87188.82 165118.74 3264.54 910 3402
1743 59246.15 170404.14 3761.35 911 3677
1744 60192.97 167371.66 3473.36 6989 911
1745 206151.57 223226.31 3886.02 912 1682
1746 203398.94 225053.94 3487.41 3843 912
1747 205358.08 226236.81 3851.78 4397 912
1748 76927.52 241274.42 3564.27 1353 913
1749 74243.81 241739.79 3723.15 6629 913
1750 -196096.88 -18025.20 3024.12 6271 914
1751 5904.31 257560.93 3108.32 915 1249
1752 8570.36 260350.97 3045.27 1888 915
1753 -99500.83 -53678.10 2462.03 3673 916
1754 -99235.13 -52488.15 2453.89 916 6108
1755 -138385.77 230149.74 3538.55 917 6052
1756 -83798.34 102182.01 3176.81 4230 918
1757 -85990.79 101128.96 3516.83 4846 918
1758 -201330.32 92423.23 3284.27 919 2110
1759 -171319.70 78630.65 3566.73 920 1811
1760 136069.62 -63141.38 1681.18 921 3065
1761 138008.84 -61291.05 2348.64 4037 921
1762 137967.33 -64256.34 1396.10 6022 921
1763 -241391.33 61882.77 3390.07 1783 922
1764 -244604.25 65039.66 3267.02 2310 922
1765 -244505.90 61966.79 2979.95 5127 922
1766 -138271.78 -173847.68 883.01 6532 923
1767 -6718.14 -88382.81 1781.92 924 4424
1768 -9770.03 -86106.92 1243.16 924 7160
1769 -7992.05 -86478.56 1394.05 924 7161
1770 181972.62 145548.96 3193.06 925 2477
1771 45357.80 80335.31 3318.27 926 2875
1772 46772.57 79442.75 3158.78 926 5429
1773 16709.46 153366.03 3287.75 1554 927
1774 18400.64 153391.23 3287.94 2353 927
1775 17300.13 152766.45 3671.11 2562 927
1776 17700.18 155420.45 3102.80 927 5638
1777 200457.77 81824.81 3129.79 928 1828
1778 199068.45 79535.25 3229.35 928 3870
1779 -51438.92 -138319.45 821.04 972 929
1780 -55581.19 -138759.86 983.14 929 2009
1781 -70021.74 130733.36 3593.85 930 946
1782 -71715.20 135484.76 3311.89 930 3116
1783 -252121.72 242846.82 3786.00 931 1536
1784 -257.38 -22015.81 1768.03 932 1501
1785 -1335.81 -21153.87 2128.43 3664 932
1786 -84764.33 97916.57 2955.26 4846 933
1787 25847.34 36177.64 2748.00 4105 934
1788 -91500.29 20128.84 2856.77 1018 935
1789 -93514.16 21361.26 2855.47 935 1302
1790 -91582.38 21855.79 2735.96 935 6792
1791 78536.36 -138061.56 834.60 936 1369
1792 108995.56 -50498.69 2373.39 937 1461
1793 110881.30 -49024.53 2931.51 4731 937
1794 240166.36 -130119.80 589.59 1762 938
1795 239673.25 -131792.56 562.49 4494 938
1796 238617.84 -131176.29 379.66 938 6191
1797 16465.77 -64851.12 2058.87 939 4370
1798 17319.95 -64889.75 1727.46 939 4756
1799 17868.40 -66165.30 1994.17 5231 939
1800 -21097.75 16069.19 3200.47 940 3473
1801 -22228.72 13773.14 2781.79 4376 940
1802 -716.86 -40056.03 1815.95 941 3366
1803 121281.03 268788.00 3400.71 3721 942
1804 119718.41 268284.97 3440.37 942 5588
1805 171540.71 -17685.31 3075.58 2796 943
1806 -198775.01 -28873.47 3479.50 945 1152
1807 -200909.61 -26931.60 3382.76 945 1608
1808 -67887.72 128164.85 3216.27 1974 946
1809 -65801.12 129876.97 2946.08 5673 946
1810 -224043.53 242129.57 3657.07 947 2637
1811 -225034.47 239925.89 3454.69 3966 947
1812 -156846.52 -106764.62 2282.41 948 3502
1813 50735.09 216842.66 3486.61 949 1489
1814 51967.73 219061.82 3529.51 1513 949
1815 50314.92 218961.27 3440.96 949 3670
1816 234881.65 -127312.55 797.72 950 4897
1817 234190.00 -129085.90 591.79 950 5075
1818 207614.61 -11163.28 2931.79 951 2630
1819 208340.96 -8835.21 3470.49 6523 951
1820 -117868.27 -73625.85 3002.98 952 4244
1821 -116844.13 -73627.02 2780.26 6695 952
1822 965.99 142681.59 3333.90 4780 953
1823 -2309.02 -19289.06 2116.71 3664 954
1824 -4806.28 -18057.91 2851.43 954 5321
1825 -1941.34 -17336.66 2708.96 954 7261
1826 33740.52 -33527.19 3245.58 2041 955
1827 220732.98 263975.75 3433.70 4404 956
1828 -174466.85 -35323.47 3062.88 957 1285
1829 -11063.27 34186.06 3320.12 958 1086
1830 -12798.78 32481.69 3077.99 958 6593
1831 162118.09 167675.95 3437.07 959 2231
1832 162416.87 165402.12 3569.10 2394 959
1833 -148316.97 249284.38 3333.87 960 3863
1834 -150513.13 247222.70 3366.83 960 4752
1835 -148166.17 246975.98 3311.15 960 6549
1836 81185.23 -54850.54 2316.68 961 1375
1837 83300.30 -57607.35 1926.85 2835 961
1838 -201071.27 -164103.08 1202.98 2558 962
1839 -198708.92 -166641.77 1252.72 5174 962
1840 -128956.96 -170706.79 962.33 963 6646
1841 243266.61 181139.93 3682.67 964 1190
1842 245627.09 180572.74 3731.04 1893 964
1843 243445.39 182487.03 3537.44 4158 964
1844 245801.02 182495.33 3701.47 5254 964
1845 -92812.07 8793.72 2779.38 965 5837
1846 -90875.38 6861.90 2978.62 6832 965
1847 197724.83 29978.76 2907.80 3398 966
1848 20760.69 54793.88 2742.66 967 1616
1849 22797.98 55293.79 3169.77 2923 967
1850 23108.40 56839.26 3155.14 967 6310
1851 62652.03 -68808.37 1313.96 1763 968
1852 61533.44 -70609.13 1496.45 2171 968
1853 249580.23 236399.03 3409.19 969 2219
1854 -239168.94 253376.15 3350.59 970 3967
1855 121345.60 -29986.65 3316.35 2751 971
1856 119382.29 -28573.72 3206.17 971 6807
1857 -49565.69 -137782.60 701.22 5240 972
1858 166410.49 -137936.94 1044.91 6364 973
1859 226419.89 -130829.05 1074.15 3317 974
1860 228919.08 -127241.37 1038.26 3648 974
1861 -147138.36 -54328.02 3091.79 975 1184
1862 -144473.27 -54088.24 3135.07 975 3296
1863 -145732.51 -52782.39 3129.65 975 4338
1864 -139861.69 47613.39 3007.19 976 5132
1865 -201305.99 265646.54 3763.27 1580 977
1866 -199897.24 266567.00 3550.88 977 2420
1867 128913.06 189758.92 3368.87 3303 978
1868 -173919.32 20423.13 3376.89 979 1937
1869 -176243.87 20344.87 3394.09 979 3600
1870 211964.76 241723.19 3769.57 981 3435
1871 209829.15 242614.05 3863.94 981 3785
1872 209182.75 239683.94 3654.24 5432 981
1873 -81078.21 120584.09 3093.31 982 1267
1874 -77292.62 120768.36 3018.74 6743 982
1875 254399.68 199842.66 3584.22 983 3397
1876 253169.15 201567.80 3907.33 983 5068
1877 154177.21 -46979.90 2923.16 985 1400
1878 155283.41 -45159.81 3299.05 985 5729
1879 211424.22 -50129.39 3133.57 5325 986
1880 214969.16 -50712.53 2694.09 6125 986
1881 215668.65 -48885.94 2810.94 6229 986
1882 -111889.57 -7800.93 2789.53 987 1499
1883 -113751.91 -6751.52 2902.74 987 6463
1884 15891.83 36810.41 3009.44 4048 988
1885 -252285.56 -90133.90 2253.63 1813 989
1886 -250759.46 -89552.39 2719.45 989 5479
1887 -252461.61 -88603.29 2752.43 6874 989
1888 -85165.42 1453.42 3189.55 991 1040
1889 -85945.14 3793.77 3288.04 991 3866
1890 -87657.62 1129.21 3097.84 5028 991
1891 252895.89 251817.49 4030.71 992 1016
1892 255176.68 251072.35 4098.98 992 1260
1893 241254.06 54165.90 3099.30 2883 993
1894 244995.59 57251.30 3151.44 993 5654
1895 208004.78 39915.26 3030.39 994 3090
1896 209488.61 36107.11 3298.07 3127 994
1897 205549.91 38534.24 2816.87 4796 994
1898 19189.39 33308.07 3018.87 995 5910
1899 20620.89 32558.01 3056.15 6755 995
1900 -59654.97 162869.57 3402.75 996 2173
1901 -58437.92 163497.19 3368.86 996 3193
1902 -73578.04 6604.52 3010.08 997 1521
1903 -73141.72 8197.86 2903.53 997 3876
1904 -74521.46 9476.29 2990.45 6225 997
1905 185233.67 208603.65 3216.22 998 1217
1906 187507.41 213844.48 3304.17 3133 998
1907 -194637.70 -93498.03 2368.87 999 5626
1908 -222833.90 261393.47 3632.87 1000 4827
1909 -162130.74 246679.58 3216.78 1001 4884
1910 -165067.36 246921.16 2975.36 1001 5304
1911 217606.52 -47169.45 2456.96 6229 1002
1912 28420.59 9429.79 3277.39 4933 1003
1913 29595.72 10333.09 3177.31 6313 1003
1914 -43519.44 159031.86 3533.68 1004 1591
1915 -40603.30 156677.94 3536.28 3214 1004
1916 -41093.18 155988.97 3538.79 1004 6405
1917 31773.59 -49571.35 3225.72 1005 3308
1918 -143753.21 -176416.42 830.54 5351 1006
1919 -141804.85 -176845.10 723.49 6160 1006
1920 -140351.72 -174871.04 857.97 1006 6532
1921 136382.67 -140391.88 1136.23 4950 1007
1922 134614.28 -139618.54 1106.93 5806 1007
1923 -155855.77 212007.74 3020.99 1291 1008
1924 83138.66 -97970.20 1847.51 1009 6854
1925 84183.22 -94294.31 1638.93 7235 1009
1926 187749.27 225337.12 3440.50 1010 4683
1927 190450.84 226282.89 3705.96 1010 6654
1928 -7068.49 120198.84 3509.17 2942 1011
1929 -4664.89 120742.17 3384.52 5070 1011
1930 -241662.08 123476.83 3159.79 1012 6993
1931 -44231.81 61410.82 2867.87 4955 1013
1932 -44933.98 63391.37 3138.12 1013 6758
1933 -43776.79 63828.14 3163.00 1013 6894
1934 72448.18 -52571.94 2835.36 1014 3933
1935 73678.92 -52592.74 2821.21 5505 1014
1936 106485.94 213435.94 3485.55 1286 1015
1937 106964.82 214369.18 3442.30 1015 3578
1938 251425.77 251219.20 2908.98 5407 1016
1939 251242.67 249221.06 3395.77 1016 7073
1940 61115.01 71989.57 2905.02 1594 1017
1941 59272.70 70477.81 2637.26 1017 3492
1942 -91193.44 17949.60 3027.33 1018 6211
1943 -167496.78 184990.03 3348.82 1020 3828
1944 163959.87 138266.90 3570.30 1021 1880
1945 -128458.25 -38063.85 3223.64 1022 1687
1946 -144488.92 243368.89 3191.59 6603 1023
1947 -152420.70 155878.36 3141.42 1024 6728
1948 -184855.49 261758.69 3502.41 1025 4882
1949 -185268.81 258787.07 3260.93 1025 6762
1950 -259086.86 -97580.61 2297.42 2022 1026
1951 -244829.00 43982.01 3234.09 1027 1560
1952 -245168.34 46271.64 3217.47 1027 4829
1953 -261686.01 147506.11 3578.54 3115 1028
1954 -260832.92 145607.46 3596.66 3722 1028
1955 168406.77 47891.24 3551.97 2153 1029
1956 165489.45 50076.15 3404.38 1029 2933
1957 -95900.82 -1063.02 3020.21 1561 1030
1958 240740.55 -41772.80 2278.39 2449 1031
1959 239900.30 -42555.22 2431.88 1031 6870
1960 126064.30 38265.51 3104.94 1032 1494
1961 125289.75 37365.40 3285.32 1032 1550
1962 254857.51 -46397.66 1659.04 1407 1033
1963 256325.95 -48810.85 1488.52 1033 4060
1964 148613.54 265398.94 3619.55 1034 4287
1965 217813.39 -139163.10 136.14 3633 1035
1966 215756.10 -139425.83 591.15 5546 1035
1967 -98633.77 30360.52 2953.85 5792 1036
1968 68612.47 -106561.98 1812.62 2039 1037
1969 70239.49 -107354.86 1776.02 1037 6241
1970 216176.45 107800.33 2861.83 1038 3635
1971 214829.52 103314.28 3086.85 1038 5026
1972 218942.95 106765.12 3444.04 1038 5100
1973 -79319.64 16375.75 3169.01 1039 2879
1974 -77443.59 15258.28 3117.87 3002 1039
1975 -83169.40 1011.33 3091.47 7000 1040
1976 267178.51 -48341.32 1592.79 1041 3364
1977 210741.52 152352.97 3721.44 1663 1042
1978 211935.34 154205.06 3247.77 6273 1042
1979 -216504.41 -37967.59 3209.23 5030 1043
1980 -217657.53 -36722.90 3342.63 1043 6338
1981 -58045.62 -137455.98 1119.28 2009 1045
1982 -60169.96 -137898.59 1318.06 4976 1045
1983 -23660.15 29058.20 3331.05 1046 2262
1984 25165.41 221131.05 3368.53 1698 1047
1985 23777.35 222805.19 3170.99 5478 1047
1986 213510.87 -55147.63 1777.46 1048 2622
1987 212829.96 -56033.96 1798.85 4700 1048
1988 214315.72 -57568.26 1576.95 5096 1048
1989 -220806.22 161063.10 3033.62 1049 5848
1990 -221797.84 165756.92 2985.52 1049 6902
1991 94013.77 -2655.45 2890.33 1050 1204
1992 95269.74 -715.49 2802.88 1050 2791
1993 94064.62 -172.92 2899.36 2992 1050
1994 105803.09 -11516.19 3226.78 1051 1113
1995 107112.42 -13932.55 3088.76 2018 1051
1996 107105.38 -12451.19 2651.78 4164 1051
1997 159740.33 98382.21 3852.33 3242 1052
1998 152959.97 -40254.99 3232.82 1053 1246
1999 155575.51 -40791.74 3518.21 1053 2099
2000 154720.10 -42126.16 3443.58 1053 4229
2001 108009.53 91515.98 3352.06 1054 4875
2002 111986.27 92898.46 2829.47 1054 5595
2003 -83551.28 -90334.93 938.94 1055 4325
2004 -83126.15 -89501.65 1361.41 5244 1055
2005 -37247.30 183796.09 3024.01 4742 1056
2006 -41528.21 188269.43 3462.67 1056 6092
2007 -35093.64 178204.13 3438.99 6928 1056
2008 115250.09 116073.82 3690.03 1057 1731
2009 114128.79 116963.48 3433.75 1057 3706
2010 126347.57 -58011.36 2339.85 1059 2400
2011 125937.68 -59564.13 1733.62 1059 4330
2012 -217725.20 235264.69 3809.17 1060 1680
2013 -219568.22 233885.66 3721.52 1060 4786
2014 120502.95 165030.95 3474.55 1062 3034
2015 121070.06 167984.90 3438.79 4753 1062
2016 -191660.61 42069.19 3383.81 1063 5465
2017 40567.02 -65190.07 2083.39 1064 1889
2018 40376.10 -67249.16 1785.14 2151 1064
2019 -207654.44 -32664.85 3415.34 1065 3784
2020 -206227.50 -33198.02 3551.29 1065 5520
2021 110370.68 -14578.82 3122.11 5287 1066
2022 109600.26 -15569.21 3133.87 5527 1066
2023 166791.24 -50443.84 3194.67 1112 1067
2024 165011.99 -48484.28 3414.78 6045 1067
2025 -66518.70 151875.82 3322.46 1851 1068
2026 -65150.77 153970.57 3440.50 2521 1068
2027 -63747.03 153006.56 3172.56 1068 5925
2028 -235693.83 26179.86 3141.06 2564 1069
2029 -237104.57 24632.92 3162.38 1069 2678
2030 34969.14 223637.34 3262.24 1070 1978
2031 38674.53 223392.49 3603.51 5186 1070
2032 260218.23 -131233.69 796.88 6018 1071
2033 -83562.23 -145976.09 587.52 1072 6298
2034 -82187.78 -143430.78 730.15 7068 1072
2035 -200204.56 41868.93 3237.55 4558 1073
2036 -164637.27 179414.46 3075.00 1075 1589
2037 -166597.51 179213.91 3092.69 3460 1075
2038 -124338.16 -173784.17 460.49 4297 1076
2039 -124664.27 -175772.36 423.30 1076 7240
2040 217574.25 -48501.68 2844.90 6229 1077
2041 -244966.90 244182.98 3794.48 1078 5965
2042 -248926.51 195834.80 3165.73 1079 1958
2043 -249319.60 199155.78 3250.61 6847 1079
2044 29060.69 35507.10 3311.68 3439 1080
2045 27999.73 35530.07 3051.10 1080 4105
2046 29311.25 36578.03 3174.82 6662 1080
2047 6208.71 254634.20 3629.69 1081 3558
2048 -233548.68 -180247.56 368.11 1082 5133
2049 94465.21 -54045.16 1941.02 1916 1083
2050 97553.67 -51970.10 2349.95 1083 5663
2051 -255207.58 -53918.55 3000.17 1084 2629
2052 -253244.72 -54659.52 3096.74 1084 4235
2053 -175515.59 66330.69 3685.12 1643 1085
2054 -176406.23 67618.14 3650.38 2870 1085
2055 -8367.33 35280.24 3377.71 1351 1086
2056 -10299.25 36665.16 2854.09 5896 1086
2057 47791.93 121680.05 3557.44 1087 5103
2058 44691.01 119840.84 3568.44 1087 5379
2059 62649.09 231458.23 3624.00 1088 3530
2060 64766.57 231942.95 3656.41 1088 6329
2061 108118.51 262266.09 3673.85 1089 1418
2062 106435.08 262598.12 3711.98 2298 1089
2063 106552.78 264453.01 3345.08 1089 7078
2064 56119.71 -50102.96 3134.57 4181 1090
2065 -130053.96 -99619.14 1080.25 4751 1091
2066 -171615.27 -137116.87 1838.00 1092 1909
2067 -174196.03 -136148.12 1501.06 3749 1092
2068 -173110.04 -134813.77 1834.41 1092 4523
2069 173252.76 -47348.43 3202.90 1093 2768
2070 174656.88 -45773.14 3459.61 5216 1093
2071 174952.79 -47172.51 3577.68 1093 6187
2072 218305.42 232828.48 3916.78 1094 1334
2073 -192582.59 264098.73 3398.50 5332 1095
2074 -192046.29 262014.74 3637.76 1095 6944
2075 230749.52 -125357.65 1272.55 3648 1096
2076 232437.88 -122487.86 1070.23 1096 4139
2077 229942.14 -123134.98 1508.41 1096 4721
2078 126252.92 245317.34 3263.02 1814 1098
2079 127740.18 244261.06 3548.20 4917 1098
2080 -250848.80 150442.98 3076.86 6370 1099
2081 268056.28 -92048.54 818.91 1100 6842
2082 -19476.00 -91008.16 1413.68 1101 3666
2083 -19198.36 -93260.02 1460.50 7009 1101
2084 -148397.91 -38838.33 3145.89 4223 1102
2085 -146035.07 -39521.27 3016.60 6325 1102
2086 -153002.20 214545.19 3707.74 1291 1103
2087 -149213.57 213638.26 3162.82 1103 7211
2088 151049.13 -125432.17 1231.76 1659 1104
2089 -191067.06 259415.67 2762.91 1105 5234
2090 6184.68 -38895.16 1813.89 3794 1106
2091 4782.56 -37245.77 2281.22 1106 6037
2092 225565.44 140309.38 3574.57 4987 1108
2093 198583.45 -59389.46 2226.61 3511 1109
2094 198262.56 -57992.98 2773.86 3601 1109
2095 -253837.30 -76632.63 3322.91 1110 2065
2096 -19867.37 2829.84 3359.38 2823 1111
2097 170187.59 -51024.82 3235.19 1112 2768
2098 103158.21 -9146.96 2975.43 1113 1219
2099 63376.84 -108839.44 1736.17 4728 1114
2100 -191401.72 -175816.91 869.64 1115 4807
2101 108860.77 217518.32 3443.98 1863 1116
2102 112776.37 216578.06 3462.94 1116 2922
2103 144388.73 45341.80 3505.55 4737 1117
2104 142849.66 45437.48 2809.36 1117 5220
2105 -171946.68 -126602.38 1357.84 1118 1327
2106 -173453.05 -129137.07 602.48 5712 1118
2107 -174285.66 -127911.35 861.90 5920 1118
2108 -195054.54 259966.34 3331.83 1119 4279
2109 -11633.98 105855.26 3273.91 1120 3691
2110 72701.77 -117894.74 1328.92 1121 2246
2111 73053.23 -118842.68 1422.16 1121 2333
2112 74467.07 -118474.50 1415.80 1121 4615
2113 -234859.56 43048.67 3239.42 1122 3368
2114 -233067.55 46100.70 3380.20 3586 1122
2115 -154214.43 -176928.36 638.79 1123 3616
2116 -153023.14 -177328.33 935.87 5581 1123
2117 -135050.89 -29723.26 3317.02 1124 1911
2118 -136169.53 -33358.24 3370.73 1124 5704
2119 -136906.28 -30254.18 3274.69 6516 1124
2120 186572.67 -41347.89 3372.81 1720 1125
2121 75662.44 169086.49 3240.92 5261 1126
2122 -207790.21 104337.05 3369.50 2162 1127
2123 -152789.09 58543.84 3384.12 2743 1129
2124 -153324.99 57144.17 3548.80 3724 1129
2125 -154697.70 59103.27 3660.88 6376 1129
2126 -154847.53 147893.75 3101.21 4589 1130
2127 -152450.96 144815.48 3301.15 1130 4601
2128 -155541.97 143265.02 3457.68 4973 1130
2129 -141517.10 -24298.99 3165.27 1131 4974
2130 -142696.21 -25957.38 3299.92 5865 1131
2131 -257172.28 230536.39 3674.86 1132 1606
2132 -257775.36 229035.49 3499.59 4438 1132
2133 -178917.53 232396.45 3768.04 1133 1737
2134 -177097.93 232606.99 3641.95 1133 2060
2135 -219864.37 -43075.61 2759.22 1181 1134
2136 -216555.57 -41587.38 3325.72 1134 5415
2137 -215198.95 -42934.04 3300.93 5793 1134
2138 -216119.88 -44185.11 3229.61 6628 1134
2139 -63154.63 214678.03 3552.93 5816 1135
2140 -62192.07 216870.59 3557.02 5839 1135
2141 -7320.66 42933.72 3048.64 3468 1136
2142 -6204.57 41585.07 3474.41 3744 1136
2143 144325.38 -55308.90 2979.21 1137 2352
2144 142984.67 -53057.80 3472.92 4413 1137
2145 167405.42 36663.15 3381.37 1138 1397
2146 168960.52 39783.16 3369.31 1138 4063
2147 165744.90 38203.19 3212.05 7265 1138
2148 -213514.77 -98150.86 1750.34 4448 1139
2149 -211969.96 -98589.84 1908.83 1139 6258
2150 -212490.85 -96201.23 1914.29 1139 6270
2151 -197835.17 149927.50 3129.61 5046 1140
2152 -195575.34 148371.66 3459.23 5095 1140
2153 -112400.64 206977.86 3421.89 1141 1236
2154 -113334.90 210244.83 3333.88 7191 1141
2155 -1483.24 122171.35 3602.64 4121 1142
2156 -162629.17 153735.21 3029.11 3825 1143
2157 53824.25 113426.73 3670.73 1799 1144
2158 258411.92 -85060.65 1449.33 4222 1145
2159 259602.22 -86418.89 997.47 5085 1145
2160 208047.18 71476.54 3355.17 1146 3236
2161 202750.35 71974.56 3285.38 1146 5612
2162 124957.90 -135927.77 1159.90 2126 1147
2163 126165.60 -136767.90 1081.77 1147 3905
2164 124517.76 -137778.59 1145.84 5175 1147
2165 117983.89 235920.15 3325.09 1826 1148
2166 116449.61 235402.68 3649.80 1148 3410
2167 138778.20 -79687.37 1045.04 2988 1149
2168 -150503.06 -178174.64 764.09 2342 1150
2169 -150533.70 -176997.39 1063.36 1150 4851
2170 -151421.04 -177379.18 1106.05 1150 5581
2171 -244435.51 259506.57 3610.02 2305 1151
2172 -198260.72 -29896.79 3491.80 1152 5464
2173 258702.22 183785.84 3329.49 1153 1529
2174 -235103.93 90949.20 3374.09 1154 4363
2175 176021.64 -160703.36 594.53 1155 5031
2176 175510.12 -163087.48 475.22 5406 1155
2177 -103006.83 -78417.21 2305.37 1742 1156
2178 -101738.25 -78844.11 1672.74 1843 1156
2179 -101969.59 -77042.41 2297.66 1156 4375
2180 42681.77 117170.96 3884.76 1679 1157
2181 40035.30 117494.27 3539.46 5446 1157
2182 41291.91 117994.52 3468.50 1157 6432
2183 -188487.47 44832.65 3449.84 5535 1158
2184 -185936.80 43498.70 3459.06 1158 5782
2185 -185760.37 44897.12 3501.18 5936 1158
2186 -259868.00 207285.31 3580.84 1159 2905
2187 196433.11 59504.07 3056.12 7146 1160
2188 -22449.34 -95853.17 1017.75 5305 1162
2189 -20758.29 -95016.64 1543.15 1162 7009
2190 -197164.06 233003.21 3668.53 1730 1164
2191 -198646.49 232188.41 3889.66 1164 3053
2192 -201088.66 232022.67 3068.20 6898 1164
2193 -208502.27 -157202.07 1228.90 4390 1165
2194 -208104.90 -157246.52 1191.83 1165 6788
2195 -208991.15 -82681.73 3433.63 1166 4143
2196 -206664.98 -81345.52 3665.44 4988 1166
2197 -207394.98 -82878.38 3319.03 5348 1166
2198 -1285.62 -26254.61 2230.57 2952 1167
2199 -4487.42 -26629.85 2228.66 5924 1167
2200 -193687.54 31711.90 3406.80 1169 3714
2201 19630.60 163274.62 3529.08 1170 3954
2202 20598.60 163612.78 3432.57 1170 5410
2203 43278.92 2380.12 3120.40 1171 2935
2204 46297.83 1891.51 2829.88 4090 1171
2205 45530.49 5204.60 2852.13 5701 1171
2206 -28634.92 17368.37 2910.57 1172 3455
2207 -27901.25 18223.22 3218.34 6575 1172
2208 128330.97 -144944.27 557.23 1173 2235
2209 130213.04 -144976.96 814.27 3692 1173
2210 130497.20 -143435.23 909.35 4927 1173
2211 189233.57 -13822.85 3192.99 2368 1174
2212 187297.45 -15270.47 3154.82 1174 3373
2213 189511.35 -15306.22 3024.91 1174 6789
2214 -129314.86 72746.42 3418.27 1761 1175
2215 -127715.87 73491.89 3525.10 1175 1790
2216 -128498.92 70866.25 3456.96 1175 4593
2217 257202.34 -85297.65 1227.97 1176 4222
2218 256396.70 -86598.48 1069.11 1176 4845
2219 71571.66 170522.92 3250.92 1177 3541
2220 71599.46 173726.67 3365.49 3544 1177
2221 73594.13 170350.76 3242.04 1177 5261
2222 253174.31 -43551.64 2154.53 1407 1178
2223 252630.67 -42476.41 2292.49 1178 4740
2224 219313.68 221827.59 3521.94 1179 3247
2225 219803.97 218250.01 3310.94 1179 4748
2226 -219514.12 264629.78 3865.18 1572 1183
2227 -151312.42 -54367.13 3313.19 7114 1184
2228 -84369.33 158597.70 3333.68 2033 1185
2229 257084.99 -128133.54 611.36 4663 1186
2230 255299.99 -128277.34 559.69 1186 4701
2231 257226.59 -126987.06 831.89 1186 5760
2232 -262865.24 84467.05 3894.29 1187 1568
2233 -151133.09 -179615.45 745.31 2342 1191
2234 -149899.08 -180683.43 445.80 1191 2445
2235 -151491.66 -181378.38 433.15 4609 1191
2236 -107392.92 173651.30 3467.22 1192 6347
2237 121510.62 263496.39 3434.73 1193 2476
2238 120019.98 265585.72 3486.52 1193 5588
2239 57866.73 254867.98 3691.56 1194 3654
2240 60638.58 252970.36 3293.60 1194 3757
2241 57782.07 252272.80 3518.32 1194 6690
2242 -195374.93 24483.22 2968.21 1195 2028
2243 -189413.45 22654.43 3728.12 1195 3956
2244 239947.71 250640.31 3983.20 4329 1196
2245 241264.33 250132.48 3424.88 4934 1196
2246 18452.25 216553.64 3327.75 4411 1197
2247 134239.99 96896.77 3119.94 1198 5392
2248 9771.18 42532.91 2964.57 3816 1199
2249 11865.57 41105.18 3318.33 1199 3869
2250 11329.67 39274.95 3503.76 1199 7259
2251 137210.83 41265.42 3346.51 3421 1201
2252 139311.79 41634.02 3273.02 4195 1201
2253 -161402.02 250885.69 3203.38 1202 5755
2254 181955.58 264331.03 3827.45 1203 3865
2255 184477.59 266060.53 3797.55 4208 1203
2256 94837.97 -4839.58 3091.43 1204 4321
2257 93559.18 -4563.86 2824.91 1204 4560
2258 -195356.76 65548.57 3646.14 3114 1205
2259 49722.10 221247.20 3408.11 3670 1206
2260 246638.24 -125285.98 944.93 1207 5672
2261 248054.09 -124743.44 850.94 6155 1207
2262 -69540.84 2339.41 2978.17 1467 1208
2263 -68298.66 3242.83 2863.74 1208 3672
2264 -70440.73 4154.88 2983.95 4504 1208
2265 187424.73 -39637.06 3298.51 1720 1209
2266 187704.86 -36982.47 2778.92 6554 1209
2267 -154789.21 -31118.12 3090.55 1210 1576
2268 -153170.71 -29448.00 3136.85 1795 1210
2269 233192.69 256080.86 4299.75 1211 5886
2270 220991.08 -43958.16 2913.38 1212 2537
2271 -246177.86 47358.96 3195.24 4829 1213
2272 61100.89 -63483.22 1910.51 1214 2286
2273 -184139.32 224208.95 3412.67 5245 1215
2274 -181006.01 224758.64 3391.87 5296 1215
2275 138479.07 -146389.06 923.56 1216 4242
2276 140210.53 -148631.07 797.43 1216 6387
2277 -185375.99 -127364.64 935.77 1218 2788
2278 100626.83 -7946.74 2970.76 1219 3787
2279 -209199.50 -98260.87 1742.76 1981 1220
2280 -210289.21 -99013.26 1800.18 1220 6258
2281 -54365.47 162018.66 3446.35 7256 1221
2282 -249015.12 251248.43 4002.37 1222 2738
2283 113051.41 84591.91 3249.68 1223 3563
2284 113217.10 83511.23 2988.37 1223 6140
2285 -139630.32 136978.11 2971.62 2142 1224
2286 -143829.76 144173.96 3323.91 4601 1224
2287 -183519.64 -31484.27 3159.58 1225 5966
2288 -13877.06 -256483.34 554.91 1226 6132
2289 -201877.29 256406.18 3464.43 1227 2795
2290 -201946.62 258343.90 3461.80 3425 1227
2291 -91555.25 36632.28 2986.42 1926 1228
2292 -93144.77 35487.07 3044.94 1228 2898
2293 -217629.44 197387.68 2979.84 1229 1421
2294 253279.01 227506.23 3994.99 1230 2742
2295 76856.20 13460.62 3175.12 1231 2633
2296 77324.37 16229.22 2805.15 1231 4776
2297 78845.07 15760.08 3220.86 1231 6421
2298 -154754.56 51045.64 3272.29 2871 1232
2299 -154092.43 54079.88 3497.82 3724 1232
2300 -156472.46 51888.22 3552.31 5933 1232
2301 -186388.60 243314.38 3790.03 5177 1233
2302 -183646.60 240651.44 3664.18 1233 6671
2303 167253.46 266307.35 3919.30 4084 1234
2304 16414.99 57921.52 3137.88 1276 1235
2305 -114333.95 204802.90 3402.21 1236 4302
2306 131965.05 -145357.91 616.12 3692 1237
2307 -205394.83 180762.17 3257.32 2609 1238
2308 -70577.64 -22402.34 3173.16 2918 1239
2309 -70004.97 -20306.62 3150.69 1239 5971
2310 155579.65 41802.11 2912.56 1240 3833
2311 227677.44 -134433.78 629.37 2486 1241
2312 227398.19 -136214.12 543.26 1241 2848
2313 228437.65 -136025.42 148.12 5749 1241
2314 -254070.49 125064.39 3886.24 3007 1242
2315 -254895.77 126642.81 3879.87 1242 7118
2316 -1640.79 43103.85 2978.56 1243 2225
2317 -1753.24 43765.28 3006.62 5603 1243
2318 21639.90 -37909.61 3442.29 1244 2350
2319 23687.45 -39939.26 3303.17 1244 3786
2320 23548.33 -37065.75 3450.53 4443 1244
2321 -57596.63 120180.06 3160.87 1245 4760
2322 -57155.59 118306.88 3328.93 1245 5668
2323 106086.64 -52517.20 2189.10 1248 1461
2324 105130.04 -52975.82 2160.55 2700 1248
2325 3491.63 255117.74 3145.72 1249 3558
2326 -138372.06 76114.49 3290.55 1250 2436
2327 -162547.98 180935.28 3426.35 1251 1589
2328 -160855.59 180238.52 3410.76 1251 5082
2329 -160639.34 181493.89 3024.69 1251 6334
2330 38353.59 118040.98 3567.24 5446 1252
2331 103607.88 -53088.84 2150.25 1253 2700
2332 102279.07 -54272.40 1708.36 1253 4007
2333 101470.87 -53083.32 2266.51 5233 1253
2334 219371.21 214077.94 3876.23 1254 1374
2335 223363.25 210885.97 3323.79 1254 4083
2336 220312.88 216129.20 3284.91 4748 1254
2337 59540.08 152043.82 3557.44 1255 2545
2338 153330.13 -57373.50 3140.29 7071 1256
2339 168181.10 174507.17 3356.19 1357 1258
2340 168943.43 173527.03 3375.55 1258 5982
2341 -19619.99 50276.14 3354.14 1259 2665
2342 -17595.77 49500.04 3085.78 1259 4510
2343 257250.65 249428.68 4002.27 1260 2329
2344 -90209.64 -85714.92 811.08 4278 1261
2345 -251710.17 250918.23 3391.14 2738 1262
2346 -253147.08 250007.86 3434.02 1262 3195
2347 -102586.13 178489.73 2853.79 1263 3793
2348 -103535.11 179858.44 3004.06 1263 6889
2349 -214561.01 196297.89 3353.50 1264 1421
2350 -267412.27 194965.96 3532.48 3930 1266
2351 -37457.55 148473.54 3020.85 1563 1268
2352 -39455.47 153048.87 3130.07 4422 1268
2353 158951.56 -16534.44 3307.44 2579 1269
2354 161069.54 -15904.34 3093.12 3527 1269
2355 222813.55 246436.39 3588.60 3892 1270
2356 -141697.98 -96444.54 2189.77 2462 1271
2357 -141695.29 -93179.03 2838.33 2887 1271
2358 -143789.18 -95404.82 2810.07 1271 4978
2359 -210617.34 258562.53 3344.10 1627 1272
2360 55947.51 250740.31 3552.52 6690 1274
2361 207778.28 -123442.59 988.61 4098 1275
2362 208061.51 -124294.59 982.92 4418 1275
2363 18372.80 55063.86 2702.66 1616 1276
2364 15620.36 55555.05 3144.52 5539 1276
2365 192011.90 148090.01 3428.58 2421 1277
2366 188082.10 143351.74 3488.19 1277 3060
2367 102255.95 -58171.71 1266.64 4007 1278
2368 102368.24 -61234.44 1208.38 4358 1278
2369 -220126.43 -171867.37 1023.46 4070 1279
2370 -219544.65 -173076.14 1074.36 1279 4107
2371 -220470.75 -173030.07 837.96 4802 1279
2372 71708.21 -59866.81 2158.43 6182 1280
2373 70283.16 -62173.69 1697.82 1280 6568
2374 -18106.81 109598.60 3217.04 1867 1281
2375 -157570.93 120408.93 3034.80 1283 5851
2376 -159471.57 124108.16 3556.98 7021 1283
2377 34139.05 92553.41 2964.98 4707 1284
2378 36347.36 90167.20 3142.05 1284 5617
2379 -171695.51 -35990.95 3125.52 1405 1285
2380 -173986.58 -37237.53 3015.54 1285 6991
2381 104236.54 212497.25 3375.91 3644 1286
2382 -132503.85 -78049.98 3310.22 1287 1630
2383 -133769.27 -79345.05 2845.64 1287 1745
2384 21019.50 -29667.92 2904.09 1288 2966
2385 24066.85 -33298.33 3286.89 1288 4443
2386 140167.29 59652.18 3164.80 6645 1289
2387 194262.12 77351.79 3594.13 1330 1290
2388 192795.95 76445.31 3490.80 1290 1835
2389 -158134.46 214302.69 3510.82 1291 2881
2390 -89387.38 200136.41 3427.41 2999 1292
2391 -86391.78 198141.24 3034.38 1292 4203
2392 -86435.38 195918.75 3171.48 5463 1292
2393 159582.12 30381.50 2750.31 2031 1293
2394 158282.48 29713.39 3031.10 1293 5184
2395 -135320.17 227149.16 3825.51 1294 3106
2396 -136582.34 228496.23 3510.73 6052 1294
2397 132329.56 247095.78 3394.28 1295 2309
2398 69564.15 58534.07 3086.48 5205 1296
2399 -230722.75 15124.83 3461.47 1297 2259
2400 -232029.50 17069.22 3224.40 1297 3645
2401 149173.20 71752.11 3257.79 2735 1298
2402 149837.32 68604.92 3504.12 1298 6280
2403 -247205.60 72474.70 3208.31 1299 2696
2404 254734.29 156589.45 3843.61 1300 1347
2405 57289.24 236801.52 3652.19 4394 1301
2406 -95270.08 20424.34 2628.45 1302 4316
2407 -235764.82 231276.77 3490.15 1303 5820
2408 -214956.89 -19472.50 3079.81 1304 2232
2409 124572.34 231832.51 3795.51 3388 1305
2410 125298.98 231115.63 3809.50 1305 6727
2411 224360.13 -50826.17 2137.86 1306 2362
2412 115471.19 95363.75 3110.45 4319 1307
2413 -255928.79 -96369.07 2117.40 1308 1316
2414 -256786.90 166413.23 3396.32 1452 1309
2415 -258046.21 164517.19 2963.04 1486 1309
2416 -256122.62 162580.99 3164.18 1309 2980
2417 -259844.35 162692.85 3421.77 4800 1309
2418 -193421.06 108239.21 3597.52 4140 1310
2419 -192072.66 108285.26 3524.45 1310 4965
2420 20500.75 27828.69 3067.93 4804 1311
2421 21561.00 27920.60 3025.78 1311 5189
2422 20673.28 26967.39 3237.66 1311 5475
2423 95171.89 220154.78 3163.71 1312 3408
2424 113878.17 250659.29 3550.92 4073 1313
2425 113911.27 252323.24 3857.28 1313 5824
2426 -185071.75 -74157.60 2985.89 3050 1314
2427 -245762.42 228680.59 3541.86 3215 1315
2428 -249481.64 230421.81 3370.86 1315 6838
2429 -254519.89 -98608.69 1712.42 1316 1810
2430 -193673.79 130407.25 3741.54 1317 3639
2431 -191025.78 131809.92 3120.05 1317 5371
2432 197936.77 12194.30 3412.90 6404 1318
2433 -87346.88 -149742.49 858.39 1319 3348
2434 -6789.80 117269.25 3293.49 6797 1320
2435 229330.75 71569.55 3325.81 1321 2821
2436 228887.99 70542.13 3454.10 1321 3235
2437 228107.98 71985.21 3035.93 3996 1321
2438 -152941.75 134182.50 3489.95 1322 6009
2439 -145857.20 -58792.97 3533.72 6665 1323
2440 -206155.24 189271.51 3315.03 2291 1324
2441 -100617.59 -8282.49 3334.76 1325 1587
2442 90294.98 110978.90 3472.72 1915 1326
2443 15517.47 64070.26 2948.69 4104 1328
2444 -95173.37 35835.21 2618.71 2898 1329
2445 196233.19 77129.55 3485.57 3870 1330
2446 195579.50 75909.35 3321.14 5319 1330
2447 -87711.39 213861.61 3394.86 4826 1331
2448 -89717.94 211080.18 3382.15 6825 1331
2449 -245728.42 119740.56 3397.13 1333 3186
2450 -244332.21 121310.66 3195.18 6993 1333
2451 260713.03 -73333.18 1144.24 4266 1335
2452 -212951.90 257851.00 3748.27 1336 1627
2453 -214265.39 256670.45 3533.13 1336 2844
2454 -213504.45 256942.32 3857.08 6805 1336
2455 9327.82 53541.85 2735.70 4553 1337
2456 11042.35 52826.97 2821.54 5577 1337
2457 -8507.55 192044.84 3738.08 1578 1338
2458 -5652.95 194230.49 3620.68 2643 1338
2459 -6845.07 195041.45 3708.48 5551 1338
2460 135210.22 -137553.98 984.56 1339 5806
2461 179479.90 262053.17 3792.96 1340 3865
2462 133838.27 -152636.15 455.08 2765 1341
2463 133945.05 -151028.81 317.56 3689 1341
2464 -231669.93 205058.77 3249.13 3980 1342
2465 -230461.99 210304.05 3372.58 7003 1342
2466 12907.52 47310.78 2679.98 3427 1343
2467 13211.85 48600.39 2954.60 1343 5915
2468 10201.57 47692.11 2916.28 1343 6209
2469 -171632.40 183561.92 3387.46 1344 4648
2470 214520.50 192826.15 3330.83 3179 1345
2471 215095.30 195020.93 3292.80 1345 5627
2472 3225.60 253791.81 3577.69 3558 1346
2473 2124.41 252592.23 3441.34 5447 1346
2474 252602.86 153222.53 3667.43 1624 1347
2475 -167324.90 72170.49 3293.09 1757 1348
2476 -5529.01 -10313.84 3332.48 1942 1349
2477 -147157.57 59224.49 3466.54 1350 5954
2478 42429.81 65494.45 3536.71 1352 2332
2479 41654.22 62920.31 3530.69 1352 3452
2480 78019.90 239602.17 3375.84 3220 1353
2481 79506.32 240706.81 3608.24 1353 5111
2482 -68232.68 219193.11 3294.55 1354 2324
2483 -67657.41 217304.79 3503.90 6015 1354
2484 -236196.47 -175505.02 848.99 1355 3726
2485 79914.65 268789.71 3903.39 5283 1356
2486 166682.75 176314.24 3155.33 1357 5062
2487 167225.29 174510.61 3323.97 5682 1357
2488 -126591.57 68132.10 3581.81 1358 4064
2489 -127859.11 67996.52 3557.78 1358 5477
2490 -128015.69 66946.44 3512.08 6088 1358
2491 -238379.85 264280.55 3521.37 1510 1359
2492 -235743.06 263788.89 3923.02 2218 1359
2493 -237970.13 262155.12 3295.29 5200 1359
2494 48628.46 -4611.47 3070.39 5524 1360
2495 49214.10 -6800.44 3248.17 1360 6444
2496 44707.01 -86861.58 1521.83 1361 1961
2497 42837.93 -89679.43 1485.15 1361 2827
2498 -269938.77 -56550.64 2871.55 1363 1953
2499 -269384.11 -54609.64 2913.54 6657 1363
2500 -109291.95 -163206.89 952.06 1364 7134
2501 -11820.26 224466.25 3270.87 1365 2584
2502 -120222.01 -34727.89 3050.87 1366 2499
2503 -122087.69 -31411.95 3162.95 1366 4877
2504 -123631.59 -32841.42 3191.94 1366 5639
2505 267089.80 -60328.80 915.94 1367 1975
2506 267131.33 -59456.71 1410.60 2094 1367
2507 264389.43 -63158.87 1323.02 1367 2949
2508 268182.33 -60264.12 1402.56 1367 2998
2509 -168032.44 215417.64 3442.06 2025 1368
2510 -169391.44 210525.50 3005.65 6921 1368
2511 77650.68 -137902.76 819.58 1369 3634
2512 76047.17 -137002.89 911.63 4600 1369
2513 161540.69 46577.55 3156.45 2466 1370
2514 151269.71 129971.94 3499.85 6538 1371
2515 155624.32 131400.88 3709.30 1371 7173
2516 -15250.74 -53774.72 2101.73 4340 1372
2517 -17451.32 -51519.42 2548.92 1372 6747
2518 214499.07 214939.18 3274.29 3771 1374
2519 78090.83 -53202.46 2422.73 1375 2108
2520 -154290.48 -172884.42 795.19 1376 3416
2521 124732.17 -59401.33 1711.40 4330 1377
2522 123486.38 -58787.15 1766.36 1377 6736
2523 -192982.70 45807.66 3582.36 4495 1378
2524 121177.14 -62175.75 991.09 1379 5699
2525 -100782.10 -156454.40 525.06 2017 1380
2526 -99090.06 -155767.11 862.97 1380 3375
2527 40596.12 234105.40 3224.63 1381 2825
2528 42801.05 231609.68 3300.43 1381 3886
2529 223452.85 -53449.24 1877.24 2480 1382
2530 222538.86 -54763.45 1289.13 4584 1382
2531 -231436.13 -174424.92 1029.32 3561 1383
2532 -230569.48 -175369.95 1036.15 1383 5055
2533 -232274.90 -176555.95 762.21 5202 1383
2534 160011.92 214709.24 3407.18 1384 2511
2535 -204685.36 -39128.06 3410.15 3853 1385
2536 -205061.26 -35061.69 3638.64 5520 1385
2537 -203414.25 -36707.31 3613.97 5697 1385
2538 156541.08 264919.37 3557.87 1386 3463
2539 -172933.21 203971.88 2974.91 1387 6921
2540 201078.46 -148848.38 440.26 1388 2931
2541 202952.04 -146778.25 419.97 1388 3952
2542 -177758.12 85062.04 3969.63 6403 1389
2543 -29226.04 -103879.56 1562.97 1390 1565
2544 -26550.29 -104753.79 1096.45 1968 1390
2545 -24370.17 -103957.10 1165.09 1390 3953
2546 -20262.46 32363.60 3004.47 1391 5207
2547 -22015.34 33934.98 3393.63 6093 1391
2548 -98046.91 -57443.03 3129.26 1681 1392
2549 -99848.67 -60627.84 3228.27 2027 1392
2550 65637.92 92719.08 3204.04 1393 2865
2551 60676.47 91717.81 3237.07 4283 1393
2552 11285.86 221045.48 3587.32 6324 1394
2553 150758.60 45868.40 3426.88 3837 1395
2554 152115.32 46910.50 3507.32 1395 5387
2555 153611.24 46078.33 3722.98 6453 1395
2556 127061.90 225944.73 3082.43 1471 1396
2557 129676.36 217727.40 3407.66 1396 1838
2558 168312.27 34342.29 2757.24 4180 1397
2559 167498.33 33386.15 2912.48 1397 5804
2560 227673.03 153197.44 3325.50 1398 3947
2561 249293.43 222816.10 3576.33 5426 1399
2562 -176771.31 68372.10 3843.40 2870 1401
2563 158087.18 -78003.27 909.51 4159 1402
2564 157288.26 -76785.48 1267.39 4840 1402
2565 159426.56 -76887.94 1096.49 1402 4896
2566 82061.02 -135164.43 842.58 1403 1771
2567 82117.97 -136226.75 853.93 1403 2664
2568 -207198.95 -85236.88 3325.13 5348 1404
2569 -207454.06 -88166.99 2980.47 6474 1404
2570 -72357.32 233033.40 3262.11 1406 3818
2571 -163326.52 240310.15 3431.45 1699 1408
2572 -163224.23 239318.41 3805.75 6757 1408
2573 60994.11 -114965.73 1301.12 3800 1409
2574 58006.81 -116847.45 1519.47 1409 6666
2575 -34567.58 12275.12 3590.55 1410 1453
2576 -38334.24 13969.63 3450.35 3258 1410
2577 -35045.73 14710.92 3022.40 6210 1410
2578 120806.30 57212.42 3076.84 5630 1411
2579 -48449.85 146316.28 3103.19 3351 1412
2580 225642.37 247963.58 3830.44 1413 6385
2581 224437.99 248953.44 3514.67 1413 6860
2582 210859.56 15522.15 3801.96 2335 1414
2583 209536.14 19766.50 3309.52 1414 3330
2584 207646.70 17360.38 3520.63 5683 1414
2585 -114742.28 -95325.29 1315.20 3433 1415
2586 -115310.72 -92935.77 1377.96 1415 4005
2587 -112349.90 -93256.74 1410.25 1415 4954
2588 55638.34 55860.94 3168.45 1574 1416
2589 52142.21 55144.23 3175.85 1416 6968
2590 -90183.32 -37973.73 2844.56 2121 1417
2591 109732.07 261424.82 3699.61 1418 3912
2592 -197264.65 127180.07 3599.31 1419 3639
2593 -199284.45 126511.99 3347.30 6917 1419
2594 -71629.97 155683.42 3608.73 3249 1420
2595 -73810.63 155455.43 3566.32 4511 1420
2596 -212731.64 193752.58 3332.14 3031 1421
2597 -171195.61 91821.09 3782.11 1422 5383
2598 -249656.59 -173787.44 969.68 1423 2897
2599 -247250.72 -174131.29 803.49 6281 1423
2600 -248325.08 -171689.97 1256.76 7144 1423
2601 -263661.56 80352.14 3465.09 2317 1424
2602 -227511.50 110684.56 3579.26 1425 1936
2603 -227805.48 109692.62 3583.56 1425 5601
2604 -88895.47 155943.85 3042.37 2088 1426
2605 -92205.98 154398.89 3431.73 1426 5643
2606 -88737.48 -15515.02 3029.00 1842 1427
2607 -87254.52 -14703.31 3193.41 1427 2490
2608 -208844.04 51263.80 3165.35 1428 2552
2609 -208291.17 50254.59 3151.20 1428 3802
2610 96335.17 250186.32 3966.31 3764 1429
2611 95886.76 249862.29 3236.70 1429 7103
2612 67815.11 254760.10 3685.32 2983 1430
2613 64799.86 255423.23 3290.91 1430 4944
2614 237908.47 246716.97 3273.24 1431 6970
2615 111265.48 -8159.30 2765.62 2244 1432
2616 110042.65 -8913.10 3029.08 5586 1432
2617 108197.74 -6454.26 3544.01 1432 5961
2618 5322.05 50839.08 3273.13 2670 1433
2619 30933.15 -124001.94 1061.88 3328 1434
2620 20563.76 -121669.81 1281.53 4196 1434
2621 -134603.42 37390.89 3070.60 1505 1435
2622 -133995.55 38640.08 3527.95 1435 1786
2623 139913.29 -53756.46 3425.73 5979 1436
2624 -69279.88 -143906.02 821.16 1438 2668
2625 -66488.40 -142959.72 548.31 4771 1438
2626 -69450.54 -142013.99 918.26 6905 1438
2627 41451.56 -91779.03 1595.94 2827 1439
2628 41069.49 -93577.86 1567.29 1439 5276
2629 -19481.55 68749.39 3085.69 3938 1440
2630 -19487.83 69558.54 3102.95 1440 5380
2631 -72536.89 22331.00 3212.67 5172 1441
2632 -74480.38 22610.71 2917.29 1441 5959
2633 67299.64 242667.62 3651.35 1442 4599
2634 65922.79 245297.60 3622.83 7164 1442
2635 76897.34 269069.87 3819.38 1443 3637
2636 -129197.36 -175610.15 562.10 6353 1444
2637 -119654.15 170937.01 2932.88 6343 1445
2638 -121397.26 170440.87 3554.88 1445 6366
2639 -119352.96 171504.56 3695.56 1445 6756
2640 -242116.53 264771.76 3605.34 1446 3861
2641 -243695.61 264393.38 3377.57 1446 5623
2642 -40894.51 23401.80 3061.16 2650 1447
2643 -40275.12 21628.51 3139.06 1447 6204
2644 79818.69 249460.77 3791.32 6467 1448
2645 -129226.53 149032.45 3232.51 1450 3042
2646 -132429.31 147847.98 3704.04 4926 1450
2647 -129903.07 144406.16 3523.13 6559 1450
2648 87394.99 136587.98 3240.65 2581 1451
2649 93700.82 137825.84 3193.90 4816 1451
2650 -189334.94 173760.07 2965.78 1454 6975
2651 -109273.05 6196.72 2913.60 1455 2626
2652 -111500.28 4355.67 3004.73 1455 3062
2653 -195184.13 153580.09 3114.49 2914 1456
2654 -197606.67 151445.39 3100.70 5046 1456
2655 -56059.49 168297.79 3234.09 6441 1457
2656 145475.28 241062.46 3755.70 5398 1458
2657 -189845.35 -35505.84 3060.96 5121 1460
2658 108221.16 -53452.18 1745.85 5135 1461
2659 216443.49 -27476.95 3284.67 2157 1462
2660 215697.01 -30965.62 3005.10 4668 1462
2661 11564.58 -16097.76 2331.44 2707 1463
2662 34738.01 35947.49 3423.46 1778 1464
2663 31095.54 35055.46 3366.33 3439 1464
2664 -167097.99 265202.17 3227.51 1465 1564
2665 -15377.48 102363.08 2929.57 5027 1466
2666 -69719.57 1242.80 2990.68 4170 1467
2667 -205956.40 -65470.33 2978.02 1468 2529
2668 -205146.26 -63437.80 2944.11 1468 4147
2669 61470.48 -72836.60 1454.00 1469 2171
2670 -65340.25 148338.18 3347.44 1470 3219
2671 125550.93 230331.70 3148.26 6727 1471
2672 -76165.11 -16289.47 2791.44 1844 1472
2673 259994.89 87709.13 2635.19 7094 1473
2674 254096.27 -126439.02 633.56 6681 1474
2675 -55508.29 -130536.77 1175.90 6372 1475
2676 -3255.39 63721.01 3146.62 1476 3918
2677 -221.28 63914.05 3219.78 1476 3988
2678 -1138.96 65627.02 2993.55 1476 5975
2679 -223735.00 -175436.88 334.57 5107 1477
2680 -223783.50 -176315.56 603.18 1477 6443
2681 -164984.89 45483.41 3196.74 1492 1478
2682 -162211.55 45895.80 3215.26 2156 1478
2683 -162944.77 48263.76 3167.96 2623 1478
2684 -164674.34 47521.42 3131.75 1478 3845
2685 116022.56 217296.29 3438.87 1479 5518
2686 145685.06 -98655.57 868.20 6539 1480
2687 262714.99 88382.85 3000.47 1482 1957
2688 260694.41 88789.67 3036.17 7094 1482
2689 165501.79 237845.13 3613.04 1483 2542
2690 164208.14 239844.86 3623.42 3223 1483
2691 158086.43 266855.65 3675.99 1484 3463
2692 160125.68 268211.42 4010.01 5852 1484
2693 245660.75 176116.12 3569.89 1485 1824
2694 52730.52 -7039.56 2599.20 1861 1487
2695 52741.99 -9253.91 2913.92 1487 6512
2696 66005.79 112570.87 3267.36 4919 1490
2697 70279.67 113453.68 3332.13 5473 1490
2698 -249136.86 114723.91 3536.63 1491 1640
2699 -248974.31 116195.44 3450.21 2004 1491
2700 -251950.77 114973.32 3549.02 1491 4790
2701 52576.96 -66965.08 2116.58 1818 1493
2702 53488.00 -66322.10 1682.08 1493 3377
2703 52581.97 -68145.92 1721.13 1493 5791
2704 125734.91 39970.61 3082.60 2063 1494
2705 127902.40 39700.41 3123.51 2737 1494
2706 -177757.04 265657.20 3611.15 1496 1692
2707 -176448.54 266388.21 3453.87 1496 3682
2708 -213268.17 263249.74 3609.30 1497 4529
2709 -213583.10 264165.96 3071.17 5809 1497
2710 89153.65 263503.26 3232.25 4616 1498
2711 89232.31 260601.11 3534.34 1498 6656
2712 -110292.28 -11566.11 2775.33 1499 1815
2713 -133789.04 41956.09 3290.26 2775 1500
2714 -128016.97 43375.58 3005.30 2820 1500
2715 115239.04 -33607.66 3044.65 2512 1502
2716 113840.44 -32232.67 3373.24 3450 1502
2717 25917.10 237112.12 3437.65 3611 1503
2718 26686.00 237600.59 3058.29 1503 4282
2719 34105.37 170898.11 3298.56 1504 3382
2720 35256.92 172978.99 3350.00 1504 6172
2721 -133720.35 35457.13 3046.05 1505 2536
2722 -135310.34 36328.80 3045.05 1505 3102
2723 -261955.56 -51746.08 3263.13 1506 3049
2724 -260472.22 -52864.12 3384.48 1506 3299
2725 258561.86 239804.78 3420.35 4581 1507
2726 -184375.24 56765.84 3545.58 2005 1508
2727 -185171.78 60306.87 3903.71 2674 1508
2728 261985.12 227760.78 3637.73 1509 5790
2729 -240620.71 266095.86 3554.57 1510 3861
2730 75735.04 -143214.30 521.35 1669 1511
2731 77895.15 -142859.20 431.00 2985 1511
2732 76559.55 -139557.80 675.00 1511 3634
2733 78427.42 -141393.06 277.78 1511 4094
2734 196881.88 224493.25 3426.18 1512 2359
2735 200418.98 224924.57 3403.49 1512 3843
2736 54260.15 219509.21 3515.67 7217 1513
2737 166486.21 -157083.59 560.99 1514 2103
2738 166676.90 -159051.40 553.54 1514 2904
2739 -227892.16 241566.03 3388.21 1515 4718
2740 -229341.52 240929.39 3375.71 1515 5544
2741 -254324.13 37669.00 3460.85 1517 5314
2742 -256130.51 37510.44 3156.79 6810 1517
2743 -201635.77 146070.56 3190.46 1518 4778
2744 -178993.00 184367.08 3221.74 2095 1519
2745 -248534.30 139164.37 3489.56 6328 1520
2746 -72575.67 4990.45 3032.05 1521 4504
2747 -182963.69 33386.28 3328.87 1522 2565
2748 -184522.62 33092.02 3531.63 3709 1522
2749 248851.03 153588.33 3384.95 1523 1624
2750 58147.33 61621.99 3111.28 3768 1524
2751 58862.96 123136.42 3350.87 1690 1525
2752 55883.13 122869.30 3356.67 3503 1525
2753 -237417.58 127653.68 3447.88 1526 1545
2754 -237322.68 129603.25 3389.89 1526 1735
2755 -240440.17 128265.70 3430.51 2894 1526
2756 230881.59 65208.00 3475.83 1527 1877
2757 229297.62 67460.25 3443.89 3235 1527
2758 260692.65 186537.89 3306.40 2422 1529
2759 -212291.17 108335.23 3699.86 1530 1891
2760 -211648.48 106057.69 3627.13 6547 1530
2761 -192093.93 -186097.19 482.91 4377 1531
2762 -191033.23 -185673.41 391.40 1531 5730
2763 -192332.87 -184567.01 507.90 1531 7138
2764 -218533.86 267347.92 3339.97 5822 1532
2765 -92013.41 13243.94 2720.77 1533 5593
2766 -93789.56 12422.17 2360.53 1533 5994
2767 -262492.06 110731.04 3479.14 1534 2363
2768 -263576.19 114010.08 3508.34 1534 4221
2769 -259607.23 -50949.74 3462.26 3299 1535
2770 -22606.05 5671.03 3391.61 2823 1537
2771 -24759.00 5487.79 3408.72 1537 3599
2772 63092.27 -113043.54 1351.75 1538 3800
2773 64342.16 -113485.41 1078.81 4236 1538
2774 63989.41 -110641.42 1529.32 1538 4728
2775 55133.54 -12826.97 2916.78 1750 1540
2776 3266.98 8793.93 4724.76 1898 1541
2777 2385.99 9835.09 4761.02 1541 4089
2778 -166652.15 141585.97 3449.95 1542 1596
2779 -169791.36 138785.42 3644.94 2526 1542
2780 -166803.95 138924.17 3360.77 1542 2638
2781 -238693.48 39175.18 3271.01 1543 1642
2782 -236993.50 39974.00 3054.55 1543 4425
2783 -238783.44 40474.79 2918.52 1543 6136
2784 117702.82 174651.25 3586.34 3878 1544
2785 -17163.25 65463.86 3384.58 1736 1546
2786 -18351.02 66752.23 3084.53 3938 1546
2787 -193318.65 234805.88 3272.39 1547 1673
2788 -216349.92 260066.15 3393.06 4299 1548
2789 -216565.66 258986.48 3679.80 4959 1548
2790 -217969.54 -78321.68 2922.64 1549 6663
2791 126653.94 36490.66 2705.83 1550 4458
2792 -86065.56 218892.62 2948.20 1551 5680
2793 115392.26 81272.65 3341.08 5860 1552
2794 114388.33 82677.04 3020.03 6140 1552
2795 -200299.15 -173272.56 690.12 1553 4008
2796 -201234.11 -171952.11 718.51 5190 1553
2797 13185.33 152291.50 3279.05 1554 6144
2798 -215093.71 -92947.08 2119.66 1702 1555
2799 -216998.31 -92753.54 2149.02 1555 2693
2800 -213942.88 -92085.33 2832.17 1555 4898
2801 57192.50 175733.53 3402.60 1934 1556
2802 -58244.00 198286.36 3419.79 2446 1557
2803 -61068.63 196819.05 3364.65 1557 3885
2804 46789.47 106426.92 3383.17 1558 2503
2805 48207.88 107763.26 3375.19 1558 2900
2806 214038.83 -53491.47 2028.90 1559 2622
2807 214674.48 -51949.32 2696.27 1559 6125
2808 -97276.00 1290.32 2988.74 1561 2382
2809 192683.08 -2674.59 3289.97 1562 2962
2810 194475.24 -3180.50 2809.67 6769 1562
2811 -38617.99 143685.04 3070.60 1563 2601
2812 -163736.44 266151.79 3828.88 4337 1564
2813 -225976.53 59929.88 3359.86 1566 2851
2814 -61120.36 219084.59 3167.26 3145 1567
2815 -61415.17 217595.69 3456.85 5839 1567
2816 -261584.12 82119.34 3561.39 1568 4317
2817 245508.25 223886.60 3635.56 2123 1570
2818 247734.13 223325.10 3558.94 1570 5426
2819 166538.67 259253.53 3525.80 2731 1571
2820 164779.80 258621.65 3479.61 5540 1571
2821 -221385.75 266194.82 3750.98 1572 4893
2822 161948.63 223927.37 3422.33 1573 2030
2823 162412.48 226320.52 3190.86 5974 1573
2824 56592.63 56813.21 3211.49 1574 5498
2825 57228.69 55089.85 3239.22 7245 1574
2826 185950.80 244036.72 3855.49 1634 1575
2827 -244887.64 221686.86 3261.67 1577 1924
2828 -244903.97 223380.52 3574.73 1577 2892
2829 -15784.99 193080.43 3439.46 2727 1578
2830 -13508.85 190110.37 3733.15 1578 2836
2831 55856.36 113286.54 3350.18 1579 1799
2832 -203974.24 266188.17 3765.04 1580 5000
2833 -202775.75 264689.70 3573.29 7006 1580
2834 -123473.24 81699.53 3696.62 1733 1581
2835 -124057.18 79696.94 3362.03 1581 4779
2836 -121764.27 79671.69 3719.47 1581 5930
2837 -12556.34 54013.92 3235.38 4399 1582
2838 -10644.89 54215.85 3227.03 5397 1582
2839 -201802.56 -75706.79 3459.18 2260 1583
2840 -202893.96 -76293.80 3507.24 1583 4161
2841 -201309.51 -76095.99 3406.47 7070 1583
2842 40606.73 72413.36 3363.40 4268 1584
2843 39526.07 72804.82 3302.36 1584 6694
2844 80926.55 -109694.31 1095.88 5993 1585
2845 79940.09 -111647.45 1083.35 6879 1585
2846 -130836.18 -96783.38 1919.15 1586 4751
2847 -129553.38 -95915.15 1896.14 1586 5583
2848 -101228.16 -7413.68 3227.66 1587 3653
2849 -100494.07 -10224.80 2975.33 1587 4076
2850 -102833.31 -7686.08 3186.12 1587 5280
2851 54092.05 -9376.17 2920.30 1588 6512
2852 -245078.28 -60713.45 2803.64 1590 3241
2853 -248069.85 -61503.09 3229.37 7239 1590
2854 -44010.59 163332.52 3534.20 1990 1591
2855 180448.14 143713.11 3715.69 2188 1592
2856 182038.44 143985.44 3228.50 1592 2477
2857 181098.83 142521.08 3725.94 1592 2729
2858 -118781.07 -74243.32 2993.50 4244 1593
2859 62802.24 73858.75 3108.15 6850 1594
2860 -137828.85 -76220.37 3087.24 1595 2669
2861 -137678.82 -75428.76 3164.32 6232 1595
2862 -136862.89 -74853.54 3138.83 1595 6586
2863 245234.19 58796.32 2884.62 5654 1597
2864 -188293.28 93681.58 3727.98 1598 5469
2865 -185540.94 93747.79 3355.15 6804 1598
2866 -72743.38 -15707.88 3006.44 1992 1599
2867 -71459.19 -17791.69 3118.41 5971 1599
2868 52550.49 71093.81 2982.34 1600 6859
2869 -102951.48 -161841.63 478.10 1601 2213
2870 -105006.37 -163463.30 919.17 1601 3028
2871 166134.73 -164533.23 62.90 1602 4909
2872 164185.86 -163078.40 341.68 1602 6107
2873 167456.89 -163959.81 181.15 6982 1602
2874 10120.27 262806.67 3000.89 1888 1603
2875 8791.05 265591.82 3133.77 1603 3152
2876 9995.39 267105.84 3095.82 4977 1603
2877 204528.60 -145516.81 346.57 3952 1604
2878 206119.71 -145484.69 383.66 4640 1604
2879 73247.22 164140.86 3674.28 2106 1605
2880 -257610.69 231721.04 3692.97 6149 1606
2881 160816.89 -78038.54 818.80 1607 4896
2882 52466.70 242901.80 3333.52 1609 3024
2883 49735.90 267488.04 3529.28 1610 1995
2884 51644.07 268624.49 3540.67 2014 1610
2885 202465.23 173929.85 3520.82 1611 2909
2886 201312.81 175089.51 3439.82 4173 1611
2887 227841.86 -45710.61 2038.78 1612 3924
2888 227651.92 -48320.58 2001.06 1612 5898
2889 -144182.91 63502.83 3519.83 1613 4246
2890 -32930.29 -141176.12 616.63 1614 2524
2891 -34206.76 -139750.48 539.93 3181 1614
2892 23846.21 22534.29 2915.11 1615 7081
2893 -96410.19 -102390.48 1059.43 1617 2405
2894 -94332.35 -101873.83 1083.70 1617 6190
2895 -225038.18 243612.26 3753.84 2637 1618
2896 -226869.58 243034.51 3542.25 1618 4718
2897 101908.30 187830.43 3025.14 1619 6957
2898 103395.06 192969.85 3239.92 7142 1619
2899 203362.54 92838.36 3459.16 1620 4398
2900 -147107.03 -46954.15 3437.61 2163 1621
2901 -192359.68 245847.36 3680.44 6365 1622
2902 -190751.37 245960.19 3859.26 1622 6826
2903 -84498.32 29083.73 3126.63 6038 1623
2904 -83839.74 29917.83 3148.33 6362 1623
2905 -84502.73 30516.11 3146.33 6920 1623
2906 250394.87 149761.86 3117.64 4433 1624
2907 260403.23 90590.19 2888.48 4412 1625
2908 260078.27 88905.78 3250.34 7094 1625
2909 2253.09 15972.73 3632.66 7123 1626
2910 99481.15 123032.94 3306.07 1628 1676
2911 97165.97 121078.86 3308.10 1722 1628
2912 100097.18 121294.55 3043.99 3291 1628
2913 49392.93 -9205.63 3087.05 1629 1905
2914 50310.68 -10078.49 3062.22 2527 1629
2915 -130672.04 -77939.45 3092.49 3626 1630
2916 21495.92 -26550.15 2367.16 2242 1631
2917 143731.05 -68988.59 1252.92 1632 2203
2918 145046.21 -68394.35 1257.64 2884 1632
2919 202693.10 -118876.50 998.24 1633 2567
2920 203312.31 -117744.77 1184.11 6279 1633
2921 187477.57 244352.22 3662.66 4271 1634
2922 -72800.47 163012.46 3216.22 1635 1641
2923 -70105.38 165280.77 3052.88 5369 1635
2924 71764.43 -151112.25 229.98 1636 4464
2925 70007.79 -147294.42 491.41 6407 1636
2926 -257373.09 45864.48 2908.72 1637 1972
2927 -218151.18 87643.53 3583.63 1638 2090
2928 -214240.76 87237.06 3573.60 1638 2628
2929 -199061.14 225716.83 2765.66 1639 1868
2930 -199062.14 226831.23 2774.56 4833 1639
2931 -248909.03 113443.26 3468.13 1640 6978
2932 -74876.48 160064.23 3252.03 4239 1641
2933 -238940.95 37670.11 3245.12 6590 1642
2934 45176.64 104034.41 3492.28 1644 1715
2935 45425.36 105590.87 3387.63 1644 2503
2936 -77279.59 -16034.67 2825.96 1844 1645
2937 -77492.67 -14579.26 2819.14 6145 1645
2938 -138633.99 -80170.43 3399.11 1646 2720
2939 -137260.97 -79185.36 3418.17 1646 2813
2940 -137057.19 -80374.93 2832.24 1646 5049
2941 -180145.62 55864.40 3140.89 1647 2005
2942 -17502.30 53804.35 2548.07 2665 1648
2943 -15682.04 54152.46 2579.55 1648 6505
2944 -40697.27 17615.72 2998.57 1649 2086
2945 -39879.43 20370.57 3045.52 1649 6204
2946 44480.90 102565.64 3437.96 1650 1715
2947 44338.08 101662.29 3298.12 1650 3336
2948 43638.68 100911.35 3274.02 3796 1650
2949 -95558.58 -84808.63 1357.13 1651 5110
2950 132821.72 44170.10 3375.69 1743 1652
2951 133953.71 42462.29 3345.40 3421 1652
2952 -212520.52 -38294.19 3163.80 1752 1654
2953 -187480.26 -176410.88 874.38 1655 2411
2954 -186151.76 -175884.25 815.55 4945 1655
2955 -83260.57 35683.43 2648.89 3559 1656
2956 89543.89 244585.29 3411.02 5637 1658
2957 152322.99 -126911.83 728.88 1659 6212
2958 151019.50 -127909.79 1242.54 6687 1659
2959 -64154.18 2939.30 2682.36 1823 1660
2960 -213474.81 -74430.03 3220.87 6738 1662
2961 211281.75 149971.56 3635.41 1663 2889
2962 -15260.24 -238044.15 478.85 2434 1664
2963 -13519.07 -234361.63 465.49 1664 2531
2964 197051.23 174476.68 3287.71 3883 1665
2965 120206.86 241358.86 3170.08 3003 1666
2966 -192654.97 79334.45 3540.15 5431 1668
2967 73545.67 -143580.01 388.34 2080 1669
2968 74718.84 -145385.25 324.21 3667 1669
2969 -184258.58 113659.59 3887.83 1670 4081
2970 -62097.92 130061.23 2998.69 5673 1671
2971 -60773.36 133348.37 3223.60 1671 5765
2972 -58189.33 131513.53 3359.48 1671 6226
2973 107578.35 56604.55 3243.06 2741 1672
2974 114308.83 62936.77 3278.15 3675 1672
2975 107326.01 61968.45 2931.23 1672 6802
2976 -195601.41 233748.94 3521.30 1673 1730
2977 -194587.39 234810.47 3294.29 1673 4841
2978 171939.44 -151710.44 922.32 4674 1675
2979 172094.24 -153494.66 941.02 1675 6030
2980 176247.08 229174.81 3724.11 1677 4914
2981 72733.55 256031.38 3426.13 1678 2275
2982 43359.03 115883.25 3873.12 1679 2155
2983 44100.52 118121.03 3868.82 5379 1679
2984 -98284.79 -56451.63 2679.75 6089 1681
2985 206365.18 219865.47 3528.86 3371 1682
2986 -2583.85 42192.81 2802.61 2225 1683
2987 -4690.74 41510.60 2836.79 1683 3744
2988 -249737.83 125063.05 3555.73 3631 1684
2989 182862.76 144025.47 3200.46 2477 1685
2990 17730.71 157779.34 3144.64 5638 1686
2991 -126025.81 -40238.12 3172.97 6162 1687
2992 -129008.65 -39401.21 3222.31 6408 1687
2993 -49673.04 169069.76 3385.62 4633 1688
2994 -47796.38 168682.15 3604.71 1688 5225
2995 -48249.69 172886.24 3209.60 7018 1688
2996 -267740.72 -77294.65 2893.20 2899 1689
2997 60827.46 124503.33 3344.44 1690 2455
2998 -260045.85 -67966.18 3294.54 1920 1691
2999 -259116.45 -70444.06 3100.75 1691 4859
3000 -180044.15 264647.34 3640.73 1917 1692
3001 -179678.83 266412.64 3520.68 1692 6522
3002 -25942.57 -6088.60 2876.64 5856 1693
3003 203056.18 98248.22 3387.20 1695 6837
3004 120785.56 29293.91 3093.23 2349 1696
3005 119190.31 30915.63 2936.16 1696 3748
3006 -223524.04 12353.40 3401.60 1901 1697
3007 -227424.08 13189.15 3423.61 1697 2259
3008 -223447.96 15133.97 3206.38 1697 2611
3009 -161881.31 241085.76 3426.89 1699 4696
3010 229955.77 257380.92 3866.55 5886 1700
3011 101641.20 -38034.85 3152.80 1704 2655
3012 102282.79 -38257.92 2872.17 1704 4428
3013 174468.51 -168087.62 367.22 1749 1705
3014 174036.37 -171195.31 395.43 1705 3108
3015 -96655.69 -162166.66 529.90 4318 1706
3016 -99289.75 -160946.49 598.16 1706 5081
3017 -96723.39 -161884.03 376.52 1706 5953
3018 -170612.90 69182.43 3180.78 5444 1707
3019 -170052.86 70058.84 3542.07 1707 6062
3020 202517.52 172545.03 3039.53 1708 2909
3021 186445.57 -3337.17 3454.48 2355 1709
3022 189920.40 -2591.19 3445.67 2962 1709
3023 -193443.66 200877.07 3173.86 1710 2356
3024 -192219.11 202608.71 3218.97 1710 2374
3025 -227775.44 128747.72 3267.25 1712 2534
3026 -227113.98 126259.81 2899.35 7086 1712
3027 80377.12 -116226.20 1500.83 1724 1713
3028 255949.84 238261.15 3417.95 1716 4975
3029 256760.58 238306.40 3425.66 6034 1716
3030 121920.01 170692.11 3436.30 1717 4753
3031 119807.21 172171.95 3338.06 1717 7192
3032 -168849.80 58752.96 3418.83 5072 1718
3033 -70309.97 24248.87 2610.60 1719 4184
3034 -70070.85 24559.33 2588.02 1719 5335
3035 96113.98 116832.30 3317.03 1722 7153
3036 -50945.20 222336.94 3193.02 2483 1723
3037 -51170.53 224464.22 3412.73 1723 5362
3038 -53261.00 223799.08 3314.06 1723 6058
3039 79559.90 -117992.94 1522.34 1724 5908
3040 78069.62 -117351.21 1143.17 6997 1724
3041 -16882.26 47299.51 3019.72 4510 1725
3042 -15824.76 44739.52 3019.23 1725 4554
3043 210827.19 12267.69 3104.75 1726 5256
3044 -107789.39 186016.85 3231.26 1727 2166
3045 -106262.96 189225.97 3252.60 1727 5978
3046 127365.92 167408.53 3363.01 6490 1728
3047 223183.22 224959.02 3841.27 5777 1729
3048 116623.73 114750.54 3456.96 1731 2360
3049 -125936.63 84470.90 3289.96 1733 3104
3050 -123413.65 84031.79 3447.74 4058 1733
3051 -234796.75 132354.34 3211.51 1735 4452
3052 -15919.46 66092.83 3484.98 1736 4949
3053 -17440.92 63325.84 3374.53 7195 1736
3054 -180672.24 230765.77 3808.13 1948 1737
3055 -247959.78 137271.01 3453.54 6328 1738
3056 -253917.09 233175.00 3807.99 3916 1739
3057 -254707.44 232826.35 3594.73 5725 1739
3058 -256252.53 232820.40 3760.09 1739 6149
3059 34295.51 16732.31 2886.55 3968 1740
3060 34369.59 15681.02 2867.17 5859 1740
3061 -252437.74 159223.11 3541.06 1741 4630
3062 -102670.37 -80098.30 2132.70 1742 2617
3063 36364.55 20477.56 2974.01 1744 2336
3064 35946.73 19319.38 2943.13 3461 1744
3065 36394.74 19140.11 2607.59 4447 1744
3066 -135026.64 -80823.45 2825.78 5049 1745
3067 -23419.97 -52194.27 1852.05 2077 1746
3068 -22874.78 -54144.49 1828.50 3078 1746
3069 179078.87 218915.47 3057.83 3688 1747
3070 181164.64 220175.10 3109.84 1747 4612
3071 -34210.93 -137783.62 879.43 3181 1748
3072 -30655.74 -130102.08 792.62 3264 1748
3073 175741.82 -165387.38 391.26 1749 5406
3074 55708.48 -14004.64 3124.39 4216 1750
3075 53513.95 -11202.43 3137.25 6512 1750
3076 -118712.69 81155.84 3406.76 1751 5930
3077 102220.21 247686.91 3553.37 1753 2473
3078 100714.99 248186.20 3540.52 4669 1753
3079 -171691.94 20038.06 3634.06 1754 1937
3080 -170464.23 20356.08 3412.89 4145 1754
3081 88746.68 -86644.07 1187.99 1755 2015
3082 88612.17 -87977.45 1576.99 2390 1755
3083 86683.91 -85994.41 1585.87 4350 1755
3084 -75670.85 225028.25 3559.09 2326 1756
3085 -70419.31 227375.76 3425.84 1756 4132
3086 -168789.09 70882.78 3523.91 6062 1757
3087 210865.97 24682.33 3388.88 6730 1758
3088 209460.23 22890.10 3342.23 1758 6768
3089 74450.25 59214.40 3297.78 4102 1759
3090 116159.45 268604.40 3590.14 1760 5960
3091 241090.18 -130085.46 471.45 4306 1762
3092 -14717.76 -90596.47 1303.27 1764 4937
3093 86534.82 -137166.49 442.22 1765 2089
3094 86559.61 -139621.82 414.58 3491 1765
3095 -248903.55 119376.08 3462.32 2004 1766
3096 -169567.71 54214.59 3148.73 2993 1767
3097 -169524.18 56462.55 3084.81 5072 1767
3098 -266307.74 99567.48 3531.74 1768 3536
3099 -266985.35 99892.11 3702.94 1768 3569
3100 -206068.76 243067.73 3205.31 1770 1886
3101 -208986.92 240944.45 3181.65 2226 1770
3102 205660.76 173359.75 3473.84 1772 1841
3103 204296.62 172605.71 3546.52 1772 2909
3104 205658.81 171312.50 3513.91 4499 1772
3105 -80423.70 -2371.09 2873.05 3686 1773
3106 -78442.75 -1766.14 3029.27 1773 5457
3107 -214020.99 96423.41 3569.86 6354 1774
3108 45553.37 -82614.79 989.08 1961 1775
3109 26965.60 63011.32 3033.65 5269 1776
3110 8679.81 2177.33 4222.05 1777 6152
3111 36071.08 37747.35 3066.72 1914 1778
3112 36581.75 35597.27 3398.61 5609 1778
3113 229739.31 80916.79 3084.94 1780 2854
3114 -253774.46 -106595.12 1662.43 3925 1781
3115 -190810.59 -182602.71 292.88 1782 3887
3116 -191290.43 -181649.80 520.61 1782 7089
3117 12394.68 -85505.56 1345.42 1784 2228
3118 14061.89 -82232.88 1214.82 1784 2281
3119 -134430.77 40300.58 3661.19 2775 1786
3120 -162862.08 93603.85 3543.32 1787 1792
3121 -164504.54 92732.38 3377.53 1787 2067
3122 177148.10 -151851.70 858.18 1973 1788
3123 177137.10 -153106.70 785.47 1788 4427
3124 175700.39 -153358.80 808.63 1788 6795
3125 -1228.21 250249.95 3073.60 5447 1789
3126 -127614.47 75861.86 3527.14 1790 3660
3127 -107119.10 214583.64 3179.54 1791 3621
3128 -111210.36 212522.82 3136.37 7191 1791
3129 -161574.56 93291.34 3564.95 3040 1792
3130 -162674.49 94974.34 3571.96 6113 1792
3131 204068.80 231526.10 3549.45 2401 1794
3132 -151051.42 -28105.39 3036.74 6361 1795
3133 188168.56 -69994.60 1043.61 1796 2573
3134 187633.36 -66970.77 1786.67 2978 1796
3135 154517.69 22034.18 3397.58 2000 1797
3136 155458.18 23158.16 3248.47 1797 2797
3137 152665.80 22903.05 2909.17 5060 1797
3138 155529.44 24228.26 3454.60 1797 6027
3139 -127511.97 -106686.03 816.50 1798 5025
3140 56995.06 112081.11 3457.17 2024 1799
3141 50859.28 108884.10 3348.24 1799 2900
3142 125024.11 -61473.31 1476.82 1800 4330
3143 124159.17 -65631.84 1178.85 1800 5183
3144 122312.54 -63515.89 1461.39 1800 5699
3145 -113590.05 -181423.56 306.88 5784 1801
3146 -204235.47 -76416.77 3713.84 4161 1802
3147 -206644.51 -75317.86 2958.84 1802 6111
3148 40515.98 84373.54 3080.25 1803 4502
3149 37990.07 84436.13 3201.69 5382 1803
3150 45512.06 -256044.03 329.92 1804 6174
3151 8738.87 239506.60 3496.97 1805 5696
3152 12387.92 240316.60 3550.38 1805 6775
3153 89410.61 109896.14 3287.58 1807 1915
3154 87724.66 108457.32 2994.40 4659 1807
3155 89626.17 106367.28 3082.18 4712 1807
3156 72776.88 -152321.65 298.81 1808 4464
3157 71642.86 -155472.39 376.99 5996 1808
3158 247.11 167217.89 3460.69 1809 3674
3159 1731.95 168409.86 3168.95 1809 3777
3160 -252888.03 -101488.05 1760.01 1810 6722
3161 -198068.43 -79346.70 3580.37 3935 1812
3162 -198802.71 -79166.70 3069.07 1812 4765
3163 -199650.17 -77489.59 3430.97 1812 7070
3164 124136.72 247294.45 3254.76 1814 3417
3165 -109438.49 -15404.70 2969.77 4546 1815
3166 -70788.08 -65872.72 1226.15 1816 2722
3167 -72295.75 -61106.96 1511.61 4453 1816
3168 -234783.33 -7821.93 3037.96 3871 1817
3169 -235167.82 -9541.35 3014.60 3994 1817
3170 53684.92 -118965.76 1344.65 3383 1819
3171 52697.13 -116743.79 1392.69 1819 6988
3172 -267214.11 163684.08 3498.84 5018 1820
3173 -246716.17 -66407.04 2902.15 3571 1821
3174 -248931.34 -65627.47 3038.14 1821 3830
3175 -247327.40 -67928.66 3000.67 1821 4908
3176 -65556.27 3837.95 2881.09 3672 1823
3177 -64983.51 4854.18 3198.26 1823 5054
3178 246396.52 178071.41 3754.62 1893 1824
3179 104289.91 269360.90 3593.20 3612 1825
3180 105970.72 269019.22 3433.93 1825 4154
3181 28378.70 161817.90 3258.53 1827 1944
3182 34390.14 20373.51 3323.46 3461 1829
3183 32886.47 22515.99 3344.22 1829 6924
3184 -189178.01 35401.89 3604.39 1830 3451
3185 68747.48 161267.46 3570.11 3678 1831
3186 -224204.84 267136.82 3500.02 2556 1832
3187 -225812.67 268887.25 3178.79 1832 3936
3188 249308.03 192843.69 3258.73 1833 2338
3189 249518.18 190971.89 3480.23 7084 1833
3190 191360.03 75465.06 3438.55 1835 7093
3191 -215374.23 53001.54 3230.19 1925 1836
3192 -216074.20 56323.04 3129.57 4460 1836
3193 -105595.03 216811.94 3377.81 1837 3621
3194 -103718.80 218123.15 3333.07 4929 1837
3195 127896.08 212753.80 3440.90 2724 1838
3196 -140530.82 -213190.41 655.17 1939 1839
3197 -140048.74 -210208.40 172.45 5237 1839
3198 -139095.79 -210515.45 621.08 1839 5590
3199 -61058.82 142851.62 3559.92 1840 2867
3200 -62807.76 140984.23 2984.52 6930 1840
3201 190339.53 176794.58 3159.54 2403 1845
3202 -5259.55 143650.59 3352.80 4671 1846
3203 -7468.28 144751.03 3250.63 1846 6077
3204 -6253.35 145608.06 2907.47 6529 1846
3205 -106278.77 25336.12 2679.42 1847 3140
3206 -253315.62 234737.16 3798.44 3916 1848
3207 70923.29 259372.54 3660.86 3508 1850
3208 -67987.04 150920.83 3051.05 2576 1851
3209 47236.49 265943.74 3391.31 2969 1852
3210 32248.45 -68305.34 1879.37 1853 4605
3211 34831.93 -67160.80 1914.49 1853 5728
3212 33345.22 -66431.82 1910.40 6691 1853
3213 -15839.32 -106786.44 1106.89 5721 1854
3214 -20112.47 -104760.15 1494.98 1854 5999
3215 146942.10 -156426.75 402.64 4284 1855
3216 38460.92 5736.24 2973.34 1856 2690
3217 38131.54 2346.88 2960.01 1856 7010
3218 242852.04 210468.23 3545.75 1857 2274
3219 241774.99 208835.27 3558.78 1857 6445
3220 -218457.38 89661.20 3337.56 2090 1858
3221 162672.85 95414.27 3920.01 1859 2116
3222 160915.32 97213.65 3841.91 1859 3242
3223 -156713.20 -175971.18 723.51 1860 2428
3224 -156747.34 -174305.88 720.60 1860 3416
3225 -157764.25 -175575.05 703.33 1860 4382
3226 28487.77 5176.01 3005.89 3729 1862
3227 106802.19 216258.73 3474.75 1863 3578
3228 105078.59 218367.95 3482.29 3941 1863
3229 -231706.61 77039.53 3432.63 1864 2806
3230 -22597.06 62520.79 3227.95 1865 6508
3231 -25455.01 60046.34 3307.73 1865 7029
3232 -25816.94 62797.56 2872.83 7032 1865
3233 -185809.25 209949.15 3396.31 1866 3510
3234 -187550.52 212350.13 3604.90 1866 4901
3235 -18672.60 106979.49 3252.14 2863 1867
3236 -16555.02 107032.29 3277.80 3238 1867
3237 -198775.94 224088.00 3509.08 2907 1868
3238 -185983.78 -112888.00 1392.01 2059 1869
3239 -186429.90 -110047.87 1433.53 6422 1869
3240 -106075.87 -77494.43 2651.54 1870 3288
3241 -106801.78 -77721.78 2575.12 1870 3659
3242 -235946.73 -4967.58 3243.55 1871 4491
3243 -235583.13 -5377.06 3151.94 6813 1871
3244 -69790.26 25673.38 3240.74 1872 5335
3245 -68705.19 28185.00 3338.62 7170 1872
3246 62975.80 263692.57 3700.29 6377 1873
3247 116496.85 -666.91 3261.10 2745 1874
3248 114197.74 -2478.89 2987.98 3442 1874
3249 233255.86 62491.80 3146.73 4656 1877
3250 233313.87 65911.20 3460.76 6650 1877
3251 182804.21 140435.32 3559.26 2729 1878
3252 185867.40 140202.81 3533.32 3060 1878
3253 208095.83 8737.41 3006.17 2627 1879
3254 209406.12 10786.59 3194.76 1879 5256
3255 168184.23 135909.55 3608.65 1880 2054
3256 163933.60 134310.73 3592.92 2767 1880
3257 165968.85 133838.01 3498.11 6001 1880
3258 162251.80 147199.28 3529.34 5273 1881
3259 -36240.95 20243.71 2924.37 1882 5940
3260 -36154.19 18477.82 2807.74 1882 6776
3261 -70548.53 154802.72 3378.27 1883 3249
3262 -71548.20 151596.41 3377.62 4380 1883
3263 8779.65 152182.02 3401.36 6144 1884
3264 212717.29 226124.43 3496.82 3604 1885
3265 -203147.56 241339.47 3340.20 1886 3153
3266 -214095.13 -80790.74 3289.24 2995 1887
3267 -211341.92 -82107.19 3452.73 4143 1887
3268 41985.61 -63572.88 2749.22 6442 1889
3269 41502.84 -63273.05 2766.00 6485 1889
3270 129113.65 -57922.76 2041.61 1890 1940
3271 127297.90 -57325.42 2332.69 1890 2400
3272 129286.23 -56188.57 2333.80 3146 1890
3273 -211220.29 109910.95 3637.90 1891 2129
3274 -84632.65 -64557.00 2751.99 3992 1892
3275 -85818.73 -67750.88 2079.26 6753 1892
3276 -226154.17 -5328.18 3169.81 3320 1894
3277 156112.24 -153343.78 617.88 1895 5285
3278 156514.53 -153489.84 620.16 1895 5361
3279 -198422.08 78114.41 3733.66 1896 3587
3280 -265196.05 100477.18 3506.53 1897 3536
3281 4787.17 7621.50 4525.42 7048 1898
3282 -120788.21 -72830.98 2825.34 2404 1899
3283 -118997.43 -73338.92 2899.56 1899 4244
3284 -1538.04 187073.04 3410.98 2053 1900
3285 -3402.79 184491.76 3385.24 1900 3593
3286 -224180.55 10147.02 3126.05 1901 4192
3287 -222345.88 10974.88 3354.81 5895 1901
3288 -201153.22 -181442.00 281.65 1903 4194
3289 -201566.86 -178133.59 714.28 6448 1903
3290 -202103.61 -179877.04 447.02 1903 7151
3291 30353.41 62884.91 3593.23 3584 1904
3292 28200.68 63099.61 3329.60 1904 5269
3293 48881.86 -8886.78 3235.08 1905 6444
3294 48882.26 -9908.68 3244.14 1905 6506
3295 -143771.39 68349.12 3464.83 1906 2572
3296 -190775.18 84481.02 4020.22 3177 1907
3297 -192295.33 83770.35 4189.21 1907 3313
3298 182052.52 222001.36 3402.47 1908 4612
3299 -172383.47 -138507.88 1152.50 6677 1909
3300 -170224.95 -138053.86 1162.78 1909 6929
3301 67230.23 62200.81 2732.70 5496 1910
3302 68694.09 62078.61 2751.71 5529 1910
3303 -133914.79 -27905.68 3360.01 4692 1911
3304 -94606.86 9553.79 2729.16 1912 5837
3305 -95627.75 11150.59 2402.05 1912 5994
3306 -209155.70 139770.74 3298.48 1913 2402
3307 -209124.77 142000.88 3279.35 4545 1913
3308 -208113.16 141145.94 3152.12 1913 6016
3309 37350.22 39757.66 3074.65 3189 1914
3310 91540.90 110814.24 3478.66 1915 4590
3311 92000.00 -56709.20 1328.23 2861 1916
3312 -182392.63 263405.86 4288.00 4882 1917
3313 -201167.03 118915.64 3420.61 1918 4201
3314 -259300.54 -66641.65 3105.41 1920 5578
3315 259408.98 80768.77 2548.91 2075 1922
3316 261761.37 81829.22 2512.57 1922 5053
3317 161542.24 -154675.05 629.79 3718 1923
3318 161857.06 -153782.74 806.67 5372 1923
3319 -240309.19 220907.45 3239.96 1924 5461
3320 -213588.59 49932.16 3239.61 1925 3676
3321 -91345.09 38044.78 3001.39 3983 1926
3322 -121576.45 85988.56 3172.74 4058 1927
3323 -120281.31 87422.55 3228.59 6880 1927
3324 -77475.19 231394.37 3312.32 1928 2681
3325 -75686.95 232266.45 2950.20 4844 1928
3326 -77079.47 234605.53 3220.23 7163 1928
3327 162341.25 100171.58 3636.10 3242 1929
3328 164429.31 101243.98 3651.76 1929 4198
3329 127304.67 -136578.58 925.32 1930 3905
3330 -120719.32 -37251.41 3053.04 2499 1931
3331 -120555.47 -39329.43 3121.05 3001 1931
3332 -122554.44 -39187.82 3171.45 6162 1931
3333 -257611.13 97999.95 3071.74 1932 6042
3334 -129475.87 78101.86 3493.25 3660 1933
3335 57176.22 174017.38 3741.39 1934 3677
3336 53124.17 173637.07 3201.56 1934 3997
3337 -246349.57 145036.76 3404.53 1935 6943
3338 -141135.79 -214945.74 473.02 2590 1939
3339 -140010.47 -216666.96 269.41 1939 5484
3340 128549.88 -60700.91 1203.42 5206 1940
3341 250360.67 263896.95 3563.33 3703 1941
3342 250275.28 265017.69 3598.36 1941 5676
3343 -5987.50 -12315.01 2933.70 3166 1942
3344 -139712.49 36067.07 3075.05 3026 1943
3345 -137788.04 35590.36 3233.99 3102 1943
3346 -140931.86 34616.20 3477.87 1943 3175
3347 -139414.38 33395.96 3453.31 1943 5266
3348 31751.11 161154.53 3861.65 1944 2389
3349 -216329.49 -109884.90 1188.21 3255 1946
3350 -84704.64 34968.48 2766.80 3559 1947
3351 -85138.77 33207.72 2946.70 4880 1947
3352 -265585.81 -90459.75 2663.89 1949 4009
3353 158907.67 -154806.73 577.43 3406 1950
3354 159710.17 -155175.75 597.48 1950 4708
3355 141859.83 -146027.18 832.70 1951 3142
3356 143283.48 -147445.56 535.75 3627 1951
3357 142232.77 -146832.04 834.51 6541 1951
3358 -113452.39 -85894.43 1466.33 1952 2439
3359 -113808.83 -83243.55 1836.94 5881 1952
3360 -214912.19 162374.75 2948.23 5572 1954
3361 -212592.68 161719.11 3211.84 6871 1954
3362 -81363.97 3292.19 2957.97 1955 6317
3363 -256235.54 100144.74 3079.07 6042 1956
3364 -254595.15 99326.23 3706.23 6425 1956
3365 265564.29 88960.49 2953.53 1957 3282
3366 263213.55 86686.40 3006.33 7185 1957
3367 -128205.54 220926.89 3409.64 1959 2230
3368 -126920.03 217935.51 3439.51 1959 2691
3369 -129629.24 219127.39 3459.31 6932 1959
3370 26854.81 -44619.65 3107.37 1960 2114
3371 24908.62 -42333.37 3205.70 3786 1960
3372 26890.62 -42900.16 2846.58 1960 6075
3373 43757.13 -83940.97 1833.01 6255 1961
3374 120733.74 75601.75 3257.26 1962 2358
3375 120073.01 73843.09 2689.73 6208 1962
3376 -76689.59 -129068.04 1184.03 2081 1963
3377 -212975.45 104742.76 3398.41 1964 3628
3378 -212604.33 103430.10 3334.29 6307 1964
3379 -211958.05 105130.37 3410.10 1964 6547
3380 60132.94 150507.32 3411.76 1966 2545
3381 60615.12 148251.55 3402.84 3100 1966
3382 63558.23 239026.15 3620.90 1969 2367
3383 174136.81 -154843.20 383.80 1970 6795
3384 166122.63 103505.13 3795.82 3165 1971
3385 165447.72 102171.62 3710.75 1971 4198
3386 -259346.29 42809.42 3479.93 3334 1972
3387 177044.66 -150517.09 893.21 1973 4750
3388 -67991.49 126667.95 3251.74 2714 1974
3389 216558.49 -25549.66 2748.72 1976 2157
3390 -153739.87 -186932.95 366.69 2264 1977
3391 -153716.20 -185483.53 368.86 1977 2431
3392 40369.10 -89971.38 1670.04 1979 2827
3393 37334.07 -88306.47 1624.36 1979 5897
3394 230097.20 194955.70 3496.56 2149 1982
3395 231634.03 197607.07 3615.83 4434 1982
3396 -241845.26 248102.50 3888.81 4665 1983
3397 -240177.45 246609.81 3277.24 5861 1983
3398 -252220.25 -178082.94 859.86 1984 2505
3399 -251249.21 -176628.02 864.43 1984 2897
3400 -156830.95 -179593.41 492.55 4026 1985
3401 -158048.20 -179099.09 578.64 1985 4212
3402 -157314.88 -178725.71 598.27 5509 1985
3403 -265305.12 -55406.77 3110.82 2989 1986
3404 68152.21 6589.42 2627.70 4091 1988
3405 69323.89 6623.03 3187.33 1988 4801
3406 -86098.98 -60941.57 2910.58 2856 1989
3407 -84520.29 -60418.77 2787.34 6060 1989
3408 -43173.15 167207.22 3416.92 3483 1990
3409 -174915.53 230828.60 3657.84 2456 1991
3410 -172671.34 231100.12 3212.78 1991 6008
3411 -72417.19 -14166.99 3023.25 3864 1992
3412 -73079.88 -13794.44 3011.95 1992 4122
3413 203247.93 -144951.98 465.40 1993 3952
3414 202874.08 -143839.77 868.73 1993 5041
3415 200607.02 -145443.59 729.50 5750 1993
3416 -134847.10 -69733.05 2985.41 6566 1994
3417 49346.42 265780.51 3514.63 4729 1995
3418 144171.16 -57399.77 2936.50 2352 1996
3419 143937.56 -58364.82 2973.65 1996 2372
3420 -253729.30 -77570.43 2934.61 2065 1997
3421 -252854.31 -80188.01 2912.14 1997 2161
3422 -35969.86 -137582.76 830.02 1998 3181
3423 -39520.94 -138468.04 571.69 4966 1998
3424 -183409.92 118974.34 3725.34 6071 1999
3425 158735.29 18143.56 3169.68 2000 2047
3426 153243.83 16974.70 2780.21 2000 3345
3427 178044.00 137603.47 3370.56 2001 2924
3428 178030.85 135293.91 3431.95 4359 2001
3429 -222331.66 73695.21 3251.60 2119 2002
3430 48775.16 -112035.24 1198.32 2127 2003
3431 -247274.26 117670.75 3454.97 2004 3186
3432 -181179.26 56522.19 3003.89 2005 7025
3433 207369.97 -145375.63 366.54 2006 4640
3434 -196374.82 27285.48 2969.40 2007 2028
3435 -196667.00 30870.29 3319.12 2007 4613
3436 206103.99 267151.26 4213.26 3657 2008
3437 -27913.82 104297.60 3036.94 2010 2769
3438 -29092.20 102736.67 3015.31 2010 3990
3439 9504.44 -669.39 3708.99 2011 6152
3440 181141.83 159321.20 3137.41 3946 2012
3441 180603.19 157426.49 2866.77 4961 2012
3442 -165214.70 220742.51 3419.14 2013 2146
3443 -167412.62 225459.33 3400.90 4535 2013
3444 -18365.45 101670.00 3176.12 2016 6455
3445 -101007.81 -157806.97 549.38 2017 4920
3446 108278.86 -15096.44 3106.56 5527 2018
3447 -68739.97 -1819.84 2781.08 2019 3019
3448 -70210.34 -129.31 3079.45 4170 2019
3449 -71468.71 -1995.42 2662.38 2019 5823
3450 41105.53 -54866.53 3223.21 5710 2020
3451 44696.24 -52826.21 3177.26 6342 2020
3452 -259589.27 -98174.58 2077.21 2022 6215
3453 -225004.41 121481.80 3492.96 2023 5690
3454 59383.52 113318.98 3463.51 2024 2807
3455 58351.21 111128.75 3079.65 2024 5058
3456 -169092.23 217918.11 3047.82 4885 2025
3457 181100.27 244624.53 3366.13 6641 2026
3458 -140479.66 -97740.65 2211.65 2029 2462
3459 162083.57 221103.53 3458.08 2030 6500
3460 164134.86 31122.71 2723.85 5804 2031
3461 920.13 -32076.19 1908.12 2032 5802
3462 -85610.20 156829.55 3047.07 2088 2033
3463 -84091.94 157056.80 3315.41 2033 6114
3464 212708.37 13656.87 3518.08 2034 2335
3465 211922.56 12325.40 3354.18 5256 2034
3466 -149353.18 69774.48 3478.13 2035 5935
3467 234306.13 58671.26 3185.35 2036 4656
3468 234666.41 56885.85 3208.96 2036 5385
3469 13450.75 69907.63 2998.20 2037 6167
3470 14088.85 70925.61 2984.11 6748 2037
3471 -181368.49 -104753.98 1648.34 2038 3795
3472 -182636.61 -107884.08 1493.88 3986 2038
3473 -183952.66 -107476.08 1676.22 2038 6422
3474 66496.83 -105413.47 1553.64 2039 3543
3475 67108.88 -107006.33 1293.19 6723 2039
3476 69590.21 8329.16 3278.04 2040 3300
3477 70087.43 6860.32 3193.82 4801 2040
3478 33057.67 -34530.54 3231.28 2495 2041
3479 -160618.95 -107128.39 1832.52 2042 2056
3480 -162426.34 -106751.63 1835.19 4506 2042
3481 -97316.73 -156190.62 526.81 2043 3375
3482 967.14 61615.71 2657.11 3011 2044
3483 -251232.83 -163775.76 1054.27 2045 2073
3484 -220561.89 212216.39 3399.40 2046 3684
3485 184120.07 -45975.78 3064.55 5911 2048
3486 -30518.01 -51816.22 1809.99 5309 2049
3487 -30090.51 -53161.72 1687.84 6707 2049
3488 -110639.05 184797.89 3241.71 2050 2166
3489 209397.67 70244.58 3276.82 3236 2051
3490 150993.05 -96539.98 1497.67 2052 2549
3491 149266.21 -96973.68 1565.75 2052 3205
3492 149209.76 -95388.86 1189.24 3780 2052
3493 150795.43 -94956.92 750.80 2052 4682
3494 1801.03 187335.82 3492.61 2659 2053
3495 -536.83 190316.20 3394.10 7108 2053
3496 172440.14 136453.77 3612.78 5694 2054
3497 -21868.47 -39143.43 3074.39 6726 2055
3498 -158888.84 -106916.05 2011.37 6816 2056
3499 227073.40 -51671.32 2067.54 7169 2057
3500 186332.78 259851.06 3474.26 4473 2058
3501 185566.17 260802.08 3458.85 4923 2058
3502 -185010.74 -114793.92 1225.63 2958 2059
3503 -176400.89 231583.65 3679.71 2060 2456
3504 89684.79 -131873.16 1125.93 7257 2061
3505 100668.00 -35373.24 3151.57 2062 2655
3506 174894.50 -150675.91 822.39 4592 2064
3507 -255610.37 122413.77 3175.32 4339 2066
3508 -166611.65 93094.41 3359.23 2067 2267
3509 178651.22 -64947.18 2642.70 2068 3932
3510 178601.47 -66436.32 2059.42 6715 2068
3511 -67595.12 343.59 2663.63 2069 4141
3512 -67132.90 -358.08 2643.51 2069 6536
3513 -79786.90 -153296.03 452.08 2070 3405
3514 94653.77 252834.34 3837.41 2071 5493
3515 93563.96 253856.57 3861.11 6004 2071
3516 128788.45 171637.63 3004.81 2072 3838
3517 127952.87 169627.25 3360.48 6490 2072
3518 -251508.43 -161181.87 1656.64 3171 2073
3519 256866.92 79345.24 2728.04 2075 3806
3520 124042.05 -146748.11 650.49 2076 2829
3521 122753.89 -145706.79 503.10 2076 4054
3522 124021.79 -144058.21 630.51 6499 2076
3523 -23065.46 -50886.37 2587.18 2840 2077
3524 -25195.79 -52177.94 1890.11 2077 7223
3525 -157570.87 99492.96 3328.90 2078 2124
3526 -159165.03 100004.81 3357.85 6623 2078
3527 58928.90 51617.50 3234.54 2667 2079
3528 58285.56 54108.46 3296.02 2079 7245
3529 70753.46 -145102.20 355.56 2080 6407
3530 -265948.97 235392.45 3682.48 2082 2135
3531 -264260.82 237952.63 3662.10 2082 3384
3532 -266600.08 237300.75 3490.38 2082 4819
3533 -247820.88 40469.51 3447.99 2272 2083
3534 -245616.46 39986.33 2965.26 6293 2083
3535 91260.20 -135492.38 784.61 2085 3440
3536 90107.60 -134340.75 998.61 7257 2085
3537 -41804.80 16164.77 3162.27 2373 2086
3538 -40034.53 15903.59 3181.73 2086 3258
3539 210333.03 53133.76 3531.20 4522 2087
3540 86088.70 -135668.37 829.18 2089 3051
3541 87269.23 -136027.04 1030.22 4131 2089
3542 170462.67 -156240.86 375.25 2091 3681
3543 170030.25 -155659.56 397.15 5503 2091
3544 215633.63 191699.57 3340.99 2092 3179
3545 216777.14 191093.01 3249.56 4116 2092
3546 216527.33 192273.87 3446.17 5642 2092
3547 143999.11 -95353.79 1633.42 5991 2093
3548 145638.60 -96616.74 1134.84 2093 6539
3549 265607.99 -57839.25 1098.44 2963 2094
3550 267900.37 -57850.86 1480.52 5801 2094
3551 -177145.72 186366.41 3412.46 2530 2095
3552 -181943.45 191332.57 2731.41 2095 7083
3553 59547.58 210975.18 3573.92 2321 2096
3554 57926.92 210482.86 3144.44 2874 2096
3555 58629.53 213710.65 3543.45 2096 4347
3556 196219.18 221619.49 3776.46 2097 2359
3557 196996.91 220033.07 3569.99 3168 2097
3558 -186449.93 -168431.74 1171.84 3004 2098
3559 -189640.59 -168349.66 1155.70 4133 2098
3560 -54219.51 199914.65 3400.93 2446 2100
3561 -50787.36 200196.55 3234.37 2100 6956
3562 -188200.57 36722.60 3646.76 2101 3451
3563 -186659.30 35995.92 3169.34 3498 2101
3564 139953.03 248736.43 3629.30 6509 2102
3565 140759.03 250187.61 3621.48 2102 7046
3566 167042.39 -156189.90 551.61 2103 2285
3567 73754.21 3302.47 3111.04 2479 2104
3568 75485.37 2613.21 3175.77 5454 2104
3569 -25566.34 6309.00 3389.98 2105 3599
3570 71722.37 161739.86 3575.52 2106 3346
3571 72412.55 162779.52 2805.64 2106 5675
3572 76019.23 161382.58 3499.00 6555 2106
3573 -191655.85 203637.34 3538.02 2107 2374
3574 -189658.59 203240.58 3514.32 7047 2107
3575 76380.46 -52513.16 2451.87 7097 2108
3576 176128.79 52496.94 3489.96 2109 6123
3577 -179438.16 -145203.01 972.05 4676 2111
3578 -180488.38 -144193.04 1389.94 6617 2111
3579 -178660.87 -141525.48 1518.42 7139 2111
3580 -80748.27 231022.28 3479.06 2112 2681
3581 -85659.12 230243.16 3484.10 6498 2112
3582 -230861.38 103391.88 3570.54 6394 2113
3583 -31442.28 -142594.74 871.49 2115 2524
3584 -28834.96 -143048.39 864.98 2115 6429
3585 165365.86 95767.94 3984.88 3202 2116
3586 -106611.15 183793.09 3474.15 2166 2117
3587 -105174.40 181982.08 3467.03 4720 2117
3588 -115765.82 214944.60 3883.03 2118 5036
3589 -114557.47 212608.24 3357.70 7191 2118
3590 -220689.44 73134.97 3759.71 3943 2119
3591 -90168.39 -39922.33 3235.84 4996 2121
3592 -188499.20 202980.88 3335.59 7047 2122
3593 244350.60 223772.85 3636.47 4764 2123
3594 -156167.97 99644.98 3535.05 2538 2124
3595 -180899.45 102782.65 3546.63 2125 2930
3596 124087.47 -134897.64 1071.95 2126 6901
3597 51788.54 -112692.19 1184.32 2956 2127
3598 -69956.59 31475.59 2935.19 2128 6711
3599 -69323.55 30893.05 3306.12 2128 7170
3600 -198532.86 253754.93 3560.76 4138 2130
3601 -200345.86 253534.07 3388.09 4409 2130
3602 -247189.23 265857.12 3399.50 2792 2131
3603 -199615.94 32098.73 3719.09 4564 2132
3604 -88407.17 -61319.19 2959.40 2856 2133
3605 -188922.54 -165915.01 1102.68 5963 2134
3606 -267375.39 232144.04 3557.86 2135 6908
3607 42402.05 12502.19 2859.41 6513 2136
3608 81883.95 -85320.25 1314.24 2137 3381
3609 83932.35 -84947.26 1291.40 2137 4350
3610 250195.35 -88607.58 1009.52 2138 2194
3611 249160.97 -91343.31 956.91 2138 2862
3612 252109.27 -89949.93 1002.81 5922 2138
3613 -48813.33 62958.98 3118.58 2140 2308
3614 -48006.23 61699.96 2887.45 2140 6674
3615 -46678.02 62795.25 3144.23 2140 6758
3616 -241809.37 96369.55 3716.65 2141 3370
3617 -240463.77 94071.57 3240.18 6766 2141
3618 -135087.68 134896.61 3016.03 3023 2142
3619 -137402.62 134543.94 2966.66 5334 2142
3620 67492.55 229864.36 3530.09 2143 4815
3621 66374.37 230005.72 3541.76 6329 2143
3622 150142.61 95389.88 3733.18 2772 2144
3623 152349.62 94182.49 3597.83 2144 6073
3624 -87467.92 194080.16 3160.63 2145 5463
3625 -165155.85 219650.13 3460.32 2197 2146
3626 -162632.18 221210.65 3470.36 2146 4863
3627 -40257.51 51769.69 3068.91 2147 2906
3628 -38594.31 52863.53 3201.08 2147 5258
3629 10598.78 162437.50 3520.43 2750 2148
3630 16905.57 164438.47 3478.45 6675 2148
3631 230980.52 193425.81 3536.39 3259 2149
3632 63490.58 57906.13 2929.10 2497 2150
3633 63609.37 59498.85 2942.78 3432 2150
3634 -173060.31 -107678.67 1722.46 2152 2224
3635 -173216.22 -109420.03 1739.96 2152 2468
3636 171948.40 44708.47 3606.51 2153 4467
3637 169100.30 45231.59 3577.95 6811 2153
3638 147974.19 193108.39 3477.70 2739 2154
3639 149759.13 192789.13 3417.92 2154 4149
3640 -160807.95 44862.74 3353.91 2156 5010
3641 218166.22 -26579.85 3101.31 2157 2253
3642 -31723.32 -8830.19 2876.73 2158 2675
3643 -33424.84 -7993.02 2948.67 2158 3018
3644 -32625.31 -7157.11 3126.22 2158 6292
3645 -31098.95 -6862.73 2719.23 2158 7203
3646 86547.55 -89923.54 1211.38 3386 2159
3647 87905.17 -90450.03 1831.35 2159 5166
3648 48480.84 7878.93 2733.84 2160 2252
3649 46385.72 7968.73 2771.13 2160 5701
3650 -251014.00 -81452.42 2832.44 2161 5703
3651 -253247.93 -83052.97 2904.38 5855 2161
3652 -209060.31 104167.99 3994.00 3342 2162
3653 -209213.27 102681.88 3913.70 6094 2162
3654 -145766.67 -49850.26 3104.80 2163 4338
3655 -170851.56 13326.17 3494.13 2164 2302
3656 -170121.21 11519.60 2947.52 3129 2164
3657 -172212.58 11858.94 3517.52 3572 2164
3658 238782.23 -42540.74 2210.03 4694 2165
3659 -109440.35 183046.39 3398.85 2166 4100
3660 207597.88 51272.15 3323.65 2167 6900
3661 127584.42 42745.70 3568.17 2737 2168
3662 72893.32 240385.55 3765.82 2169 6629
3663 66904.71 -73129.38 1451.89 2171 4042
3664 -103179.44 22574.57 3246.73 3044 2172
3665 -105110.84 20046.47 3214.22 2172 4705
3666 -103633.92 19699.01 2479.36 2172 5511
3667 -61555.80 161284.09 3348.72 2173 5685
3668 -241517.80 -164455.99 1138.55 2174 3091
3669 -241400.35 -162102.07 1194.30 4293 2174
3670 103308.18 267966.56 3583.24 3612 2175
3671 103447.52 265858.73 3259.04 2175 5472
3672 162468.87 -76501.06 1103.82 4896 2176
3673 165533.18 -76364.43 1043.73 6397 2176
3674 102764.73 121738.02 3015.67 2177 3291
3675 -86210.74 -13556.77 3122.25 2178 2490
3676 61339.29 -101508.40 1650.25 2179 2467
3677 63331.09 -101520.33 1673.20 5606 2179
3678 -86344.16 192546.60 3194.35 5463 2180
3679 -85439.50 191138.26 3368.35 2180 6725
3680 -175159.45 75962.05 2915.40 4304 2181
3681 47365.16 101580.50 2965.98 2182 7064
3682 95778.30 104161.77 3286.66 3218 2183
3683 -269080.63 248429.69 3480.49 2184 2494
3684 -268659.21 245325.56 3512.13 4324 2184
3685 101504.10 143378.26 3330.78 2185 4533
3686 99550.73 141798.33 3313.90 6116 2185
3687 236434.10 71443.66 3166.98 2383 2186
3688 238480.58 70118.25 2911.80 2186 2938
3689 236597.15 69204.44 3145.48 4120 2186
3690 -262730.63 -170034.47 1245.00 2858 2187
3691 -259523.23 -171202.84 941.68 2187 3119
3692 -261340.98 -172008.89 1138.15 6781 2187
3693 178143.96 142204.63 3341.86 2188 4485
3694 45999.91 203633.92 3477.85 5458 2189
3695 90421.46 -44275.48 3365.81 2190 3105
3696 179035.56 -73572.43 1329.38 2191 6926
3697 89624.75 -139181.61 383.17 5023 2192
3698 90438.94 -139887.84 396.38 5656 2192
3699 89668.05 -140228.11 387.54 2192 7104
3700 -243470.87 -176206.97 835.26 2193 3658
3701 -243263.72 -176839.38 832.74 2193 6032
3702 249415.18 -86119.31 938.56 2782 2194
3703 24644.43 53946.99 3231.53 2195 2923
3704 27081.29 52401.54 3180.75 3134 2195
3705 71587.01 53805.12 2819.34 2196 3471
3706 -166860.21 218599.65 3013.95 2197 4885
3707 128805.86 -149592.17 337.40 2198 3940
3708 129519.34 -148922.88 530.00 2198 6423
3709 -208002.09 35027.33 3506.55 4713 2199
3710 -211829.92 30691.21 3401.95 6937 2199
3711 -94874.56 -22564.30 3005.01 5903 2200
3712 -92322.27 -8414.03 2781.29 2201 4809
3713 -39661.37 -148687.87 343.49 6288 2202
3714 -139387.95 49006.24 2853.92 4576 2205
3715 -138697.99 48010.90 2821.11 5132 2205
3716 -94539.82 8115.10 2738.72 2206 5837
3717 -261013.19 94757.18 3044.84 6096 2207
3718 -166966.07 22833.72 3185.95 2208 2269
3719 244539.97 221942.72 4005.20 4764 2209
3720 246336.89 219159.31 3447.42 2209 6669
3721 -139423.54 -77943.32 3062.86 2210 2669
3722 -139837.03 -79372.57 3420.91 2720 2210
3723 -131227.63 35933.77 3450.83 2211 2536
3724 -129600.22 36909.87 3527.79 4267 2211
3725 235078.05 224746.63 3749.56 5899 2212
3726 235976.31 223675.32 3485.68 6604 2212
3727 -101554.15 -162427.20 528.01 2618 2213
3728 -101587.91 -160965.89 546.41 5081 2213
3729 65699.04 -104233.21 1576.48 2214 3543
3730 65031.48 -102096.20 1760.39 2214 5606
3731 167553.99 -10936.84 3108.77 2953 2215
3732 168825.19 -9997.58 3124.51 2215 3301
3733 168669.21 -7858.45 3070.86 2215 6284
3734 31035.37 -51201.44 3228.71 2216 3308
3735 30457.97 -52458.51 3063.44 2216 5218
3736 5922.15 74053.58 3111.25 2217 2478
3737 -233800.49 266418.54 3426.80 2548 2218
3738 -232161.97 264461.44 3822.03 3652 2218
3739 250172.27 91825.64 2501.31 2406 2220
3740 -95400.44 -39230.58 2892.70 2603 2221
3741 -96159.88 -38156.74 2692.83 2221 3723
3742 -97134.54 -39923.11 2712.47 5482 2221
3743 -98359.08 -38554.27 3224.10 2221 5667
3744 -232318.60 89065.47 3486.01 5243 2222
3745 104164.11 144261.58 3316.03 2223 4533
3746 106300.24 145322.04 3241.36 4714 2223
3747 -172492.34 -104648.88 1984.45 5333 2224
3748 -211253.70 237393.70 3297.94 2226 6582
3749 -211403.56 238643.61 3255.61 7121 2226
3750 -230625.97 -5996.79 3067.28 2227 4490
3751 11729.22 -86978.56 922.65 2228 7067
3752 203064.10 -50941.12 2968.50 2229 6644
3753 -127402.39 224003.43 2998.80 4274 2230
3754 164445.57 172465.04 3274.47 5682 2231
3755 -213694.76 -19193.31 2902.81 2232 4634
3756 -213256.72 -21207.59 3375.63 2232 6502
3757 -181686.49 93128.35 3819.65 2233 4301
3758 -180637.51 92285.66 3793.14 4822 2233
3759 -159459.95 -104606.29 2619.11 3734 2234
3760 -159866.43 -103817.85 2284.77 2234 6767
3761 -33942.32 -10676.24 2978.88 2236 3018
3762 -33679.57 -13591.39 2957.99 4986 2236
3763 -63377.73 -258073.12 179.47 2237 2920
3764 -158565.78 129462.81 3419.89 7021 2239
3765 250728.92 209047.91 3660.35 2240 2498
3766 250097.75 210740.59 3583.11 2517 2240
3767 6982.52 -64488.33 1367.54 2241 3083
3768 19669.24 -27989.03 2854.72 2966 2242
3769 15952.52 -87344.89 1459.90 3404 2243
3770 13001.80 -90613.30 1154.83 7002 2243
3771 12453.10 -88535.04 928.63 7067 2243
3772 112713.58 -7544.64 2814.29 2244 3426
3773 113039.42 -10072.59 2810.10 3485 2244
3774 -230186.10 33078.97 3445.56 3337 2245
3775 265668.28 -112118.92 875.06 2954 2247
3776 -253769.54 104078.10 2620.75 2299 2248
3777 -253602.13 100065.42 3981.07 2248 6425
3778 254202.00 -56189.66 1261.47 6640 2249
3779 -69089.04 -14526.33 2940.41 2250 6706
3780 -68871.89 -13053.68 2766.28 7052 2250
3781 21811.74 234344.18 3466.56 3778 2251
3782 51082.62 7877.93 2975.37 2252 2684
3783 222492.67 -25389.49 3030.77 2253 5605
3784 77916.45 160551.98 3532.08 2254 6555
3785 82516.83 162256.73 3118.79 2254 7176
3786 18694.42 236035.59 3301.96 2255 2493
3787 15886.24 240233.01 3228.29 2255 3893
3788 101542.79 17065.25 3009.29 2838 2256
3789 102732.31 16700.76 3050.80 2256 6294
3790 214910.51 81909.88 3037.93 2257 3046
3791 218791.84 81754.97 3011.43 6577 2257
3792 202312.60 153717.10 3455.94 2258 3274
3793 -231881.41 11930.94 3295.71 4331 2259
3794 -202778.93 -73713.17 3266.27 3352 2260
3795 52436.23 2353.60 3069.14 2261 5083
3796 52661.93 1217.58 3471.20 2261 7099
3797 -25606.98 28937.05 3309.29 2262 6553
3798 9405.63 -6183.19 2044.21 2263 4320
3799 -152705.94 -188414.64 153.31 2264 3690
3800 -153487.49 -188943.64 271.34 2264 3927
3801 145313.20 -55758.24 2941.56 2352 2265
3802 146669.04 -56225.47 2945.43 2265 4354
3803 -138494.33 30857.96 3426.61 2266 5266
3804 -139286.70 29297.79 3119.82 2266 5358
3805 -168472.18 93881.52 3895.36 2482 2267
3806 -167718.84 94864.00 3932.67 2267 3213
3807 161117.21 -136767.26 1153.82 2761 2268
3808 159074.37 -137301.56 1158.91 2268 6980
3809 -163831.95 25042.18 3546.26 2269 3338
3810 47635.63 220614.13 3277.25 2270 3670
3811 43896.68 220323.61 3260.70 2270 6511
3812 -193094.66 83076.37 3508.17 2271 3313
3813 -248637.81 40896.54 3428.08 3712 2272
3814 -132968.73 -100160.27 1604.60 6173 2273
3815 243880.09 211066.62 3544.97 2274 4497
3816 241808.85 211973.33 3048.48 2274 5391
3817 69941.42 253383.74 3448.88 6417 2275
3818 23680.33 75373.46 3174.48 5109 2276
3819 -10022.86 -15896.60 3014.73 2752 2278
3820 -8467.36 -13551.32 2954.46 3166 2278
3821 -94068.11 -36514.20 2763.55 2279 3462
3822 -95389.09 -36922.26 2715.73 2279 3723
3823 -70713.33 -124252.62 1278.65 4124 2280
3824 -72706.21 -123905.01 1580.56 6104 2280
3825 11862.96 -79031.01 1241.22 3203 2281
3826 58856.84 -102881.34 1745.69 2282 2516
3827 59630.42 -104754.26 1532.20 3961 2282
3828 250267.58 269136.02 4174.08 2435 2283
3829 252080.81 269214.06 3377.03 2283 6218
3830 -168713.13 147463.11 3517.60 6608 2284
3831 168612.47 -156053.82 836.15 4638 2285
3832 62107.60 -64597.91 1534.47 3310 2286
3833 63251.36 -63073.31 1871.33 2286 5274
3834 240845.92 48888.73 2783.88 2424 2287
3835 243451.31 47325.32 2842.63 2287 2747
3836 230640.79 51527.96 3292.62 5890 2288
3837 232155.36 51353.36 3277.91 5917 2288
3838 101340.66 251861.06 3716.83 2289 3574
3839 190847.42 -33778.23 3033.07 2595 2290
3840 188455.43 -35174.81 2757.29 6554 2290
3841 -208368.34 190971.32 3288.18 2291 3031
3842 -205367.27 190849.43 3288.24 6220 2291
3843 -31590.55 -51124.81 1699.02 5309 2292
3844 90921.79 49647.79 3031.71 3278 2293
3845 -101003.12 -34655.26 3065.90 5412 2294
3846 -216208.10 206329.90 3313.92 4328 2295
3847 -80840.38 16714.97 3133.42 2879 2296
3848 -81364.73 15685.84 3043.30 3497 2296
3849 -82461.49 16209.01 3115.94 2296 4709
3850 -238964.51 73151.72 3277.06 5416 2297
3851 -241512.62 71210.66 3307.85 6304 2297
3852 103790.45 261150.01 3535.13 2298 7030
3853 -140895.30 -91643.87 3236.28 2887 2300
3854 -137909.23 -92135.25 2898.20 3851 2300
3855 -249395.74 -97850.55 1778.99 4456 2301
3856 -249778.80 -95369.98 2174.79 2301 6484
3857 -169989.72 13596.45 3451.88 6839 2302
3858 31348.54 244883.06 3338.94 3250 2303
3859 29251.07 244526.34 3406.58 2303 3547
3860 31247.42 248559.04 3408.41 5874 2303
3861 40519.87 13608.37 3462.00 2304 6513
3862 -245715.51 259172.14 3596.55 6469 2305
3863 250967.89 93595.41 2911.97 2406 2306
3864 113445.93 -6182.66 2960.85 3426 2307
3865 114436.68 -3886.04 3008.00 2307 3442
3866 -51598.64 63011.55 3212.75 2308 2965
3867 151846.37 -160101.42 347.73 2760 2311
3868 153227.96 -159206.14 245.98 3487 2311
3869 150979.84 -158727.04 173.87 5343 2311
3870 151671.55 -156557.91 615.48 2311 6470
3871 -255152.27 -85860.16 2838.11 3047 2312
3872 -254067.44 -85504.11 2570.04 5951 2312
3873 -253736.01 -86426.51 2836.53 2312 6874
3874 188855.88 -10328.95 3518.46 2313 2368
3875 187035.89 -9186.73 3512.24 3276 2313
3876 -145921.92 -67783.69 3136.42 2588 2314
3877 -115744.06 -168032.12 845.32 2315 5495
3878 -114153.97 -168852.63 825.04 2315 5753
3879 -251790.05 -108606.00 1215.73 2316 3486
3880 -251651.96 -108800.47 1218.44 2316 3711
3881 -261860.31 80664.03 3557.60 4317 2317
3882 -262588.70 79124.19 3301.81 6531 2317
3883 53756.40 -19456.40 3061.63 2318 5516
3884 53611.12 -21010.48 3291.68 2318 5616
3885 -19937.96 67606.05 3059.95 3938 2319
3886 166374.69 96677.38 4006.80 2320 3202
3887 60162.05 210020.49 3747.17 2321 2615
3888 148863.20 -6836.88 3134.38 2322 5470
3889 145507.24 -6112.08 3172.97 2322 5943
3890 210745.44 257400.88 3289.86 2323 3779
3891 75402.56 48280.65 2982.82 2416 2327
3892 76803.69 46640.76 2954.27 3353 2327
3893 78305.89 48894.38 2762.83 2327 4889
3894 50668.98 171970.81 3219.01 3997 2328
3895 261901.25 247957.78 3546.42 3379 2329
3896 -62483.24 187258.59 3346.20 2330 3262
3897 -65030.00 187567.66 3606.61 6380 2330
3898 177454.77 96085.66 3394.72 5059 2331
3899 173910.54 97177.00 3519.27 7179 2331
3900 41952.82 68632.28 3430.95 2332 4249
3901 72519.64 -121024.76 1444.99 2333 2799
3902 214100.28 14517.08 3307.22 3369 2335
3903 -5102.37 178058.81 3654.66 2337 2974
3904 -1465.26 171516.75 3732.48 5754 2337
3905 3842.60 125721.69 3375.18 2469 2339
3906 189351.51 178484.32 3604.17 2403 2340
3907 83031.16 -100361.43 1756.69 6854 2341
3908 9701.84 -18739.20 1819.10 2344 4632
3909 35934.78 82998.38 2542.85 4260 2345
3910 34683.69 82007.22 3187.77 6020 2345
3911 -219206.42 76753.26 3524.28 3987 2346
3912 -217316.79 79795.97 3473.98 2346 4175
3913 80263.86 234195.74 3543.01 2347 2695
3914 80176.14 231334.98 3479.72 6899 2347
3915 -124455.47 65833.62 2861.62 2348 4623
3916 125044.66 29577.94 3310.11 5778 2349
3917 20112.89 -38681.28 2725.13 2721 2350
3918 -18876.07 -44286.11 3364.59 2518 2351
3919 -15356.73 -43623.48 3217.94 2351 4711
3920 -95632.42 206345.19 3429.92 2354 2594
3921 183958.40 -5057.38 3096.14 2355 2440
3922 184220.70 -3289.77 3503.69 4144 2355
3923 185288.32 -4433.01 3424.27 6195 2355
3924 138187.28 -45805.56 3376.77 3150 2357
3925 115749.48 114065.38 3484.78 2360 5080
3926 -61642.20 151271.87 3169.17 2361 5925
3927 224439.45 -52486.47 1864.56 2480 2362
3928 225241.01 -51239.00 2060.96 7169 2362
3929 -269118.21 202606.19 3770.07 7131 2364
3930 -176732.16 17997.33 3415.98 2365 3600
3931 -178153.62 16672.36 3379.72 2365 5122
3932 200152.97 253351.38 3545.39 4518 2366
3933 258959.62 -68984.62 808.08 3581 2369
3934 -138244.16 47319.36 3029.69 5132 2370
3935 -136591.51 46247.83 3176.70 5892 2370
3936 -153927.62 -54814.29 3037.13 2371 7114
3937 -42938.41 15080.19 3189.70 4280 2373
3938 -44253.79 17946.15 2921.50 5661 2373
3939 -73556.85 -60024.81 2510.07 3753 2375
3940 -74646.75 -59224.89 2497.21 5105 2375
3941 -192640.31 -100977.35 1791.38 2376 2509
3942 -194009.59 -101629.50 2129.99 2376 3204
3943 -194531.51 -99965.29 1959.13 2376 4762
3944 30632.48 52919.32 3006.58 2377 5847
3945 140292.29 -49072.49 2931.75 2378 3655
3946 139584.86 -48676.55 3033.98 4641 2378
3947 -153626.44 148862.61 3099.29 2379 4589
3948 -152136.04 149355.91 3024.35 5678 2379
3949 11392.10 77643.65 2839.81 2591 2380
3950 -221568.74 -177131.52 617.86 2381 2960
3951 -221602.49 -175197.61 854.52 2381 4802
3952 -222812.68 -176790.08 667.82 2381 6443
3953 -99084.11 1755.24 3339.87 5789 2382
3954 237757.44 75265.17 3154.50 2383 7058
3955 -198960.37 -122970.08 1076.00 2635 2385
3956 166171.48 104812.48 3898.98 2386 3165
3957 165924.72 107307.59 3858.20 2386 3243
3958 84548.48 234304.15 3640.35 2695 2387
3959 86989.98 233120.25 3932.14 2890 2387
3960 86666.13 235853.14 3762.28 6864 2387
3961 -213138.34 236848.12 3286.40 6582 2388
3962 32704.45 158644.30 3682.05 2389 5439
3963 33497.51 160818.07 3813.14 2389 5983
3964 32089.27 159754.51 3576.08 2389 6133
3965 89359.65 -88881.06 1633.21 2943 2390
3966 88691.69 -90056.83 1932.47 5166 2390
3967 160420.41 -145603.85 722.65 2391 2715
3968 86080.47 -90754.40 1189.77 3386 2392
3969 84979.02 -92619.58 1260.29 7235 2392
3970 95879.65 214274.32 3111.17 4773 2393
3971 161334.16 163808.71 3497.59 4092 2394
3972 265310.87 -64217.33 1275.24 2949 2395
3973 265244.11 -68339.15 1247.88 5751 2395
3974 -265971.70 95110.71 3422.45 4964 2396
3975 -170726.96 94983.25 3433.43 2397 2482
3976 -170698.21 97278.74 3204.07 2397 4205
3977 -241528.20 -70680.08 3142.46 2602 2399
3978 -239841.72 -69218.90 3157.73 2982 2399
3979 125169.71 -55604.61 2608.12 5756 2400
3980 205098.75 228423.66 3737.31 4397 2401
3981 188153.48 176468.63 3319.30 2403 4842
3982 -123086.34 -73157.23 2865.13 4803 2404
3983 -98612.62 -102985.65 1153.21 3895 2405
3984 -98341.49 -101579.12 1112.52 2405 5932
3985 79586.97 -84286.19 1799.27 6507 2408
3986 -101693.15 31018.12 3057.67 5792 2409
3987 77753.09 -85153.97 1806.57 6507 2410
3988 76844.59 -84384.07 1715.69 2410 7042
3989 -187726.48 -177883.11 769.32 4360 2411
3990 -188438.03 -175615.97 947.34 4807 2411
3991 159083.11 134203.84 3025.63 2412 5507
3992 159223.63 132789.26 3314.94 2412 7173
3993 -83391.28 -24953.98 3166.80 5490 2413
3994 130268.31 34467.95 3213.20 3061 2414
3995 128677.77 33886.34 3013.94 4477 2414
3996 129177.31 31503.23 3249.69 2414 5778
3997 -76189.43 209307.67 3085.93 5681 2415
3998 73781.79 51875.20 3040.30 3747 2416
3999 16130.67 80453.49 3283.56 2417 4860
4000 17166.60 81898.80 3438.14 5497 2417
4001 100927.14 256769.82 3520.25 4793 2418
4002 101923.25 258378.44 3567.11 7030 2418
4003 -260879.87 133961.82 3197.86 2419 3807
4004 -259386.78 134740.77 3418.77 2419 6935
4005 -199258.29 267841.25 3534.60 5722 2420
4006 263762.44 187275.71 3130.12 4930 2422
4007 -213726.09 267432.21 2937.10 3293 2423
4008 -213202.32 266074.67 3316.00 2423 5944
4009 -212027.80 266522.41 4057.37 2423 7050
4010 239774.26 50743.14 3345.94 2883 2424
4011 239663.09 48828.44 3121.32 2424 4596
4012 70267.53 59970.76 3065.02 2425 5205
4013 69680.38 61623.96 3074.81 5529 2425
4014 -250127.25 -114635.16 1430.87 2600 2426
4015 -252358.58 -114837.39 1438.61 2426 5423
4016 92330.45 260734.58 3422.35 6239 2427
4017 89936.52 259313.76 3514.05 6656 2427
4018 -155060.12 -176868.00 650.48 3616 2428
4019 -156328.18 -176628.29 776.21 2428 5509
4020 -263868.91 136641.15 3598.06 2429 4678
4021 -264359.51 133159.17 3570.25 6468 2429
4022 -146089.77 72357.08 3648.50 5016 2430
4023 -146633.29 69952.29 3506.70 5935 2430
4024 -151237.64 -184536.63 358.68 2733 2431
4025 142458.26 -51432.36 3024.95 2432 4413
4026 143041.83 -49656.69 3047.38 4435 2432
4027 143329.16 -50953.06 3004.25 2432 6667
4028 -147896.17 -174945.72 977.32 2433 4851
4029 -146100.28 -175849.18 1023.93 2433 5351
4030 -20521.01 -243481.10 440.79 2459 2434
4031 -15738.95 -246103.41 402.00 5214 2434
4032 248299.00 269463.95 4148.76 3409 2435
4033 -140520.20 78770.43 3162.59 3286 2436
4034 -50035.88 59053.39 2659.28 3701 2438
4035 -49194.60 60450.54 2863.75 6674 2438
4036 182148.63 -6982.57 3063.96 2454 2440
4037 -211239.44 -161157.79 850.34 2441 2570
4038 -210153.85 -159099.44 855.61 4912 2441
4039 63523.74 268804.77 3571.79 6857 2442
4040 -12259.24 6373.61 4025.23 2443 2819
4041 -14633.89 6328.24 3902.05 6845 2443
4042 254866.47 265466.42 3822.40 3801 2444
4043 252683.24 265995.83 4115.63 5676 2444
4044 253514.43 267744.21 3403.45 2444 6218
4045 41284.27 -37152.32 2858.27 4286 2447
4046 -148921.01 158878.37 3053.83 2448 2753
4047 -150308.59 156924.95 3179.34 2448 6728
4048 241428.57 -42100.03 2282.67 4391 2449
4049 241043.62 -41101.56 2304.23 2449 6710
4050 -136794.95 28162.00 3152.23 2450 7207
4051 -227730.97 262208.98 3799.18 2451 4538
4052 -225396.56 262071.98 3785.74 2451 4827
4053 -226922.32 261052.86 3411.48 2451 6207
4054 22840.52 13412.92 3069.65 2452 2555
4055 24567.64 13147.30 3019.66 2452 3821
4056 -70835.24 832.51 3035.67 2453 4170
4057 -73337.09 499.92 3082.66 2453 7267
4058 179107.27 -8148.94 3090.00 6941 2454
4059 61684.86 126015.31 3383.04 2455 4111
4060 -176554.63 229449.33 3640.06 2456 2539
4061 215929.86 163251.66 3547.52 2457 5776
4062 -64775.40 9695.00 3442.02 2458 2492
4063 -66405.85 10075.43 3275.30 3889 2458
4064 -66418.69 8404.65 3199.22 2458 4981
4065 -25214.39 -243729.76 398.09 2459 3121
4066 -25052.96 -245432.23 357.88 2459 7007
4067 -86077.25 214707.36 3424.26 4826 2460
4068 -85443.22 216499.19 3107.22 2460 5680
4069 44294.74 -102056.77 1409.04 2461 2666
4070 41597.26 -102984.88 1434.96 2461 6337
4071 -241128.75 249301.64 4061.39 2463 4665
4072 257399.82 -89880.77 884.40 2810 2464
4073 258446.70 -88413.39 919.02 2464 5085
4074 256248.11 198148.67 3641.08 3397 2465
4075 163293.53 47829.10 2956.86 2466 5556
4076 159640.75 47857.89 3616.23 2466 6453
4077 59689.65 -101040.04 1895.38 2516 2467
4078 -172760.15 -111695.28 1800.03 2468 2533
4079 -171539.74 -113083.16 1439.29 4769 2468
4080 5558.07 126624.17 3473.00 2469 3939
4081 2970.64 127494.04 3810.49 2469 5545
4082 -69276.41 208167.40 3496.76 2470 5124
4083 -44029.98 168605.34 3078.57 2471 3483
4084 -45697.62 168073.17 3093.34 5225 2471
4085 -52044.89 51921.55 2900.35 2472 6156
4086 102773.34 246634.13 3601.01 5900 2473
4087 175750.76 51337.23 3280.76 6123 2474
4088 170609.70 -38641.31 3289.71 2475 3360
4089 168699.73 -41672.00 3115.29 4062 2475
4090 170028.92 -41593.90 3362.88 5101 2475
4091 4857.59 74443.32 2944.63 2478 4429
4092 71542.81 2924.42 3133.60 2908 2479
4093 72971.69 2010.76 3158.13 5891 2479
4094 -158072.11 -101326.80 2918.20 2481 2794
4095 -156579.73 -100627.14 2746.27 2481 6436
4096 -157233.11 -102539.52 2727.46 6949 2481
4097 -170075.33 93458.16 3833.45 5383 2482
4098 -49782.17 221395.55 3184.16 6770 2483
4099 250237.13 257124.36 3563.59 3459 2484
4100 247815.65 256158.09 3632.37 4401 2484
4101 152464.78 -2160.06 3084.38 2485 4631
4102 153311.86 -130.40 3403.89 6379 2485
4103 154379.89 -2299.50 2968.41 2485 6922
4104 228712.43 -133261.73 647.05 2486 2770
4105 227107.13 -132583.35 597.70 2486 3317
4106 149985.21 191258.56 3218.92 4149 2487
4107 -14493.15 72119.28 3323.01 3138 2488
4108 -15674.24 70255.96 3265.21 4468 2488
4109 -14594.84 69921.88 3522.95 2488 6431
4110 -67252.84 -62316.63 1842.14 2489 5840
4111 -67943.32 -61680.12 1833.27 2489 5970
4112 -85946.39 -16128.45 3071.02 2490 4519
4113 -14557.34 98530.86 3329.61 2491 3467
4114 -15765.98 99234.00 3173.08 3822 2491
4115 -14732.69 100665.75 3365.29 2491 5027
4116 -62763.17 8854.27 3430.16 3917 2492
4117 20863.76 233718.37 3518.74 2493 3778
4118 -268386.53 249561.31 3411.54 3234 2494
4119 31082.77 -34850.86 3326.35 2495 4069
4120 171341.72 -157511.85 333.65 3681 2496
4121 5349.87 53187.72 3284.24 2500 2670
4122 4439.05 56640.92 3108.45 4227 2500
4123 5896.01 56178.33 2750.92 2500 7246
4124 59113.26 -46937.82 3141.32 2990 2501
4125 60434.03 -46853.15 3373.28 2501 4857
4126 59861.62 -48764.68 3177.54 5151 2501
4127 -227548.02 258288.71 3601.21 2502 2607
4128 -227864.58 257036.24 3601.92 6931 2502
4129 -112995.57 -170909.32 499.49 2504 6918
4130 -255521.97 -177655.44 900.93 5306 2505
4131 -252679.37 -178492.83 781.26 2505 5913
4132 -196511.48 -57548.68 3127.38 2506 2625
4133 -197446.94 -60628.13 3377.68 3434 2506
4134 207354.26 256719.40 3923.46 3934 2507
4135 205519.10 256521.92 3922.83 2507 4617
4136 -58919.67 -132549.51 770.27 2508 5768
4137 -57157.07 -131704.81 1155.54 6372 2508
4138 -190133.28 -100967.49 1797.49 2509 6240
4139 -13166.30 69224.10 3054.13 6431 2510
4140 157818.74 215214.81 3680.56 2511 3324
4141 116812.26 -33579.14 3027.93 2512 2701
4142 136959.92 53138.29 3578.18 5365 2513
4143 135438.34 52267.14 3057.84 5481 2513
4144 158694.61 -145707.91 1129.97 2715 2514
4145 157727.31 -142965.89 1289.75 2514 5210
4146 158092.56 -146236.51 1174.68 5928 2514
4147 -246829.57 -89921.06 2503.24 4507 2515
4148 251963.42 211240.73 3437.86 6206 2517
4149 -19443.33 -45284.60 2993.93 2518 7051
4150 -85111.99 -40897.07 2429.88 2560 2519
4151 -85856.33 -38280.10 2965.13 3820 2519
4152 -88165.83 -40635.84 2964.68 4996 2519
4153 191824.83 141102.28 3071.00 2520 2606
4154 190321.82 142015.94 3358.77 3540 2520
4155 -135758.38 -71509.99 2984.20 5512 2522
4156 -136358.70 -73721.84 3181.65 2522 6586
4157 158298.60 216682.48 3674.01 2523 3324
4158 -44319.64 57603.43 2910.49 2525 4955
4159 -171938.16 138403.95 3335.64 4746 2526
4160 -171719.32 136110.03 3140.34 6263 2526
4161 49588.50 -13116.07 3070.23 2527 4472
4162 51584.89 -10206.31 3235.46 2527 6512
4163 -16103.93 -37129.71 3043.52 3376 2528
4164 -18654.09 -37647.95 3015.37 2528 3390
4165 -206576.47 -66446.14 3077.59 2529 3120
4166 -175608.89 186823.65 3088.83 2530 6487
4167 -23488.50 44476.08 3031.84 2532 4082
4168 -174324.01 -112319.35 1373.51 2533 2551
4169 -229335.15 131335.13 3090.94 2534 4791
4170 192238.34 253560.16 3651.93 5331 2535
4171 192832.52 254311.93 3702.21 6185 2535
4172 -133239.08 34873.73 3467.20 2536 5115
4173 223446.84 -45516.33 2810.00 2537 6300
4174 -154139.02 98269.76 3524.22 2538 2711
4175 -176386.12 227594.20 3698.99 2847 2539
4176 -175048.96 226584.36 3537.19 5969 2539
4177 169894.84 98596.93 3947.10 2540 3622
4178 148026.11 22832.56 2993.41 5047 2541
4179 149674.51 22626.85 2864.79 2541 5060
4180 164436.85 235631.03 3766.66 2542 3380
4181 30946.89 -73032.89 1267.78 3823 2544
4182 -23104.65 -70905.85 1422.12 2987 2546
4183 -23463.18 -68061.16 1289.53 2546 3894
4184 223223.87 259038.84 3534.07 2547 4702
4185 223930.10 255412.59 3419.73 2547 4941
4186 154599.86 -97914.71 1376.85 2934 2549
4187 153871.45 -95990.75 1539.94 5251 2549
4188 231413.21 82633.32 2937.26 2550 2854
4189 -174642.51 -113469.42 1380.47 2551 6585
4190 -210049.51 50174.61 3181.39 4059 2552
4191 -210668.68 51287.50 2782.97 2552 6368
4192 257633.26 169289.47 3845.27 4200 2553
4193 -222557.82 266085.85 3765.92 2556 4893
4194 -181293.29 12365.21 3336.16 2557 4210
4195 -180412.38 14819.27 3459.80 2557 5122
4196 -177855.28 11222.06 3477.64 2557 6014
4197 -106102.65 -167577.09 393.49 2559 5677
4198 178174.01 -63588.15 2899.09 2561 3932
4199 17504.13 151399.86 3329.26 2710 2562
4200 199042.48 -11495.12 3046.86 2563 4699
4201 196053.07 -11103.29 3298.43 6414 2563
4202 -236350.13 28099.61 2988.60 2564 6892
4203 -181261.30 34450.78 3267.27 2565 3867
4204 211239.22 21710.64 3272.91 2566 3330
4205 -65638.97 -54503.55 2107.28 5120 2568
4206 -79087.41 107753.80 3474.39 3357 2569
4207 -78377.85 104703.25 3200.44 2569 4174
4208 234150.84 146222.32 3345.42 5579 2571
4209 234470.63 141948.33 3417.63 5693 2571
4210 229646.72 143756.74 3379.59 2571 6659
4211 -146460.75 69115.14 3459.26 2572 5935
4212 186782.50 -73542.62 902.96 2573 5324
4213 -268158.50 242842.83 3522.86 4324 2574
4214 -268071.93 239781.34 3538.40 4819 2574
4215 129983.41 -136317.17 1091.70 2575 3905
4216 132071.77 -138011.23 996.57 2575 4052
4217 -66953.56 148609.31 3066.30 3219 2576
4218 235696.80 225862.98 3648.82 5899 2577
4219 -25204.15 -41778.98 3126.96 2781 2578
4220 -24943.37 -38861.47 3082.06 6794 2578
4221 156749.59 -18501.03 3129.68 2579 3456
4222 157457.97 -15715.74 3103.02 2579 4660
4223 232400.39 -50091.19 1846.88 4662 2580
4224 81947.24 135111.63 3396.54 2581 4693
4225 -143457.48 245329.79 3394.09 2582 4157
4226 158142.39 239803.11 3631.58 4832 2583
4227 -10469.39 221613.86 3244.25 6303 2584
4228 -24283.67 -44123.42 2955.70 2585 2781
4229 -23971.39 -46471.53 2717.04 2840 2585
4230 -21958.49 -44427.38 2973.52 7051 2585
4231 -259157.29 149776.67 3191.34 2586 2766
4232 -260572.65 149798.49 3178.09 2586 3115
4233 89262.34 -33067.56 3413.94 2587 3332
4234 87804.13 -30697.96 2976.36 5117 2587
4235 -145895.58 -70725.95 3071.77 5197 2588
4236 115189.43 110635.18 3206.18 5003 2589
4237 114362.74 112102.25 3260.01 2589 5080
4238 -143046.27 -212432.67 396.77 2590 6150
4239 10998.78 79826.16 3310.16 4345 2591
4240 13381.88 79167.90 3343.92 4860 2591
4241 10239.59 78517.70 2862.88 2591 5698
4242 -36309.03 184789.08 3038.53 2592 4742
4243 -250833.16 -66223.69 3025.05 2593 3830
4244 -252904.62 -67168.79 2854.50 4588 2593
4245 190265.20 -30125.36 3292.18 5916 2595
4246 193267.17 -34747.21 3354.93 2595 7026
4247 -40183.22 57348.13 2952.58 2596 5007
4248 -39262.04 56222.96 2968.13 2596 6866
4249 -259805.77 82094.16 3526.67 4317 2597
4250 98440.03 17340.32 2979.23 2838 2599
4251 97904.95 14619.53 3052.77 3256 2599
4252 -246899.27 -112998.05 1605.87 2895 2600
4253 -249433.81 -110746.44 1654.82 3711 2600
4254 -247677.39 -111803.97 772.82 7168 2600
4255 -38285.05 140056.66 3326.85 3029 2601
4256 -44340.92 144627.19 3092.45 2601 3351
4257 -242198.70 -70866.93 2934.66 2602 3297
4258 -242961.69 -70216.80 3143.11 2602 5977
4259 -93441.74 -40662.85 2926.33 2603 2961
4260 -169076.86 261267.75 3285.27 2604 3151
4261 -18932.61 17320.80 3573.13 2605 3473
4262 -18289.77 17970.19 2992.01 2605 4471
4263 -226554.99 259487.83 3416.24 6207 2607
4264 69561.15 56512.54 3018.55 3570 2608
4265 -204687.27 178544.96 3247.58 2609 6320
4266 -162786.03 98301.35 3540.38 6113 2610
4267 -160658.18 100831.30 3362.39 2610 6623
4268 -45936.48 64524.01 3350.36 2612 6758
4269 -148987.16 -73451.65 3309.36 2613 3064
4270 -146798.24 -72155.83 3098.25 2613 5197
4271 50096.43 -18790.13 2884.56 3553 2614
4272 51318.56 -18790.61 2896.42 2614 4129
4273 50032.20 -16803.26 2868.92 2614 4472
4274 256005.10 -106606.94 797.56 2616 3394
4275 -100046.39 -164001.51 189.18 4348 2618
4276 -134148.60 -110968.40 1111.11 2619 4831
4277 250887.58 80677.66 2938.06 2620 2976
4278 254569.41 79365.77 2971.85 3806 2620
4279 251690.25 78208.51 2664.05 6953 2620
4280 -84340.23 -86411.72 1207.38 2621 3222
4281 -86558.82 -85198.25 1020.41 3848 2621
4282 -162578.40 51123.72 3528.86 2623 3551
4283 -161506.72 49419.29 2884.41 2623 4039
4284 -208059.41 143740.02 2970.77 4521 2624
4285 -208960.01 143205.71 3132.62 2624 4545
4286 -109882.10 9097.92 2919.95 2811 2626
4287 208956.61 6137.73 2965.43 2910 2627
4288 -212269.61 87373.14 3349.58 4666 2628
4289 -256970.71 -52827.42 3014.56 2629 3299
4290 -56505.91 220031.47 3370.96 6024 2631
4291 220282.29 30169.08 3132.18 3287 2632
4292 219757.75 33882.35 3386.23 3617 2632
4293 219615.29 32142.04 2868.18 2632 4419
4294 74782.52 10897.81 3213.91 2633 6059
4295 -204272.84 97275.05 3711.63 4862 2636
4296 -224019.62 244770.65 3571.11 3908 2637
4297 -182500.43 206678.65 3374.37 2639 3510
4298 268517.12 92172.67 3198.68 3282 2640
4299 123686.27 -31659.07 2986.38 2641 2751
4300 125217.38 -33189.22 2962.00 2641 5602
4301 -245739.42 -180809.84 284.84 4322 2642
4302 -244371.42 -178654.06 814.73 6032 2642
4303 -245012.91 -181491.85 509.26 6504 2642
4304 -4648.27 195810.04 3634.80 2643 3174
4305 184269.90 -160963.48 9.64 4017 2644
4306 184127.28 -164394.64 252.60 2644 5938
4307 245086.14 49848.19 3028.88 4541 2645
4308 245708.46 49273.99 3000.55 4823 2645
4309 174394.35 -33766.01 3477.00 3776 2647
4310 174543.47 -32805.86 3163.48 2647 5039
4311 143999.24 -73970.28 1197.18 3504 2649
4312 -40131.87 24964.63 2832.13 2941 2650
4313 -41790.63 24351.15 3019.26 2650 5422
4314 -3254.20 215030.86 3663.85 2651 7031
4315 -29115.12 -41636.09 3459.12 4858 2652
4316 -213968.83 251057.58 3577.88 5649 2653
4317 -241151.12 -78284.51 2876.04 2654 4269
4318 -239641.76 -76345.61 3101.89 5766 2654
4319 101914.35 -35328.73 3333.74 7260 2655
4320 25311.44 -11065.84 3450.83 6885 2656
4321 255480.27 196409.05 2893.26 2657 3397
4322 255841.30 192667.78 2890.63 6158 2657
4323 202014.35 -128842.83 914.64 2658 3118
4324 6094.78 190075.26 3513.07 3224 2659
4325 8417.07 187030.92 3101.76 3280 2659
4326 210803.31 52035.36 3507.64 4522 2660
4327 209745.48 51382.46 3479.62 2660 6900
4328 -10093.14 -20945.93 2968.69 2752 2661
4329 -8337.14 -23766.60 3125.83 2661 6234
4330 129814.38 -157067.08 209.46 6705 2662
4331 131796.95 -155687.06 239.49 7041 2662
4332 -232774.47 202914.32 3279.78 3980 2663
4333 82002.64 -137877.68 455.54 2664 4924
4334 44458.09 -100280.49 1642.71 3076 2666
4335 57961.60 48570.77 3254.88 2667 2841
4336 61694.89 49424.74 3202.90 6340 2667
4337 59130.09 47777.51 3145.10 6561 2667
4338 -69217.62 -144731.77 169.65 5290 2668
4339 106237.16 50175.94 2966.20 2672 5199
4340 180342.05 -154467.35 538.58 2944 2673
4341 180278.44 -154924.46 453.80 4902 2673
4342 245451.04 -80261.45 1421.80 3481 2676
4343 247687.25 -81373.28 1083.81 2676 5783
4344 246287.50 -82149.03 1097.94 6494 2676
4345 -233898.82 82550.40 3565.17 4848 2677
4346 -237110.50 20300.54 3230.75 2678 5992
4347 222355.47 144574.78 3361.93 2679 5278
4348 225704.03 143702.87 3583.26 6659 2679
4349 -160870.38 29272.73 3568.19 3338 2680
4350 -158187.20 30900.49 3214.94 4187 2680
4351 3388.95 207913.00 3137.40 2927 2682
4352 -129910.39 -56850.64 3081.07 2683 5812
4353 52532.60 8907.56 3011.51 2684 4622
4354 -195613.55 -85807.28 3238.92 2685 3810
4355 -198552.54 -83222.06 3489.66 2685 5145
4356 -198929.88 -85817.35 2985.80 6237 2685
4357 176995.91 218542.02 3761.17 2686 3688
4358 263632.09 77362.69 2733.26 4475 2687
4359 264054.40 79261.11 2872.04 2687 7060
4360 -80538.18 -18675.44 2854.49 3629 2688
4361 6143.01 8278.31 4502.12 7048 2689
4362 6985.43 8549.07 4045.52 7127 2689
4363 39137.56 6877.23 3564.90 3054 2690
4364 31745.97 15575.90 2865.22 4457 2692
4365 32964.47 15740.40 2950.60 5859 2692
4366 -217054.49 -95249.80 1987.05 4444 2693
4367 -219290.12 -93024.39 2151.95 4583 2693
4368 7350.45 44147.18 3077.11 3428 2694
4369 8725.97 44010.49 2974.84 2694 3816
4370 8879.94 44313.85 3103.38 2694 6209
4371 80748.35 239221.46 3654.75 2695 5111
4372 -247743.84 71485.41 3233.18 2696 7218
4373 -240529.75 -171140.08 1403.68 5330 2697
4374 -24476.79 43030.22 3114.88 2699 5146
4375 -25121.38 43188.43 2978.85 6551 2699
4376 119312.52 -35031.22 3014.15 5155 2701
4377 49724.93 14823.29 3140.08 5474 2702
4378 -234692.98 -176615.45 620.70 4759 2703
4379 -25642.05 -8124.75 2899.44 2704 5856
4380 -26629.15 -9773.80 2992.83 6277 2704
4381 46139.04 -10755.57 3009.83 2705 6257
4382 47279.19 -10924.55 3039.19 6506 2705
4383 -76578.07 -63189.65 1764.73 2706 4204
4384 -76972.50 -60429.08 2795.38 5105 2706
4385 8632.80 -15346.03 1933.33 2707 6041
4386 68374.41 234279.69 3261.09 5347 2708
4387 66816.49 231530.98 3784.28 6329 2708
4388 -39923.81 -47743.86 1984.89 2709 4015
4389 -38697.01 -44222.90 2270.10 2709 7187
4390 15908.68 149846.47 3349.04 2710 3392
4391 24700.09 73192.64 2913.29 2712 5050
4392 23550.33 73697.46 2949.48 2712 6265
4393 -20664.88 106429.39 3364.39 2713 2863
4394 -22632.05 105706.71 3031.57 2713 7012
4395 -69940.59 125915.12 3244.48 2714 2816
4396 -67866.03 124431.86 3060.16 6259 2714
4397 -75659.33 -157381.24 337.22 2716 3405
4398 111238.16 178078.64 3485.99 7136 2717
4399 135746.52 135141.56 3081.68 6752 2719
4400 -139953.60 -80745.25 3323.28 3739 2720
4401 -145170.68 -77128.85 3032.90 2723 4344
4402 -145528.39 -78645.37 3061.97 4481 2723
4403 131185.08 210628.82 3631.02 3059 2724
4404 125768.68 206691.39 3208.43 4226 2724
4405 210400.65 258229.47 3513.07 2725 3779
4406 -10142.09 92809.19 3053.28 3030 2726
4407 -12243.60 93325.74 2989.33 3162 2726
4408 -11126.58 91879.05 3308.35 4027 2726
4409 -82088.53 -378.96 3211.45 6301 2728
4410 -81123.03 1299.51 3064.15 2728 6317
4411 -82423.79 656.16 3071.41 2728 7000
4412 123268.68 -36633.10 3409.77 2951 2730
4413 121296.78 -35989.66 3419.87 2730 5155
4414 134541.48 -160589.25 377.03 2732 7167
4415 -151337.51 -183174.55 342.52 2733 4609
4416 -175767.10 268772.12 3474.15 2734 3682
4417 151641.63 75614.17 3231.07 3132 2735
4418 -29215.13 -45778.43 2727.99 2736 4781
4419 -30801.35 -46932.65 2000.20 5097 2736
4420 48435.89 242607.54 3404.56 3897 2740
4421 49941.32 241034.05 3308.40 2740 4479
4422 48470.17 240058.55 3240.87 6515 2740
4423 106996.73 50944.30 3510.13 2741 5199
4424 251773.64 227836.70 3802.37 2742 5433
4425 252877.77 229365.25 3627.34 2742 5773
4426 -149622.17 58668.00 3409.24 5954 2743
4427 -225176.10 -161709.64 910.73 5709 2744
4428 -227499.12 -159241.09 1769.00 6868 2744
4429 120480.04 1713.73 2993.65 2745 6196
4430 -38879.72 9799.62 2877.24 2746 4378
4431 244365.74 44734.95 3114.54 5598 2747
4432 245871.32 47424.87 3116.24 6309 2747
4433 157803.64 -80890.57 910.30 2748 4159
4434 156809.49 -82800.55 1210.42 2748 4825
4435 155678.24 -89389.33 1363.15 5251 2748
4436 -83423.86 21943.13 2825.87 4658 2749
4437 -82801.39 24820.37 2913.37 4867 2749
4438 -84030.87 23859.29 3350.45 2749 5428
4439 4605.11 163063.47 3303.90 3562 2750
4440 -74680.74 -124293.31 880.91 2754 5277
4441 -74111.21 -123266.06 1124.10 6104 2754
4442 167869.03 -6087.24 3210.14 2755 6284
4443 239087.26 234914.72 3577.18 3022 2757
4444 -53843.58 211795.79 3390.97 4661 2758
4445 71907.85 -83717.57 1430.57 3231 2759
4446 72280.69 -82595.43 1448.24 2759 6701
4447 137268.52 177143.80 3273.18 2762 4314
4448 136618.10 178215.59 3251.44 5946 2762
4449 -259499.93 -104918.97 1699.38 4548 2763
4450 -261509.72 -105594.79 1704.36 2763 5962
4451 -260076.00 -107474.57 1651.01 6598 2763
4452 124386.23 169327.17 3652.43 2764 2937
4453 122478.60 169409.03 3449.79 4753 2764
4454 134370.10 -153282.38 401.99 2765 4384
4455 133209.59 -154442.68 358.26 2765 7041
4456 -258128.05 148057.84 3278.45 6589 2766
4457 160818.19 132920.45 3599.86 7173 2767
4458 -27439.02 105754.32 3051.54 2769 4041
4459 230612.83 -133399.91 750.08 5040 2770
4460 230489.91 -132707.39 790.12 2770 6615
4461 -40363.67 13357.95 3447.58 2771 3258
4462 -40162.45 10771.52 3096.96 4378 2771
4463 -41804.87 11688.40 2601.64 6599 2771
4464 149145.18 95104.39 3840.56 2772 5885
4465 -83479.15 -150427.92 606.87 6563 2773
4466 6320.20 -40131.31 1817.58 2774 3794
4467 7344.71 -40753.25 2360.39 5017 2774
4468 -135364.92 43503.14 3338.41 2775 5892
4469 -141204.58 -179989.69 714.47 5814 2776
4470 105257.55 119767.04 3434.12 7233 2777
4471 -182352.04 -129115.82 938.43 2788 2778
4472 57441.70 -121091.37 1339.08 3383 2779
4473 60633.50 -122931.17 1260.43 4883 2779
4474 -133805.24 227006.40 3446.23 3106 2780
4475 -130760.03 227464.47 3411.62 6961 2780
4476 247063.42 -84521.17 913.76 2782 6494
4477 -116239.87 -75206.44 2622.27 2783 6695
4478 -115305.80 -76412.96 2643.91 6883 2783
4479 203168.79 -150890.35 618.21 2784 2809
4480 205945.17 -150779.06 599.02 4315 2784
4481 -45947.46 25153.45 3066.62 2984 2785
4482 -43697.63 23954.62 3058.93 5422 2785
4483 -74626.36 15888.46 2898.67 2786 3002
4484 -73517.11 17159.38 2901.75 2786 3216
4485 78821.93 -112995.04 1544.78 2787 6879
4486 213160.43 5039.94 3058.94 4155 2789
4487 215137.90 4148.04 3399.99 6637 2789
4488 -253735.18 -43377.18 3078.20 5424 2790
4489 -254416.90 -41711.01 3438.53 2790 5746
4490 -246820.23 263845.73 3376.96 4416 2792
4491 -248258.89 264631.85 3318.84 5800 2792
4492 -191262.16 38164.60 3325.42 3359 2793
4493 -189701.03 36601.64 3323.55 3451 2793
4494 -159342.32 -101092.84 2898.05 4441 2794
4495 -159122.15 -102526.56 2265.86 6767 2794
4496 -201684.96 255414.51 3358.99 2795 4409
4497 170645.74 -12390.16 3090.63 2796 3301
4498 263231.11 -72513.18 928.04 2798 4152
4499 262227.35 -71922.60 936.82 4266 2798
4500 263144.99 -70896.62 933.83 2798 5751
4501 71531.27 -123300.09 1118.46 6906 2799
4502 -27044.17 19842.40 2782.83 2800 4075
4503 209288.45 -113505.55 1162.83 2801 4253
4504 208207.16 -115867.91 1357.81 5417 2801
4505 -25031.09 73938.97 2997.71 2802 3661
4506 59933.45 175700.54 3283.27 2803 6084
4507 -173383.49 10739.80 3697.19 3572 2804
4508 -172537.51 9011.46 3150.67 2804 4110
4509 -32732.89 -38488.38 3277.06 2805 4072
4510 -33729.49 -40997.01 3248.83 2805 5757
4511 -233364.86 75388.30 3406.68 3576 2806
4512 60382.09 114556.87 3420.15 2807 3139
4513 61712.04 114431.81 3258.78 4919 2807
4514 -102462.60 -106135.01 1606.39 2808 4940
4515 -103512.92 -107380.78 1589.52 2808 7221
4516 200981.03 -150157.37 466.20 2931 2809
4517 256846.38 -90840.66 896.55 2810 6049
4518 -111478.78 11138.98 3027.84 2811 5660
4519 -131349.94 -37724.78 3103.97 4627 2812
4520 -130556.35 -39399.53 3283.80 6408 2812
4521 -136772.21 -78228.06 2863.09 4240 2813
4522 -254297.05 -40407.44 3373.17 2814 5746
4523 -255568.69 -38314.43 3389.02 6607 2814
4524 -229262.99 98128.80 3538.20 2815 4814
4525 135475.55 -46724.00 3266.78 3150 2817
4526 131275.75 -45858.10 2809.58 2817 4276
4527 -150203.30 151218.90 3049.75 5678 2818
4528 -150185.19 153673.47 3129.66 6728 2818
4529 -11480.20 7031.74 4090.22 5311 2819
4530 230412.90 74858.37 3372.25 2821 3148
4531 -18234.25 5473.64 3415.29 6845 2823
4532 -79029.39 -12088.84 2808.19 2824 4539
4533 -77705.13 -12614.04 2948.30 2824 6145
4534 -76846.75 -11478.73 2995.16 6836 2824
4535 39450.20 237333.70 2937.26 3354 2825
4536 42465.67 100967.01 3252.29 3796 2826
4537 38528.99 103016.36 3241.79 2826 6831
4538 260613.41 -117391.84 857.46 2828 2954
4539 257234.36 -123616.43 828.25 5760 2828
4540 122892.97 -149020.94 649.19 2829 3010
4541 124563.30 -147588.59 465.54 5340 2829
4542 -155337.00 -97713.07 2939.38 6216 2830
4543 -175379.98 106856.58 3638.07 2831 3260
4544 180554.27 -34636.71 2883.49 4197 2832
4545 178916.33 -33573.55 3241.41 5327 2832
4546 179648.18 -36104.82 3306.92 2832 5866
4547 -11360.69 4121.68 4096.12 2833 4572
4548 -11022.37 6351.78 4066.23 5311 2833
4549 -25031.07 33662.06 3088.70 2834 3501
4550 -27588.61 34300.23 2844.26 2834 3507
4551 84235.43 -58496.12 1909.43 2835 3808
4552 -14132.95 188075.00 3639.81 5931 2836
4553 -122743.60 -157513.73 893.84 2837 3733
4554 -123627.50 -159128.64 895.86 2837 5130
4555 99741.85 19527.18 2981.97 2838 4289
4556 -122097.96 225236.05 3270.35 2872 2839
4557 -125489.24 224596.98 3002.76 4274 2839
4558 -21060.07 -50639.64 2489.38 2932 2840
4559 54682.04 48314.81 3277.98 2841 4071
4560 -68322.67 -10342.92 2725.16 2842 6517
4561 -68764.91 -12234.10 2759.27 7052 2842
4562 138470.29 117417.82 3279.60 6464 2843
4563 -215914.70 256825.92 3505.31 4959 2844
4564 -256069.76 -182013.07 649.91 3077 2845
4565 -252755.93 -179498.81 786.67 5913 2845
4566 78506.10 157739.66 3237.53 6555 2846
4567 -177100.00 227400.14 3529.87 6974 2847
4568 226920.02 -137850.59 275.56 2848 3495
4569 -263130.69 162118.50 3355.23 2849 4088
4570 -262784.70 161674.15 3347.06 4800 2849
4571 95307.48 111139.23 3359.64 4151 2850
4572 93098.38 110339.77 3338.78 4590 2850
4573 94152.28 107783.32 3343.56 2850 5413
4574 -225902.71 57888.42 3438.49 6250 2851
4575 220309.76 12163.12 3216.84 2852 3329
4576 220864.51 14805.58 3244.43 2852 4101
4577 -211326.45 74274.97 3416.81 2853 3760
4578 -210340.09 72223.46 3510.15 2853 5402
4579 230495.77 79166.00 3310.16 6963 2854
4580 7977.17 -45392.32 2595.75 2855 4602
4581 6619.74 -45247.23 2288.22 4739 2855
4582 -87097.20 -61833.15 3088.51 2856 5889
4583 -72129.63 -23039.55 2859.14 2857 2918
4584 -73809.55 -23032.77 2868.46 3651 2857
4585 -265053.47 -168455.86 1244.47 2858 6351
4586 63047.28 -47382.16 3234.22 2859 3914
4587 61696.68 -46182.23 3255.98 4857 2859
4588 36010.64 59436.62 2847.39 4038 2860
4589 32331.92 58358.82 2981.98 7096 2860
4590 -19385.55 105628.01 3331.59 4169 2863
4591 -154651.95 -198209.03 398.12 4137 2864
4592 -154202.97 -210163.43 311.28 2864 6718
4593 -5301.38 63287.19 2975.75 3918 2866
4594 -6492.38 62491.47 2973.76 4763 2866
4595 -164173.00 147642.83 3275.10 2869 3825
4596 -167459.75 145908.70 3502.61 2869 6608
4597 -154873.64 48944.60 3116.03 6130 2871
4598 266106.16 -74912.07 1153.59 2873 3857
4599 56436.07 206471.77 3151.46 2874 3292
4600 -68203.05 195194.15 3145.78 3272 2877
4601 -64322.75 195537.35 3191.81 3885 2877
4602 -193884.77 -102622.57 1611.93 2878 3204
4603 -80390.99 18611.50 2806.52 5014 2879
4604 -36649.34 -17905.34 3530.17 3532 2880
4605 -36750.82 -20532.01 3519.37 2880 4248
4606 -160132.73 216662.93 3514.41 4420 2881
4607 -161368.52 212725.50 3311.74 2881 4582
4608 179484.01 -149698.00 914.71 2882 4750
4609 181922.57 -150174.88 516.27 2882 5553
4610 182655.46 -149616.25 935.36 2882 6639
4611 236740.31 55223.36 3304.13 5385 2883
4612 145794.69 -63285.65 1740.25 3365 2884
4613 54219.23 8631.65 3383.98 2885 4622
4614 56422.76 7028.86 3137.75 4643 2885
4615 5963.53 -56132.90 1594.29 2886 6998
4616 -141859.94 -91705.04 2663.64 3646 2887
4617 197620.04 182754.27 3433.63 2888 4725
4618 212903.72 149633.00 3677.24 4828 2889
4619 86636.38 230811.55 3834.29 4135 2890
4620 88380.94 231686.60 2826.23 2890 6433
4621 -2238.11 84898.18 3290.12 2925 2891
4622 -3932.18 86613.15 3263.74 6246 2891
4623 -1615.53 86251.59 3300.21 6534 2891
4624 76337.55 -50106.82 2971.48 2893 3043
4625 75370.41 -51722.37 3105.61 2893 7097
4626 -245116.43 -114536.95 1298.29 2895 4587
4627 176166.59 -158161.51 618.78 2896 5031
4628 176843.14 -157709.41 534.28 6222 2896
4629 -93474.62 34485.88 3036.95 3951 2898
4630 -266000.67 -76264.94 3471.64 3173 2899
4631 -263934.14 -78423.66 2962.51 2899 6977
4632 54816.41 16495.39 2922.19 2901 3911
4633 -15814.28 -57446.95 1668.31 2903 2950
4634 -14576.60 -55922.13 2111.80 2903 4340
4635 164743.95 -160385.75 449.65 2904 6107
4636 -42757.28 50604.63 3089.58 2906 5513
4637 -199304.85 222852.28 3133.82 5299 2907
4638 69520.99 3049.71 3355.90 2908 3469
4639 69959.26 1585.49 3216.10 3781 2908
4640 210459.18 1405.88 3160.49 2910 4033
4641 211559.71 5083.91 3079.32 4155 2910
4642 -125677.92 -157235.20 1155.67 2911 4706
4643 -126351.04 -156401.89 1113.13 2911 5322
4644 163025.81 -156097.40 356.29 2912 3196
4645 162806.24 -156955.87 737.22 2912 4646
4646 -59539.10 -72805.73 836.03 2913 3212
4647 -148401.45 -98170.23 2662.39 6153 2915
4648 -152200.94 -98941.86 2660.04 6461 2915
4649 -148827.16 -99338.70 2684.07 2915 6862
4650 226990.68 -21640.71 3064.17 2916 4574
4651 226506.55 -23855.66 3308.02 5605 2916
4652 -269154.42 94642.21 3073.59 2917 4463
4653 -267392.84 94536.98 3452.37 4964 2917
4654 -69961.09 -23615.03 3473.07 5785 2918
4655 159585.53 -149224.63 886.10 6312 2919
4656 -59567.11 -263156.34 416.41 3305 2920
4657 -65676.49 -258772.01 458.28 3307 2920
4658 -185893.26 226666.20 3378.92 2921 5141
4659 115638.16 215504.91 3492.93 5518 2922
4660 177601.38 139615.03 3358.71 4485 2924
4661 -1558.64 82730.65 3018.93 2925 6061
4662 -61084.58 -136582.66 911.38 4976 2926
4663 -60742.73 -134212.04 788.13 2926 5768
4664 3276.45 204567.12 3281.81 2927 3391
4665 -206696.77 -58782.56 3600.71 2928 3073
4666 -203971.97 -60713.30 3302.87 4147 2928
4667 54584.28 -66389.69 1675.02 3377 2929
4668 -181570.95 101454.01 3528.72 5056 2930
4669 -20210.05 -52069.53 2322.15 2932 6678
4670 -19106.24 -51105.11 2520.76 2932 6747
4671 164025.69 49046.14 2962.56 5556 2933
4672 163501.45 50407.34 3395.64 2933 5770
4673 155968.01 -99971.10 1147.55 2934 3094
4674 155646.69 -102665.52 1290.50 6915 2934
4675 6328.21 133119.65 3391.73 2936 3549
4676 126202.65 168991.69 3380.31 6490 2937
4677 -238892.47 -157314.20 1142.16 3211 2939
4678 -241076.56 -160323.35 1192.10 2939 4293
4679 -70655.79 18238.57 3165.23 3423 2940
4680 -7454.80 117709.40 3542.71 6797 2942
4681 90739.87 -89871.39 1648.40 5270 2943
4682 181024.29 -153498.49 746.76 4366 2944
4683 179027.26 -153643.07 770.41 4427 2944
4684 -221424.61 222088.66 3207.86 2945 6203
4685 28355.90 13502.32 3360.71 4172 2946
4686 -155624.53 139611.60 3484.06 2947 4973
4687 -19715.54 -62943.42 1389.85 4792 2950
4688 124081.18 -37762.33 3522.06 3746 2951
4689 125379.38 -37728.94 3347.86 4108 2951
4690 124822.29 -35754.78 2989.24 2951 5602
4691 163961.78 -13942.29 3071.89 2953 3527
4692 266663.82 -113561.58 729.55 2954 5176
4693 -55290.32 68621.85 3461.83 3523 2955
4694 53545.57 -114985.08 1235.59 2956 6988
4695 -56106.47 -52061.32 1944.04 3041 2957
4696 -57001.39 -54287.81 1705.70 6676 2957
4697 199082.06 97776.87 3312.45 5967 2959
4698 -221293.83 -178984.04 397.11 2960 4209
4699 -91690.37 -41567.08 3362.52 4996 2961
4700 -106915.65 221307.27 3381.36 5394 2964
4701 -109080.20 220727.87 3760.21 7075 2964
4702 -52672.93 64557.05 3395.80 2965 2994
4703 -54041.33 61764.65 3424.81 4677 2965
4704 -247483.99 -88214.81 2382.95 2967 4507
4705 -249466.03 -86996.25 2360.14 5238 2967
4706 -249377.99 -88971.53 2350.78 5479 2967
4707 -241408.03 -58077.45 2798.18 3241 2968
4708 -240443.18 -54939.78 3033.93 3347 2968
4709 48114.97 265329.18 3519.42 4729 2969
4710 -208895.87 78789.76 3399.76 4365 2971
4711 -207285.73 79870.29 3569.87 2971 4527
4712 -208491.45 77303.40 3745.82 2971 5552
4713 148386.17 96448.73 3629.85 5885 2972
4714 -4162.63 49455.71 3112.88 2973 5043
4715 -4915.76 182018.72 3413.22 3593 2974
4716 144841.87 24740.24 2928.87 5047 2975
4717 248051.02 79564.99 2990.51 2976 2981
4718 9127.79 123318.95 3742.95 3163 2977
4719 7100.14 125651.77 3474.38 2977 3939
4720 187031.19 -66192.21 1808.38 5119 2978
4721 226488.19 16177.58 2948.92 2979 3832
4722 -253264.90 160750.27 3223.73 4630 2980
4723 243601.03 78171.30 2987.43 2981 7058
4724 -238388.87 -68681.20 3342.26 2982 3699
4725 68146.21 253038.44 3675.92 6417 2983
4726 -46288.73 27553.07 2971.33 2984 3277
4727 -48598.14 25315.78 2967.12 2984 4876
4728 183577.76 -158500.60 166.90 2986 4017
4729 181386.48 -155833.44 327.09 2986 4902
4730 -22943.67 -73368.13 1387.48 2987 3928
4731 136303.52 -82370.28 1254.15 5548 2988
4732 -266877.34 -54435.94 2941.00 2989 6657
4733 -265548.84 -52102.29 3023.63 2989 7156
4734 57903.32 -46455.51 3171.51 2990 3717
4735 -220125.86 -19287.79 3101.52 2991 3122
4736 -219609.04 -21117.40 3105.88 2991 7252
4737 93841.54 1914.79 3104.32 2992 6973
4738 -167165.99 53614.51 3072.10 2993 5013
4739 -52606.53 67212.91 2897.97 2994 3268
4740 -54879.11 66895.85 3425.21 3523 2994
4741 246153.31 -48735.77 1905.64 2996 3355
4742 244680.17 -49353.22 1908.29 2996 6630
4743 145472.18 189145.16 3504.68 4119 2997
4744 117369.56 171381.34 3312.53 7192 3000
4745 121254.80 240581.85 3146.51 3003 4559
4746 -182611.74 -156170.58 1333.75 4903 3004
4747 -184397.94 -169059.15 1386.54 3004 5249
4748 -212911.72 181816.03 3245.94 3005 4745
4749 -214637.20 181034.45 3496.20 5395 3005
4750 -214935.93 182454.31 3462.38 3005 6026
4751 217831.43 27651.31 3173.30 3287 3006
4752 214968.24 25854.37 3455.16 6730 3006
4753 -252635.52 125153.31 3528.65 3631 3007
4754 261430.46 -107426.34 934.00 5591 3008
4755 -116730.99 -165873.11 899.09 3526 3009
4756 120490.83 -147963.26 719.20 3010 4431
4757 120428.35 -150593.60 485.60 3010 5745
4758 122513.51 -150538.40 642.13 6087 3010
4759 883.49 63021.06 3079.72 3011 3988
4760 2671.50 61908.12 3098.83 3011 4025
4761 254256.62 142553.03 3353.89 3791 3012
4762 252917.49 146556.30 3088.82 3012 4433
4763 31966.41 -37980.23 3103.09 3128 3013
4764 30748.27 -35979.80 3329.68 3013 4069
4765 -68442.13 -56918.90 2586.29 4505 3014
4766 -68729.81 -54499.72 2866.40 5120 3014
4767 137171.93 254543.40 3692.31 4022 3015
4768 111981.37 75363.04 2845.66 6622 3017
4769 -67819.49 -2905.33 2820.68 6545 3019
4770 259840.21 -43594.60 1791.45 3707 3020
4771 258820.97 -41145.26 2220.48 3020 7194
4772 -46389.21 175614.86 3001.96 5998 3021
4773 -47634.31 174142.02 3190.81 3021 7018
4774 240993.74 236086.40 3836.44 6462 3022
4775 -131532.55 133151.99 3541.09 3023 5453
4776 51894.42 241592.22 3328.82 3024 4479
4777 -71974.09 139822.71 2961.48 3116 3025
4778 -70002.20 141563.56 2990.10 6809 3025
4779 -87136.44 -84717.97 1005.55 3027 3848
4780 -88206.50 -84690.65 1275.84 4278 3027
4781 -207805.53 193737.72 3113.80 4255 3031
4782 8867.41 -22620.17 2008.82 3032 4182
4783 8305.38 -20556.27 1985.47 4632 3032
4784 -239959.42 -84124.94 2452.70 3033 3112
4785 120791.31 162610.18 2905.29 3034 4979
4786 -157035.54 29675.87 3243.33 4187 3035
4787 -154102.31 26189.63 3433.13 4906 3035
4788 -240670.72 58302.16 3470.70 7184 3036
4789 -157751.58 -110836.45 1199.94 4142 3037
4790 201274.42 242019.84 3769.18 3998 3038
4791 -159352.44 91755.06 3150.09 3443 3040
4792 -160849.59 91028.88 3815.82 5078 3040
4793 -52630.58 -51253.24 1936.29 3246 3041
4794 -127726.91 150660.14 3106.42 3042 6552
4795 -74932.36 18764.82 2901.38 3045 3216
4796 212440.74 81460.80 3439.00 6044 3046
4797 -257717.06 -88447.36 2819.06 3047 5195
4798 -96761.44 -77632.66 1928.75 4153 3048
4799 -97033.06 -77558.54 2075.61 4639 3048
4800 -186629.34 -75362.45 2964.23 3050 3579
4801 63021.31 64174.39 3048.48 3052 6471
4802 -198060.16 231034.47 2998.70 3053 4500
4803 40005.91 6870.84 3340.28 3595 3054
4804 6906.43 42938.83 3386.18 3428 3056
4805 7125.16 39921.28 2989.59 3056 3642
4806 -213990.91 235853.32 3220.67 3057 6582
4807 -258505.38 242021.03 3728.45 5038 3058
4808 -260742.96 242382.19 3589.59 3058 6171
4809 133697.64 206442.41 3379.19 5366 3059
4810 188634.53 140665.64 3629.55 3060 3540
4811 187012.69 138902.18 3229.25 3060 5181
4812 -113870.14 -289.97 2965.48 6118 3062
4813 -187563.57 -75626.52 3048.53 3579 3063
4814 -188702.62 -73280.23 3337.34 3063 4334
4815 -149758.31 -75025.55 3289.35 3752 3064
4816 -148450.74 -75107.76 3139.07 3064 5532
4817 236075.02 203056.02 3772.13 4610 3066
4818 235361.25 200411.71 3666.49 3066 6731
4819 -212777.09 142969.86 3536.79 3067 3319
4820 -211600.28 145114.05 3123.46 4150 3067
4821 -210447.61 143890.80 3615.06 4545 3067
4822 -260125.02 39021.70 3143.54 3068 3334
4823 -260573.92 35188.54 2736.17 6331 3068
4824 -258464.74 36257.45 3183.29 3068 6569
4825 199323.55 259372.51 3401.59 3069 3445
4826 198211.22 260222.58 3422.07 3069 6981
4827 83025.03 -45293.78 3044.72 3155 3070
4828 -142258.23 -72373.24 3028.04 3071 6002
4829 -140314.99 -73266.09 3019.83 6232 3071
4830 -45023.12 -44513.95 2476.53 3072 6159
4831 -41256.00 -42978.74 2442.04 7187 3072
4832 -143231.23 -42993.70 3091.04 5670 3074
4833 -144992.34 -40779.00 3052.77 3074 6325
4834 209374.17 -111775.14 1152.25 3075 4253
4835 208760.51 -110866.38 1128.64 3075 6332
4836 41749.23 -96640.78 1542.12 3076 5276
4837 -262167.48 -184558.79 270.11 6393 3077
4838 -23092.48 -57049.28 1116.97 4190 3078
4839 -162631.98 -108066.48 2142.83 4506 3079
4840 -161845.34 -109490.40 2144.94 4664 3079
4841 -210401.01 -150191.11 979.51 3315 3080
4842 64286.18 124053.95 3717.93 3082 3147
4843 65761.56 121503.23 3015.08 3082 4532
4844 4097.27 -67019.99 1153.26 3083 4542
4845 3908.50 -65562.44 2106.08 4784 3083
4846 253534.00 262072.08 4034.40 3084 3476
4847 252044.32 263137.40 3671.41 3084 3703
4848 -182645.37 268860.35 3324.73 3085 7172
4849 -164503.09 -104851.19 2122.10 3086 3265
4850 -163337.60 -106098.55 2102.35 4506 3086
4851 159430.73 235706.13 3490.22 3976 3087
4852 160043.25 237191.42 3697.60 3087 4832
4853 -229194.23 -151069.95 842.53 3088 3136
4854 -220396.48 41805.45 3508.86 5608 3089
4855 -223112.42 42375.38 3396.72 6066 3089
4856 208664.10 44961.30 3049.63 3090 3656
4857 -241313.10 -168114.74 1127.89 5449 3091
4858 -174871.75 5808.98 3275.52 3092 4093
4859 -178834.37 2017.97 3220.76 3092 6236
4860 -263746.05 163889.07 3391.85 4088 3093
4861 -265230.83 164279.27 3443.73 3093 5018
4862 -264462.57 168158.02 3206.77 5740 3093
4863 -5729.19 -42022.79 1654.88 4372 3095
4864 76052.56 54281.50 3001.99 3747 3096
4865 -220836.13 78261.01 3514.30 3987 3097
4866 -265633.77 75230.98 3135.54 3831 3098
4867 -264443.38 77581.78 3323.57 6531 3098
4868 8334.30 -32084.48 2174.09 4228 3099
4869 60094.85 146683.75 3021.96 6262 3100
4870 58004.33 141774.92 3387.18 6483 3100
4871 -248594.69 258466.41 3183.45 3101 3819
4872 148402.41 -1316.08 3294.29 6890 3103
4873 87041.33 -42443.93 2987.62 6714 3105
4874 -187228.57 120653.91 3583.84 3107 5077
4875 -184564.70 119386.28 3535.13 6071 3107
4876 2491.17 235783.57 3435.87 3110 3513
4877 2823.70 234563.30 2842.19 6934 3110
4878 16267.80 146506.04 3476.48 3392 3111
4879 17806.94 139277.27 3382.66 6580 3111
4880 -242509.59 -83801.24 3228.65 5284 3112
4881 -222951.63 234053.92 3354.82 4786 3113
4882 -265526.25 148493.89 3451.57 3217 3115
4883 88399.73 -91968.14 1709.21 3597 3117
4884 88272.08 -91028.02 1730.78 5166 3117
4885 199744.24 -129326.90 1337.56 3237 3118
4886 -258378.14 -172599.59 934.35 3119 3884
4887 -221139.54 -14902.37 3198.42 3122 5794
4888 36611.58 33253.21 3388.23 5609 3123
4889 -22025.06 101677.92 2831.91 4654 3124
4890 -22689.05 102986.61 3054.00 3124 6289
4891 150412.65 -152010.41 886.94 3125 7106
4892 151689.33 -153359.81 919.07 3125 7230
4893 -61088.16 188123.23 3377.29 3262 3126
4894 -60853.96 192356.34 3316.58 3885 3126
4895 -58568.30 188950.08 3280.05 4513 3126
4896 213812.74 33219.87 3307.41 5066 3127
4897 29944.96 -41266.37 3059.12 3128 4066
4898 36224.14 -41587.33 3111.76 3128 6581
4899 -65812.75 142284.71 3684.11 3546 3130
4900 -67462.31 140740.70 3400.27 6809 3130
4901 -64809.24 140896.52 2953.26 3130 6930
4902 155861.07 77627.69 3042.35 3132 7100
4903 191661.36 218213.71 3609.43 3133 3438
4904 191843.34 214604.12 3174.84 3959 3133
4905 29624.51 51423.25 3163.00 5847 3134
4906 155947.17 230354.65 3335.89 3855 3135
4907 155430.26 228133.92 3117.76 3135 6381
4908 -227651.44 -153617.72 1269.08 3136 3813
4909 -228947.93 -155075.35 1404.11 3136 6868
4910 168347.61 147511.92 3541.29 3137 6452
4911 -16308.46 74723.77 3291.16 3138 3647
4912 -108215.49 25176.67 3122.80 3140 4870
4913 179114.52 -37881.52 3143.45 5866 3141
4914 142439.11 -144766.30 1033.12 3142 3890
4915 154911.83 212841.98 3211.65 3143 6245
4916 -52107.83 46962.15 3353.26 3144 4165
4917 -52489.57 48241.21 3407.98 3144 6156
4918 -49153.48 46826.36 3398.11 3144 6157
4919 -60094.79 221311.05 2959.94 5281 3145
4920 129149.89 -53585.27 3033.88 3146 5807
4921 131045.89 -55159.20 3235.74 3146 5857
4922 63359.34 125488.48 3706.91 3147 4111
4923 66049.78 127154.73 2994.58 6054 3147
4924 230140.33 77349.34 3293.73 3148 6963
4925 -207978.56 177017.31 3167.59 3149 3233
4926 -209685.08 176089.43 3383.56 6556 3149
4927 138565.99 -48328.09 3018.33 4641 3150
4928 -169482.91 259962.00 3655.61 3737 3151
4929 -203149.69 236634.63 3116.64 3535 3153
4930 -131967.44 -59288.25 3236.69 3975 3154
4931 -131556.31 -60547.12 3216.48 5015 3154
4932 -132613.59 -60702.86 3062.64 3154 5448
4933 83947.76 -43360.46 3018.42 3155 5468
4934 -155620.06 62217.13 3433.08 6376 3156
4935 -155999.66 65149.27 3412.44 3156 7137
4936 -262972.73 144951.61 3538.15 3157 3722
4937 -262163.53 141522.56 3568.91 3769 3157
4938 143481.17 -61079.32 2375.41 3365 3158
4939 140779.55 -60623.77 2398.61 3158 4037
4940 177795.35 51201.80 3450.34 6123 3159
4941 179493.34 48960.18 3347.76 7044 3159
4942 239800.55 -133729.50 402.71 4494 3160
4943 -207119.63 220989.59 3535.65 3161 5134
4944 -14649.86 94285.14 2954.71 3162 6719
4945 10524.44 119177.99 3578.45 3271 3163
4946 -59882.43 74372.45 3326.07 3164 5154
4947 -57743.53 76954.65 3223.51 6861 3164
4948 -6753.69 -14741.14 2829.62 3166 5321
4949 238860.79 207403.12 3519.85 3167 3856
4950 237487.68 205730.19 3544.69 4610 3167
4951 193676.51 219065.60 3567.60 3438 3168
4952 -142726.98 -99892.90 1993.25 5291 3169
4953 -145763.71 -100117.07 2270.49 6862 3169
4954 -247290.38 -157526.93 1654.81 3171 6999
4955 -265012.40 -73933.13 3420.61 5828 3173
4956 -142706.31 34361.29 3459.56 4106 3175
4957 156684.99 -1921.36 3446.57 5136 3176
4958 -24275.35 -26825.79 3378.13 3178 4368
4959 -21575.82 -30260.01 3359.00 3178 6740
4960 213792.88 190705.45 3319.67 3179 3588
4961 -106071.03 -76428.03 2822.88 3180 3288
4962 -106607.45 -74383.94 2862.39 3180 3531
4963 -121629.80 1679.91 3189.92 5456 3182
4964 -119107.06 -408.92 3102.97 3182 6118
4965 -120363.02 -1152.45 2875.60 3182 6524
4966 -91044.12 15445.20 2794.14 5116 3183
4967 -91837.93 14377.34 2741.16 3183 5593
4968 -92080.28 15998.84 3043.63 3183 6211
4969 14704.83 -106369.85 1693.40 5113 3184
4970 179611.65 235455.74 3680.78 3185 5303
4971 -244951.23 117774.56 3463.73 5345 3186
4972 96521.36 134709.00 3267.70 6454 3187
4973 -93364.12 153794.80 3248.82 5643 3188
4974 38656.38 39313.85 3037.97 3189 3225
4975 -115071.51 -74370.22 2759.04 6695 3190
4976 96756.51 264737.55 3694.65 5129 3191
4977 98014.69 264918.29 3627.09 6594 3191
4978 -192647.15 88946.44 3380.56 4797 3192
4979 -57400.15 164407.65 3513.18 4050 3193
4980 -56209.85 162745.23 3438.97 3193 7256
4981 162224.56 -62609.59 2852.98 3194 3316
4982 161381.98 -61327.92 2793.02 3194 3580
4983 161805.16 -57266.77 3424.12 3194 6475
4984 -254275.23 248800.30 3483.69 5926 3195
4985 163107.01 -154998.23 362.45 3196 3312
4986 -170002.38 -100687.73 2217.48 3197 5333
4987 -168312.72 -99657.39 2219.77 7216 3197
4988 -224966.43 -4501.78 3494.67 3320 3198
4989 -222450.35 -5403.98 3490.88 3198 3868
4990 -89455.61 30940.63 3095.58 3200 6903
4991 -155604.71 -51444.77 3470.12 3201 4243
4992 -155106.93 -50197.69 3598.50 4818 3201
4993 -154493.54 -52551.15 3564.17 3201 7114
4994 168330.05 96695.34 3919.12 3622 3202
4995 12302.64 -76348.59 1443.81 3203 5262
4996 -194148.36 -103416.69 2181.57 3204 7206
4997 149371.97 -98125.79 1122.19 3205 4716
4998 147376.95 -98254.34 1171.83 6539 3205
4999 -133425.43 -63134.85 2773.67 3518 3206
5000 -134634.62 -63020.98 3542.68 3965 3206
5001 -135033.15 -64939.27 3399.62 3206 4011
5002 42932.97 62713.24 3162.75 3452 3207
5003 46512.77 62830.01 3059.92 6079 3207
5004 -173006.52 105919.34 4287.31 3208 3260
5005 -171541.98 105497.77 3959.78 3208 4881
5006 123418.41 70728.90 2600.00 3209 6208
5007 217630.07 9965.72 3070.81 4480 3210
5008 -238493.54 -152820.12 1388.17 4907 3211
5009 -234083.69 -155463.64 1546.59 3211 6868
5010 -58462.25 -77561.91 1457.43 5514 3212
5011 -71445.25 18657.20 3097.65 3423 3216
5012 95118.46 104816.19 3359.28 3218 5413
5013 96516.24 100404.16 3254.78 6724 3218
5014 -65514.53 146564.41 3700.82 3546 3219
5015 -81580.17 -87788.58 1023.80 4667 3222
5016 -82609.62 -88788.15 1658.06 3222 5244
5017 8651.72 192934.40 3169.69 6514 3224
5018 40990.36 37740.28 3145.38 3422 3225
5019 -188899.41 139998.22 3417.68 4734 3226
5020 -191134.12 135841.04 3370.51 5318 3226
5021 -65394.47 207703.68 3468.99 5124 3227
5022 256293.69 -91508.28 1159.04 3228 6049
5023 42469.87 61013.87 3178.04 3229 3452
5024 185036.57 78885.13 3571.42 3230 3606
5025 182059.92 75950.25 3418.33 7212 3230
5026 -896.23 148636.38 3253.33 3232 5995
5027 -2634.03 149923.91 3435.02 3232 6936
5028 -205997.10 176944.02 3143.87 6320 3233
5029 -266378.09 251334.21 3630.74 5091 3234
5030 -51065.05 23898.70 3000.38 4876 3239
5031 -56336.51 25569.80 3051.73 3239 5381
5032 9556.50 -44400.83 3101.56 4602 3240
5033 10481.01 -42555.22 2969.74 5671 3240
5034 11376.83 -43590.18 3211.47 6214 3240
5035 -7654.17 113961.02 3505.61 3728 3244
5036 -7230.20 115775.23 3512.45 3244 6797
5037 58145.32 40575.86 3033.70 3245 3662
5038 56370.15 42169.21 2977.80 3245 4263
5039 -51252.27 -52034.53 1790.33 3590 3246
5040 -51585.01 -49787.32 1999.41 6274 3246
5041 217555.88 224046.20 3073.38 3247 5707
5042 220699.72 224029.06 3497.22 5777 3247
5043 27184.75 60368.60 3265.50 3248 3385
5044 25497.20 59170.82 3262.80 6310 3248
5045 33447.17 243213.27 3168.53 3250 6013
5046 -200474.31 171748.63 3233.74 6320 3251
5047 93202.48 -135346.80 739.14 3252 5032
5048 -18178.80 -74495.01 1225.64 3253 4163
5049 -17055.00 -72672.99 1224.23 6047 3253
5050 -118217.42 -67281.49 2990.25 3254 4305
5051 -116227.13 -67703.07 3161.54 5564 3254
5052 -220441.73 -114024.12 1260.72 5905 3255
5053 97109.99 12358.94 3071.38 3256 3985
5054 129711.31 -31431.16 3019.95 3257 5602
5055 134784.79 -28669.70 2978.59 6383 3257
5056 -174968.97 104188.44 3884.17 3260 5144
5057 -1302.47 203098.05 3277.68 3391 3261
5058 267513.45 -132100.18 441.52 6717 3263
5059 -132796.47 33419.58 3477.83 5115 3266
5060 -59618.29 223194.08 2948.81 3267 5281
5061 -61473.84 225403.97 3056.08 5914 3267
5062 -70504.59 29849.88 3000.22 7170 3270
5063 11766.22 116500.64 2964.79 3271 6322
5064 12031.28 117807.41 3211.69 3271 6412
5065 91803.56 -257357.25 514.88 3273 4879
5066 90313.04 -259066.01 341.07 6621 3273
5067 -241108.26 -52445.13 3028.45 3347 3275
5068 185431.63 -7292.05 3449.00 6195 3276
5069 -45270.21 27993.45 2950.31 4514 3277
5070 -45302.87 28607.99 2985.25 3277 6702
5071 89441.18 46202.02 3265.84 5048 3278
5072 256290.80 80282.94 2921.86 3806 3279
5073 -250210.02 71753.32 3617.22 3281 6000
5074 -250873.84 71912.89 3442.33 6398 3281
5075 16682.51 82939.85 3441.52 3284 5497
5076 15546.31 83516.96 3687.58 7202 3284
5077 74497.60 -54846.86 2378.12 3285 5505
5078 73389.05 -58559.73 2151.88 6182 3285
5079 220594.93 28414.46 3121.87 3287 4509
5080 -31738.81 -36101.09 3317.26 4649 3289
5081 -32578.83 -36929.51 3082.98 6713 3289
5082 -161111.26 26434.30 3092.83 3290 3338
5083 52476.64 203043.72 3298.91 3395 3292
5084 45466.59 -61782.42 3067.77 3444 3294
5085 46768.41 -63687.01 2064.54 3294 4785
5086 46596.30 -61679.08 3090.96 4948 3294
5087 115899.28 -77632.57 859.96 3295 5819
5088 -241498.30 -73501.08 2955.18 5766 3297
5089 -188154.20 253342.49 3081.64 4012 3298
5090 68551.65 9275.55 3349.62 3300 4963
5091 68992.10 9293.52 3152.50 6418 3300
5092 171065.71 -10257.62 2725.16 5655 3301
5093 -117739.20 -170469.66 643.85 3302 3447
5094 -118305.16 -169146.93 661.26 3302 6853
5095 207095.70 267727.39 4194.30 3657 3304
5096 -50031.76 -264072.95 307.73 3305 3981
5097 -54008.08 -267763.82 504.44 3305 4755
5098 242322.48 -37338.60 2789.36 4454 3306
5099 241344.91 -39674.88 2889.41 3306 6710
5100 -71004.21 -256642.11 622.74 3307 3702
5101 -67036.48 -255448.04 497.91 3307 3907
5102 -188512.54 232087.56 2897.49 3309 6416
5103 162835.26 -153766.46 745.26 5372 3312
5104 -194627.13 84768.95 3319.07 3313 6053
5105 222607.87 26980.39 3081.26 4509 3314
5106 -209944.00 -153326.08 1209.42 4390 3315
5107 161663.53 -64073.64 2879.04 3316 4624
5108 224905.42 -132803.22 813.96 6430 3317
5109 -213593.10 140997.36 2987.96 3319 4014
5110 -215427.02 141541.04 2919.79 5264 3319
5111 -226040.25 -3955.28 3467.19 4465 3320
5112 -107356.14 -78498.62 2572.44 3321 3659
5113 -107108.83 -79632.24 1995.55 3321 6355
5114 78907.51 3556.89 3201.11 5454 3322
5115 173925.55 259436.69 3387.52 3323 5625
5116 156582.56 215303.37 3257.12 3324 6245
5117 -254641.22 201866.18 3559.02 3858 3325
5118 -255440.27 200855.26 3540.94 5948 3325
5119 -178793.76 151035.72 2953.63 7014 3326
5120 -55772.84 77026.96 3036.58 3327 6861
5121 219202.93 10489.51 3096.63 4480 3329
5122 210048.98 21545.88 3288.84 3330 6768
5123 -407.53 198133.00 3353.97 3331 4591
5124 -1048.07 197084.80 3448.82 5635 3331
5125 90161.35 -37347.31 2970.51 3332 3363
5126 88537.40 -34728.67 3368.35 3332 4890
5127 227890.30 138946.91 3541.29 4987 3333
5128 -182183.72 194698.81 2804.23 3335 7083
5129 45646.23 101002.69 2990.70 7064 3336
5130 -231493.81 32406.56 3667.60 3337 5193
5131 -163848.59 28273.47 3267.92 3338 4247
5132 135455.99 175335.76 3492.57 3339 3973
5133 136560.79 176573.23 3781.63 3339 4314
5134 99980.35 -5305.04 2809.95 3464 3340
5135 99844.73 -5763.79 2965.10 3340 3787
5136 -44728.03 123378.84 3496.54 3341 3921
5137 -44247.50 120760.94 3398.77 3341 4635
5138 -210434.98 105138.50 3647.90 3342 6547
5139 69077.97 227131.29 3560.24 7124 3343
5140 261210.81 -38253.13 2278.86 6278 3344
5141 259161.64 -40344.54 2708.56 3344 7194
5142 70382.25 160709.01 3554.42 3346 3678
5143 -243636.76 -53477.92 3006.72 5112 3347
5144 -86216.99 -150385.20 595.44 3348 4991
5145 -147794.53 34824.81 3130.70 3349 3565
5146 -147029.92 35888.40 3261.23 7098 3349
5147 136552.54 239443.27 3579.05 3350 6916
5148 -48595.11 148082.09 3100.66 3351 5531
5149 76975.21 44290.59 3184.40 4346 3353
5150 263313.55 75586.62 2718.58 4475 3356
5151 -80260.20 110590.96 3588.23 5689 3357
5152 -255048.23 135142.63 3477.75 6297 3358
5153 -257353.58 134507.53 3506.00 6935 3358
5154 -191243.23 40567.50 3357.86 5465 3359
5155 173032.62 -34649.20 3296.48 3360 3776
5156 170603.00 -34998.11 2942.07 6872 3360
5157 18287.57 -45431.16 2956.88 5934 3362
5158 14800.64 -43799.63 2985.62 6214 3362
5159 89429.55 -40687.97 2981.56 6714 3363
5160 144953.93 -60699.34 2643.13 3474 3365
5161 -480.71 -42172.01 2201.76 3366 6983
5162 -210694.12 -176703.50 487.00 3367 5462
5163 -236486.36 40773.75 3030.61 3368 4425
5164 218347.92 15767.95 3296.23 3369 5838
5165 203619.48 218900.71 3390.36 3371 4000
5166 204683.16 218364.99 3320.13 3371 6496
5167 -212190.34 264652.47 3068.71 5809 3372
5168 183774.62 -15962.18 3162.66 3373 4326
5169 -14666.28 31943.75 3394.64 5229 3374
5170 -16651.54 31264.19 3518.05 3374 6392
5171 -94926.81 -153209.24 897.61 6323 3375
5172 -11630.03 -37110.13 2901.75 4426 3376
5173 51258.54 12518.51 3308.06 3958 3378
5174 49762.75 13236.40 3175.89 3378 5474
5175 80656.90 -86272.10 1500.67 3381 4611
5176 80052.04 -85684.13 1728.54 3381 6507
5177 32057.48 170425.17 3284.94 4869 3382
5178 28143.16 58768.38 3207.98 5418 3385
5179 28135.34 60989.30 3219.09 3385 5647
5180 -220715.92 157120.86 3326.98 3387 5848
5181 123815.65 231713.16 3051.37 3484 3388
5182 103935.56 50107.76 3505.86 5199 3389
5183 102207.93 48507.77 3009.55 5893 3389
5184 -21185.68 -36614.07 3032.34 3390 4353
5185 -20139.02 -35724.41 3036.05 3390 6201
5186 444.97 199198.04 3309.18 3391 4591
5187 -80212.43 246518.38 3112.36 6449 3393
5188 -76727.77 242363.48 3291.36 7264 3393
5189 50437.16 201702.60 2976.53 5153 3395
5190 99304.92 -47897.66 2672.10 3396 5663
5191 -244627.59 -176456.05 855.34 3658 3399
5192 -246445.19 -176285.84 922.39 6007 3399
5193 36628.45 -60087.00 3301.35 3400 4202
5194 33953.16 -57511.52 3123.29 4953 3400
5195 36051.36 -61105.56 3057.46 3400 6235
5196 -162578.10 124009.13 3361.11 7021 3401
5197 -87003.01 166775.69 3046.92 3402 6886
5198 159604.74 75452.94 3013.73 3403 7100
5199 21240.53 -88476.92 1421.25 3404 5869
5200 -77313.72 -154521.76 180.10 7023 3405
5201 157764.42 -154289.85 622.11 5361 3406
5202 85009.46 -83382.17 1770.59 3407 4350
5203 94192.30 217054.04 3184.01 3408 5648
5204 113933.50 235797.69 3655.47 5491 3410
5205 37434.03 -420.66 2965.10 7010 3411
5206 -27137.54 -144472.17 598.35 3412 4789
5207 -25592.10 -144199.17 400.29 3412 6127
5208 -27336.05 -143415.18 584.97 6429 3412
5209 80476.52 137376.91 3383.97 4693 3413
5210 72691.29 -138086.48 610.26 3679 3414
5211 73719.62 -136984.31 566.96 3414 4600
5212 247326.99 182106.98 3530.06 3415 5254
5213 250489.83 182118.67 3239.86 3415 6019
5214 41778.50 16678.43 3032.29 5221 3418
5215 42238.22 14649.07 3057.86 6335 3418
5216 251729.02 202263.07 3596.12 3419 5068
5217 251053.53 -40495.73 2617.77 5259 3420
5218 251799.76 -40411.39 2624.45 5705 3420
5219 134348.60 41022.70 3350.24 6510 3421
5220 -71173.23 21108.25 3312.43 5172 3423
5221 37520.19 115902.88 3412.66 3493 3424
5222 35988.94 114884.80 3390.73 3424 3835
5223 -201337.05 260547.79 3474.05 3425 4645
5224 -140461.10 -181758.51 254.21 4079 3429
5225 -209872.95 -156666.58 1206.70 3430 4390
5226 -107895.37 -73499.02 2777.18 3531 3431
5227 62922.76 61050.37 2842.11 6420 3432
5228 213358.86 241654.46 3809.71 3435 7001
5229 -261570.50 132362.33 3295.93 3436 5375
5230 -97167.72 -45902.26 2770.70 3437 4436
5231 29465.04 34051.97 2635.58 3439 3472
5232 92059.71 -137427.94 579.77 3440 4056
5233 92801.64 -135767.89 793.26 3440 5032
5234 -134600.78 -174884.69 772.75 3441 4270
5235 -135044.25 -176447.86 549.65 3441 6138
5236 -137064.74 -174834.77 771.41 6532 3441
5237 42791.48 -61442.05 3103.54 5718 3444
5238 213750.15 -139661.23 584.45 5546 3446
5239 -79628.75 2132.09 3024.90 7165 3448
5240 250405.95 -51073.42 1624.04 3919 3449
5241 252080.47 -51021.14 1644.93 3449 3969
5242 40115.11 61541.91 2866.80 4038 3452
5243 -106744.01 -83303.44 1325.78 3453 6141
5244 -107186.63 -81346.71 2031.28 6355 3453
5245 -119967.08 -172300.22 740.23 3454 3557
5246 -121852.55 -171213.72 729.17 3454 4386
5247 -30516.41 16232.07 2881.74 3455 6139
5248 -222602.98 262974.12 3841.90 4827 3457
5249 26950.58 -84529.94 1526.85 6183 3458
5250 252930.99 257248.24 3607.48 4894 3459
5251 -168309.63 180964.72 3384.33 3460 3828
5252 34153.74 18417.58 2930.03 3461 3968
5253 -193662.30 121569.42 3618.55 3465 4273
5254 145418.55 259790.49 3555.29 3466 3879
5255 -12567.85 99018.99 3014.87 3467 4990
5256 -14213.07 96599.07 2971.04 3467 6719
5257 -7783.11 44665.92 3068.93 4810 3468
5258 -8802.45 43454.02 3042.25 6194 3468
5259 68948.68 5249.71 3222.68 3469 4801
5260 67508.30 3293.23 3242.50 3469 5308
5261 -132831.43 -26141.16 3266.67 4692 3470
5262 -129933.36 -25824.59 3244.97 6415 3470
5263 73298.83 54092.81 2786.60 3471 3747
5264 72163.15 56015.70 2786.31 3471 5386
5265 29161.10 32333.50 2654.21 3472 3809
5266 -20570.92 19400.92 3174.63 4681 3473
5267 146000.70 -59350.63 2812.59 6955 3474
5268 -177491.69 96205.51 3485.05 4951 3475
5269 254164.76 260071.67 3243.10 3476 4536
5270 -130740.84 -70479.79 2829.31 6360 3478
5271 -242353.26 116556.05 3500.33 5345 3479
5272 62057.62 252541.79 3298.94 3757 3480
5273 62581.56 253754.84 3280.28 4944 3480
5274 244040.32 -79133.63 1393.54 3481 4970
5275 244232.07 -80528.99 1009.37 5831 3481
5276 245610.23 -77728.41 1414.63 3481 6634
5277 -265599.30 191524.95 3390.36 3915 3482
5278 -264154.26 189240.19 3474.36 3482 5599
5279 -38520.00 171590.77 3427.98 3483 6928
5280 115394.46 -9714.35 3169.13 3704 3485
5281 112923.56 -12134.30 3340.11 5157 3485
5282 -252937.36 -108392.95 1320.12 3925 3486
5283 -203007.03 -175515.25 686.05 6448 3488
5284 203267.53 -140971.21 716.86 4501 3489
5285 203764.15 -142485.41 752.49 5041 3489
5286 204617.70 -142667.11 741.87 3489 7204
5287 -75979.90 4356.60 2996.26 3490 3772
5288 -76772.78 5453.32 2766.13 4167 3490
5289 38823.61 117172.22 3560.59 3493 5446
5290 -176772.69 -122023.49 1289.99 3494 5973
5291 -176000.57 -122074.37 1146.87 3494 6217
5292 225607.34 -138358.30 244.57 3495 6367
5293 -23820.47 33199.64 3542.90 3496 6478
5294 -184832.47 34194.41 3194.54 3498 3709
5295 250145.84 -130766.38 548.72 3499 6624
5296 24827.42 -8773.78 2769.09 3509 3500
5297 25821.14 -6743.09 2826.01 3500 3755
5298 -25838.13 32119.07 3067.24 4496 3501
5299 -24406.09 32735.04 3103.60 3501 6478
5300 -157953.87 -106233.02 2228.86 3502 6816
5301 53782.39 124704.86 3582.14 3904 3503
5302 -183791.15 -100965.95 2297.20 6400 3505
5303 -29065.78 35614.20 2858.41 3507 6315
5304 72310.53 260437.14 3530.49 4053 3508
5305 24555.09 -10149.33 2735.11 6885 3509
5306 -163662.74 -107199.97 1679.32 3512 4506
5307 -164662.81 -108277.24 1672.38 3512 6846
5308 671.40 237005.78 3368.28 5799 3513
5309 170.36 234995.39 3480.05 7008 3513
5310 130399.64 29399.71 3191.43 5778 3514
5311 132175.46 27764.00 3248.26 3514 7197
5312 -243938.21 -84783.41 2523.75 4238 3515
5313 -244540.24 -86329.15 2566.50 3515 4356
5314 171796.39 262057.33 3278.46 3516 4125
5315 171576.89 260416.91 3421.02 5625 3516
5316 169738.11 261659.18 3638.47 3516 6043
5317 -133177.02 -61438.44 2752.48 3518 5448
5318 178828.91 164798.71 3459.90 3519 4888
5319 156658.41 231935.34 3617.68 3855 3520
5320 158220.06 234149.94 3519.31 3976 3520
5321 99307.35 205159.52 3414.25 3624 3521
5322 97150.23 207827.62 3172.18 3521 6682
5323 65367.83 50478.44 2988.58 3522 6340
5324 -57560.55 66681.25 3234.93 3523 3545
5325 -87769.97 16010.48 2720.72 3524 3839
5326 -86643.85 17865.03 2712.72 3891 3524
5327 -87930.54 17071.18 2607.98 4470 3524
5328 246959.81 -40892.30 2165.45 3525 5019
5329 -116596.06 -165283.29 939.80 5494 3526
5330 -112114.11 13575.92 2729.10 4016 3528
5331 -109970.85 16178.74 2724.52 6175 3528
5332 -12469.55 57494.71 3090.52 3926 3529
5333 -12817.08 55665.60 3118.75 4399 3529
5334 61392.13 229348.54 3601.43 7140 3530
5335 -38205.22 -16812.88 3098.48 5150 3532
5336 -35641.33 -16175.82 2850.46 5758 3532
5337 -139410.09 -182885.54 462.43 3533 4079
5338 -138672.99 -185643.43 255.65 3533 7065
5339 64851.70 -60843.13 2057.74 5274 3534
5340 66198.70 -57909.78 2088.13 3534 5772
5341 -203853.33 232449.47 3085.18 6898 3535
5342 -204362.84 218451.27 3022.36 3537 4580
5343 -53975.58 46509.64 2844.44 3538 4165
5344 202856.97 -13323.55 3132.72 4440 3539
5345 -65110.52 227313.15 3331.59 3542 4132
5346 -64753.28 225752.83 3310.74 5570 3542
5347 -63285.34 226881.37 3059.30 3542 5914
5348 69933.56 177567.82 3395.36 3989 3544
5349 -58758.21 64636.58 2803.12 3898 3545
5350 -59376.45 64952.62 3249.78 5203 3545
5351 -44430.17 13410.79 2964.55 3548 4280
5352 -46752.63 11085.76 2993.58 3548 5918
5353 3426.95 135445.13 3528.50 3549 3596
5354 -78288.15 23815.75 3053.74 3550 6186
5355 -160834.39 51978.98 3509.57 3551 5933
5356 -163099.19 53197.78 2785.33 3551 6822
5357 -250089.86 52363.58 3204.10 3630 3552
5358 -250634.52 50814.72 3289.86 3552 5215
5359 -247625.40 52135.22 3280.98 3552 6163
5360 47911.50 -19378.59 2862.35 6189 3553
5361 -66798.31 11332.07 3130.28 3889 3554
5362 -67770.95 12340.38 2798.91 3554 6773
5363 -265531.24 -71959.81 3172.98 4758 3555
5364 -264609.62 -72503.50 3151.60 3555 5828
5365 -119227.50 -173770.51 241.21 5665 3557
5366 -145495.50 91032.00 3515.22 5008 3560
5367 -144282.84 92118.32 3492.51 3560 5769
5368 -233341.01 -171895.76 1000.22 4625 3561
5369 112084.32 84577.36 3228.51 4653 3563
5370 113340.94 86139.65 2893.80 5125 3563
5371 -74098.58 -255137.65 295.93 3702 3564
5372 -148852.36 34624.23 3110.39 3565 4685
5373 -52494.81 168467.07 3371.69 4633 3566
5374 26222.02 44524.13 2932.70 5179 3568
5375 24093.37 46961.35 2887.72 5467 3568
5376 70552.44 57666.18 3065.28 3570 5205
5377 71510.93 57391.49 3413.15 5386 3570
5378 -174930.62 12606.93 3505.17 3572 6014
5379 99283.83 251703.92 3411.83 3741 3574
5380 70170.36 223528.22 3616.50 3575 4637
5381 69436.88 225528.66 3529.45 3575 7124
5382 -234564.25 73099.86 3315.20 3576 4865
5383 -236737.92 75339.90 3457.34 5416 3576
5384 -84527.99 8459.14 2548.30 3577 4004
5385 -186596.08 -76307.31 3028.47 4508 3579
5386 260586.70 -71159.01 1152.42 4266 3581
5387 -94969.59 -17818.88 2931.20 3582 4259
5388 -95922.00 -19504.19 2952.74 3582 6373
5389 -27037.64 -35293.87 3379.52 3583 4544
5390 -30130.54 -35459.59 3318.97 4649 3583
5391 31838.16 61709.15 3354.97 4085 3584
5392 48409.77 -47427.96 3470.56 3585 4099
5393 -231795.65 48219.44 3212.86 3586 6746
5394 212509.50 189589.46 3351.17 3588 5349
5395 -190084.93 -68722.60 3773.05 3589 4010
5396 -188240.04 -67824.49 3338.09 4296 3589
5397 -188571.37 -69696.31 3568.05 3589 4334
5398 220926.37 -148333.73 495.10 3763 3591
5399 -236911.33 -169313.79 1220.11 4625 3592
5400 -239789.54 -169863.29 1260.33 5330 3592
5401 209900.76 -132887.88 1054.15 3594 3687
5402 209487.24 -130105.48 1027.13 4087 3594
5403 39975.04 8024.33 3340.71 3595 3623
5404 1165.57 138985.27 3419.15 4780 3596
5405 89508.18 -94478.00 1764.47 3663 3597
5406 -126668.31 -71776.70 3203.96 5440 3598
5407 -25246.80 4651.79 2993.22 4224 3599
5408 -241610.44 -180601.52 446.77 3602 4367
5409 -241465.63 -181906.96 673.34 3602 5149
5410 -242525.98 -179073.45 651.13 3602 6032
5411 -205525.27 22307.89 3110.81 3603 4361
5412 27158.26 -51314.23 3139.87 4362 3605
5413 28743.66 -52817.34 2855.70 6849 3605
5414 184896.40 80905.34 3336.07 3606 3906
5415 183741.44 81166.97 2886.02 4290 3606
5416 183921.42 82510.75 3571.71 3606 6896
5417 248330.18 -52696.14 1114.03 3919 3607
5418 246089.86 -54127.47 1171.04 6636 3607
5419 79874.59 257418.60 3655.95 3608 5684
5420 81086.66 255510.38 3325.40 6830 3608
5421 149630.74 231942.42 3537.33 6649 3609
5422 101827.09 200061.99 3283.28 3610 6056
5423 101383.17 203455.22 3203.79 3610 6696
5424 26579.76 235874.15 3456.78 4493 3611
5425 -160252.19 262368.36 3440.96 3613 3727
5426 -161570.90 264659.49 3432.08 4337 3613
5427 -163386.06 260953.43 3394.77 3613 6247
5428 -182918.04 11192.23 3293.39 4210 3614
5429 234129.37 220487.32 3444.11 3615 5035
5430 -259701.67 -57664.90 3199.90 5592 3619
5431 171619.87 97997.10 3961.26 7179 3622
5432 100868.16 204545.61 3204.95 6696 3624
5433 103609.68 219013.67 3475.03 3625 3941
5434 -128895.60 -79175.99 3116.60 3626 6602
5435 144801.04 -149212.03 548.99 3627 5227
5436 -215309.18 105417.88 3602.80 3628 6843
5437 -81353.28 -19019.62 2778.79 3629 6170
5438 -250203.76 54036.59 3027.15 3630 3680
5439 -252222.77 127248.92 3519.76 6783 3631
5440 -161655.91 210723.62 3182.75 3632 4582
5441 -161105.29 208387.13 3151.72 4843 3632
5442 220715.92 -137975.15 509.61 3633 7145
5443 211884.44 110770.16 2775.30 4997 3635
5444 157924.89 92111.39 3556.91 6073 3636
5445 159494.54 91644.72 3518.18 3636 6817
5446 78561.23 269065.45 3794.22 3637 5283
5447 -34722.24 6313.88 2900.38 3638 5748
5448 13959.11 -10503.85 2003.21 4557 3640
5449 14824.13 -9202.85 2135.98 3640 6761
5450 65706.31 46927.81 3136.98 4186 3641
5451 64349.94 47688.87 3231.35 6340 3641
5452 5948.32 37468.18 2874.62 3642 3797
5453 -88887.41 39672.85 3036.79 3811 3643
5454 -87278.81 40286.61 2721.90 3643 4550
5455 -90116.70 43374.35 2989.17 5399 3643
5456 -234662.13 17858.14 3175.42 5992 3645
5457 -123660.61 -61923.57 2852.52 3649 4839
5458 -125798.73 -60567.53 2874.25 3649 5695
5459 -186576.64 111726.72 4193.33 4081 3650
5460 -185301.26 107628.35 4086.65 3650 6251
5461 -75622.94 -23081.48 3205.91 3651 4275
5462 -229859.89 263180.68 3848.84 3652 4538
5463 -232017.22 262632.57 3347.49 3652 5533
5464 -101536.18 -4467.16 3245.20 3653 4887
5465 208149.56 49327.22 3072.14 6900 3656
5466 205438.03 267572.38 3372.96 3657 4020
5467 205764.75 269356.60 3928.43 3657 4217
5468 -108252.39 -77622.58 2572.94 3659 3695
5469 -126727.25 78113.35 3367.86 4779 3660
5470 -22028.21 71005.13 2942.31 3661 5380
5471 59810.39 38370.39 3189.11 5771 3662
5472 60733.11 39632.10 3210.84 3662 6631
5473 90425.59 -96878.22 2018.50 3663 6067
5474 -140862.42 -220292.32 330.95 4484 3665
5475 -139720.64 -218205.22 276.23 5484 3665
5476 -21430.70 -89694.57 1222.30 3666 3814
5477 -34424.79 -42189.41 2838.99 5757 3671
5478 -35424.10 -44526.75 2720.44 3671 6248
5479 -38270.81 -42460.22 2820.04 7187 3671
5480 -67375.59 2233.49 2678.46 3672 4141
5481 -99290.21 -55094.59 2664.80 6089 3673
5482 118532.73 62768.96 3117.46 6064 3675
5483 -211616.96 48945.07 3223.57 4059 3676
5484 58471.05 174029.07 3571.99 3677 6084
5485 -249590.07 54978.22 3128.50 3680 5034
5486 -206517.02 21825.35 3448.48 3683 4361
5487 -208390.26 23038.81 3428.86 6228 3683
5488 -220765.51 208397.35 3448.90 3684 4328
5489 -222458.68 209354.34 3447.50 6560 3684
5490 -11472.10 60582.50 3041.07 3926 3685
5491 -11015.40 61642.51 3030.39 3685 4351
5492 -9052.68 62001.03 2903.24 5797 3685
5493 -81448.89 -3486.36 2873.31 3686 5629
5494 -81446.66 -2006.66 2868.49 3686 6301
5495 175448.19 217138.95 3494.75 3688 5747
5496 131861.59 -145867.19 792.54 6873 3692
5497 30332.40 -43168.25 2956.80 4066 3693
5498 -146221.10 -101494.22 2219.17 6862 3694
5499 -109823.77 -76934.20 2741.56 5147 3695
5500 14712.90 90481.78 3472.50 6525 3696
5501 12766.11 86155.67 3504.35 3696 7202
5502 -237370.55 -70408.69 3317.75 6346 3699
5503 48561.12 13752.75 3162.62 3700 5474
5504 44926.55 13909.97 3290.30 6335 3700
5505 -107474.92 -218079.68 491.33 3736 3702
5506 136294.73 127795.76 3312.64 3705 4483
5507 -133030.65 -18328.86 3074.45 3708 4812
5508 -252895.47 98708.31 3446.98 3713 6425
5509 -195759.40 33064.01 3527.13 4613 3714
5510 260767.96 -106057.25 908.64 3715 5591
5511 -208290.76 -91514.33 2672.90 4999 3716
5512 -207287.08 -89835.88 2679.91 6474 3716
5513 57234.43 -44895.94 3253.17 4126 3717
5514 57296.65 -46972.79 3271.21 5486 3717
5515 160663.09 -154969.96 581.47 3718 4708
5516 -135299.10 -52188.89 3064.56 5587 3719
5517 97539.89 243477.87 3490.29 3720 4835
5518 123548.83 268137.97 3286.42 7037 3721
5519 96027.20 139376.33 3555.22 3725 4816
5520 96815.43 140973.93 3411.21 3725 6116
5521 -235085.09 -175909.20 848.75 3726 4759
5522 -155897.09 263308.53 3161.92 3727 6388
5523 27640.22 8449.26 2964.17 4933 3729
5524 -253790.71 131155.89 3485.68 3731 3750
5525 -254230.23 129288.22 3882.34 7118 3731
5526 -170837.43 67332.23 3188.30 5444 3732
5527 -158246.69 -105904.58 2262.80 3734 6816
5528 -76795.13 -122423.04 1090.37 4856 3735
5529 -74424.08 -122196.41 1062.17 3735 6104
5530 -140955.87 -82472.85 2285.65 4183 3739
5531 97792.68 250918.01 3424.58 3764 3741
5532 98609.61 250018.43 3415.57 4006 3741
5533 -183961.25 76375.99 3551.05 3743 4512
5534 -185905.84 74768.23 3137.86 3743 4585
5535 -6036.43 40581.75 3073.49 3744 6272
5536 198753.99 -43721.00 3117.32 3745 4355
5537 197440.41 -42994.69 3207.48 3745 4408
5538 198691.20 -41051.21 3233.22 3745 4942
5539 123857.10 -38874.10 2804.27 4160 3746
5540 -176489.45 -137761.58 1514.84 7139 3749
5541 -253408.20 133989.67 3529.17 3750 6297
5542 -25630.63 93616.38 3059.16 3751 6971
5543 -23354.32 94320.82 3116.80 3751 7061
5544 -150678.58 -75395.44 3162.73 4528 3752
5545 -72013.67 -60065.29 2326.61 4453 3753
5546 253257.13 189764.33 3461.19 3754 6158
5547 250792.21 189521.07 3448.79 3754 7084
5548 26084.55 -4090.19 3255.70 3755 4250
5549 23244.93 -5704.43 3208.26 3755 7033
5550 195550.34 246272.22 3141.91 6481 3756
5551 196396.23 243066.82 4005.81 7055 3756
5552 93983.24 11505.43 3072.17 3985 3758
5553 88415.48 7556.84 3156.73 3758 5720
5554 -134213.97 141077.93 3445.87 3759 5373
5555 -133747.42 139904.63 3322.39 6305 3759
5556 -210500.24 75654.62 3414.92 3760 5552
5557 81905.61 264387.69 3641.61 3761 4446
5558 -206169.06 -180166.24 432.01 3762 6466
5559 -204046.49 -180148.41 445.45 7151 3762
5560 224274.21 -149454.58 55.70 6124 3763
5561 96266.44 251867.52 3899.06 3764 5493
5562 -24498.64 -6670.71 2861.62 5856 3765
5563 -172137.12 -19006.82 3392.76 5708 3767
5564 -170555.88 -21718.30 3391.67 3767 6253
5565 56836.63 60207.78 3250.50 5498 3768
5566 -262373.47 139366.79 3587.15 4678 3769
5567 135807.96 -154096.97 424.75 4384 3770
5568 -75288.31 1354.97 3524.17 5752 3772
5569 -181675.27 138281.97 3442.10 3773 5988
5570 -248589.47 -100568.93 1758.95 3775 4456
5571 -247704.88 -100356.92 1772.24 3775 4994
5572 838.92 169217.76 3140.00 3777 5754
5573 22544.53 232313.98 3500.32 6609 3778
5574 148090.35 -93554.89 1131.39 3972 3780
5575 253170.62 100256.31 3216.03 4349 3782
5576 -247827.92 259787.98 4020.57 3783 3819
5577 -247085.10 262396.13 3663.42 3783 4416
5578 23218.33 -42293.16 2870.97 6090 3786
5579 98777.12 -7663.97 2944.77 4916 3787
5580 -172851.99 6881.42 3680.25 3789 4093
5581 -172698.68 8183.47 3169.75 4110 3789
5582 -155476.35 -111707.18 1140.01 4142 3790
5583 -6240.11 45112.83 3181.64 3792 4810
5584 -4931.12 47526.66 3146.99 3792 5043
5585 -103132.71 176252.21 2810.41 3793 6786
5586 -181403.01 -102270.16 1841.26 6697 3795
5587 41825.05 97337.16 3274.97 3796 5880
5588 4563.78 36933.95 2884.65 3797 4068
5589 193614.36 264695.91 4020.44 3798 5787
5590 191355.38 267150.44 3714.17 6126 3798
5591 -173029.33 76587.26 3354.69 3799 4304
5592 259368.03 263555.74 3788.90 3801 4830
5593 -207507.62 49188.43 3119.46 3802 6828
5594 -4960.62 140983.68 3405.60 3803 7036
5595 -12868.44 -9866.69 3015.49 6233 3804
5596 256567.15 78117.34 2370.75 3806 6959
5597 -261694.27 132914.15 3208.76 5375 3807
5598 84949.63 -59294.35 1868.12 4838 3808
5599 28312.52 30144.80 2582.27 3809 6751
5600 -194468.11 -89244.87 2704.13 3810 5626
5601 -193633.99 -86912.23 2968.95 7019 3810
5602 -90572.49 38473.62 3088.20 3983 3811
5603 -107794.87 -68586.80 2644.52 4956 3812
5604 -225297.99 -152994.45 1236.87 4537 3813
5605 238699.51 244583.81 3053.30 6970 3815
5606 245542.82 261067.84 3572.71 6427 3817
5607 -73866.90 232760.53 2919.05 4844 3818
5608 -247046.87 258460.04 3577.94 3819 6469
5609 -83073.20 -35490.65 3108.61 6954 3820
5610 27200.69 12893.30 3034.74 3821 4172
5611 -17148.88 97671.63 2679.97 3913 3822
5612 -16347.27 99403.69 2877.28 4604 3822
5613 32292.60 -73493.19 1244.84 3823 5846
5614 32204.20 -72409.39 1274.30 5883 3823
5615 133013.54 -146242.80 785.64 6873 3824
5616 69119.34 128071.00 3025.73 3826 6054
5617 -20238.58 37261.73 2976.45 4492 3827
5618 -21495.66 36568.75 2976.23 3827 5346
5619 209799.61 -139887.13 681.40 7182 3829
5620 207333.82 -140798.26 856.28 3829 7204
5621 -249010.37 -63120.91 3024.96 3830 7239
5622 226142.73 15389.96 2968.26 3832 5460
5623 154740.71 44443.53 2885.66 6453 3833
5624 -152860.64 91624.91 3528.77 3882 3834
5625 148997.58 45363.52 3447.62 3837 4684
5626 128736.85 173488.86 3030.12 6023 3838
5627 -88715.62 15112.47 2732.57 5116 3839
5628 -194459.79 -184539.82 286.34 5430 3840
5629 -172805.46 -134021.52 1297.74 4523 3841
5630 199877.55 249723.06 3708.40 3847 3842
5631 -154494.84 262627.03 3054.56 6388 3844
5632 -3526.39 36586.14 2528.44 3846 5952
5633 -5437.43 38903.87 2821.87 6272 3846
5634 200514.12 250529.41 3521.22 4518 3847
5635 -59194.37 -141676.18 328.46 4461 3849
5636 159544.60 247381.16 3250.21 7141 3850
5637 -136078.61 -93223.44 2929.00 3851 3937
5638 -64065.07 -147424.02 257.67 4918 3852
5639 -64242.33 -144963.25 421.38 3852 5315
5640 -204110.32 -42729.55 3383.28 5500 3853
5641 240469.27 208368.72 3542.89 6445 3856
5642 264947.03 -74374.92 974.15 4152 3857
5643 265352.71 -77276.81 969.12 5562 3857
5644 -169097.02 -24260.81 3488.31 6253 3859
5645 -101407.69 7200.64 2680.10 3860 4449
5646 -100912.64 4339.42 2792.41 6942 3860
5647 -241839.68 265728.33 3143.09 4103 3861
5648 169297.96 -156454.68 555.39 4638 3862
5649 -70859.48 -14900.13 3007.43 6706 3864
5650 -86475.34 4839.30 2687.37 5858 3866
5651 -180428.80 35461.77 3302.23 3867 5310
5652 -222210.25 -8532.30 3235.87 5794 3868
5653 -235842.43 113270.92 3431.03 3872 4264
5654 151304.26 251437.39 3532.53 5211 3873
5655 149641.23 252408.75 3216.25 3873 5634
5656 -185283.39 41184.53 3418.14 5782 3874
5657 138526.60 -49348.98 3039.63 3875 4641
5658 139312.75 -50635.00 3384.30 3875 5979
5659 137652.27 -50155.71 3239.87 6721 3875
5660 -123651.29 -173150.12 646.27 3877 4297
5661 -123027.05 -172395.73 869.27 3877 4386
5662 144949.20 261825.41 3547.87 3879 7129
5663 241457.51 41445.60 3028.95 5598 3880
5664 -264597.53 126104.49 3843.25 3881 4214
5665 -153391.83 88593.29 3881.08 5411 3882
5666 199098.43 175373.81 3381.83 3883 4173
5667 45024.99 230657.84 3268.52 3886 6230
5668 189941.92 -57119.08 2447.15 3888 4374
5669 -84081.66 16977.67 3231.45 4709 3891
5670 224453.01 247089.74 3572.87 6385 3892
5671 14209.71 241729.79 3242.21 3893 6775
5672 -22814.33 -66767.19 1282.11 3894 4792
5673 -100621.84 -104540.97 1150.14 3895 4940
5674 73947.57 -79743.53 1218.08 4241 3896
5675 47233.03 244603.61 3092.03 7199 3897
5676 -245872.53 263242.20 3296.94 3899 4416
5677 -245162.79 264400.87 3267.55 5623 3899
5678 94370.09 -116610.35 1430.28 3900 4895
5679 179569.31 236839.65 3612.93 5303 3901
5680 181661.41 237685.22 3620.26 3901 5574
5681 142182.54 -151093.20 516.36 6021 3902
5682 143087.21 -151717.27 508.48 6243 3902
5683 -179309.97 -30940.56 3159.41 3903 5966
5684 53626.46 128338.43 3590.66 3904 4272
5685 51600.55 125025.61 3562.28 3904 5103
5686 -66163.59 -252566.83 250.15 5123 3907
5687 -213285.66 64175.29 2977.33 4931 3909
5688 -211341.93 66325.21 2972.23 5894 3909
5689 4843.39 26324.62 3379.08 6572 3910
5690 53451.02 12665.80 3201.67 3911 3958
5691 56184.37 14362.66 3239.70 5510 3911
5692 54851.30 13221.29 2707.59 6134 3911
5693 110673.48 262476.08 3880.17 5542 3912
5694 -18608.53 95317.38 2664.26 3913 7143
5695 63049.67 -48340.62 3506.54 3914 6912
5696 -266955.28 191483.47 3345.49 3915 4193
5697 -252257.38 232951.72 3410.02 3916 6838
5698 -45784.08 123367.19 3206.78 5442 3921
5699 -49082.34 127929.54 3434.89 3921 6909
5700 -185113.13 19781.26 3623.40 3923 3956
5701 -182967.54 19324.81 3592.83 6382 3923
5702 227830.57 -44640.08 2615.62 4134 3924
5703 -253676.30 -108139.55 1635.31 4423 3925
5704 -14694.41 61021.52 3402.32 3926 7195
5705 -153124.76 -190788.89 233.05 3927 4137
5706 -22290.63 -73801.47 1399.03 5265 3928
5707 -24557.37 -74940.90 1017.27 3928 5984
5708 -180414.63 252360.46 3634.32 6327 3929
5709 -179365.89 251214.05 3385.07 3929 6938
5710 -266101.52 196103.04 3495.51 3930 4307
5711 -96690.68 -78503.99 1802.10 4153 3931
5712 -97433.42 -82074.86 1466.89 5110 3931
5713 179237.46 -63982.47 2635.88 4486 3932
5714 177134.67 -64340.42 2840.84 7028 3932
5715 71302.85 -53421.33 2391.85 3933 5298
5716 -198196.86 -80926.96 3459.50 5145 3935
5717 -135821.58 -93393.23 2795.96 5253 3937
5718 129764.17 -150599.53 313.17 5731 3940
5719 105826.13 220691.91 3475.79 3941 6137
5720 -214819.50 58764.81 3103.99 3942 4460
5721 -214989.36 60496.97 3589.94 3942 4931
5722 -219081.73 74010.22 3711.16 3943 6544
5723 -140555.19 -217674.65 191.38 3944 5484
5724 104453.85 130595.95 3417.27 5108 3945
5725 105831.30 128403.23 3439.66 3945 7227
5726 -18736.81 -9900.12 2771.19 3948 4556
5727 -14998.40 -10105.00 2749.53 3948 6233
5728 240156.66 101302.33 2880.46 4291 3949
5729 -122120.42 -150843.46 1276.49 4333 3950
5730 -120225.12 -152826.25 1294.43 3950 4482
5731 -119457.36 -151621.36 1324.43 3950 7166
5732 -91446.99 32434.42 3053.01 6903 3951
5733 -22435.97 -104212.07 1184.38 5999 3953
5734 19155.38 162100.62 3496.45 3954 5827
5735 18329.49 162919.67 3511.48 6675 3954
5736 -63763.00 159575.65 3155.09 3955 5685
5737 253583.37 -89928.50 954.42 3957 5922
5738 52722.40 10510.66 3315.45 3958 4622
5739 194631.12 213234.41 3182.11 4415 3959
5740 -254488.64 156331.76 3476.95 3960 6249
5741 156205.45 -13533.67 3157.22 3962 4660
5742 153254.69 -8978.38 3218.02 3962 7095
5743 -69281.94 -58964.34 2299.63 4453 3963
5744 -68184.68 -57477.57 2494.60 3963 4505
5745 -137542.86 -62959.36 3184.33 3965 5788
5746 32395.30 18415.44 2928.72 3968 5945
5747 254235.24 -50546.36 1911.22 3969 4332
5748 253190.54 -52948.44 1776.52 6640 3969
5749 80004.81 136046.02 2999.95 3970 4693
5750 140863.67 130411.90 3190.67 4689 3971
5751 135933.84 173467.76 3030.74 5185 3973
5752 131007.97 174963.47 3496.35 6023 3973
5753 -192343.37 -105807.26 1762.00 3974 5114
5754 -193698.49 -105586.04 2154.74 3974 7206
5755 -214689.98 82755.66 2809.48 4114 3977
5756 -213180.60 85354.73 2799.69 3977 4666
5757 -93042.60 -95151.23 1009.60 4018 3978
5758 -92211.73 -98548.98 1425.17 3978 6190
5759 156945.04 -134003.40 838.35 6352 3979
5760 157198.73 -136230.69 1176.32 3979 6980
5761 -43970.19 -261524.78 292.40 3981 6198
5762 -32867.01 36425.72 2953.29 3982 5818
5763 -30296.08 36090.78 3241.22 6315 3982
5764 120400.84 -26438.38 3186.16 3984 6807
5765 -219693.07 75658.80 3543.12 6544 3987
5766 68251.56 178362.14 3457.36 7248 3989
5767 -32650.64 104234.97 2982.85 3990 5338
5768 30865.93 207621.99 3249.41 5012 3991
5769 -85712.66 -62727.20 2932.70 5889 3992
5770 30651.94 28768.04 3302.70 5870 3993
5771 28894.94 28784.26 3364.56 3993 6751
5772 -234361.07 -11978.20 3009.59 3994 5887
5773 -43609.89 32719.36 3100.28 4575 3995
5774 -45937.74 31855.79 3128.83 3995 4971
5775 -44562.74 30593.16 3108.59 3995 6702
5776 -143409.31 -60210.81 3424.89 3999 5645
5777 -144676.23 -59166.41 3396.47 3999 6665
5778 -19510.67 -102009.76 1476.90 4001 5999
5779 -18222.36 -97159.10 1440.38 6135 4001
5780 123947.01 268556.00 3055.75 4002 7037
5781 173345.84 233070.85 3064.35 4570 4003
5782 -81973.40 7180.73 3028.98 4787 4004
5783 -117780.10 -91519.81 1511.42 4005 4400
5784 -200790.05 -174564.03 800.66 5810 4008
5785 -264046.34 -92067.89 2651.28 4719 4009
5786 -190954.01 -69939.92 3440.88 4010 5832
5787 -194399.35 -68692.46 3446.25 7112 4010
5788 -172184.78 254623.94 3285.10 4013 6097
5789 -113300.29 12357.85 2804.86 4016 5660
5790 -92418.26 -93329.71 1042.76 5526 4018
5791 -155729.34 -181375.01 444.95 4019 5674
5792 203962.90 267036.97 3336.45 4852 4020
5793 243368.95 -125161.81 597.32 4021 5575
5794 245572.81 -125715.11 629.22 5672 4021
5795 -257805.21 127780.83 3434.11 6459 4023
5796 -255868.14 128262.77 3645.50 7118 4023
5797 98973.21 196116.26 3483.44 4808 4024
5798 101407.04 198167.31 3375.12 4024 6056
5799 101566.40 196200.13 3379.79 4024 7142
5800 4241.96 61288.37 2989.91 4025 5597
5801 -156131.76 -180165.94 483.11 5674 4026
5802 -8785.81 88341.44 3356.51 6246 4027
5803 -238877.41 102513.86 3378.65 5204 4028
5804 83993.63 -93246.95 1571.44 4029 7235
5805 -9397.06 53402.58 3215.21 5397 4030
5806 -27928.86 -46367.70 3357.78 4781 4032
5807 211054.74 -2733.34 2930.45 4033 4871
5808 -38813.63 8577.25 3063.83 4034 4378
5809 -38711.05 6190.07 3044.65 4034 6933
5810 66378.73 -53936.31 2883.37 4113 4036
5811 68699.71 -53405.20 2322.16 5298 4036
5812 -24654.97 105486.33 3009.52 4041 7012
5813 73324.61 -77383.60 1673.01 4042 4241
5814 72852.13 -73651.08 1563.23 4042 5781
5815 162711.53 -152633.19 813.24 5981 4044
5816 164197.59 -151306.22 1004.42 4044 6801
5817 -29500.56 2906.99 3176.16 4045 7020
5818 139198.67 197120.74 3534.67 4046 7013
5819 -135570.18 148669.55 3386.05 4926 4047
5820 16614.33 35092.96 3041.28 5910 4048
5821 15581.44 35385.77 2747.11 4048 6080
5822 45348.90 -66040.08 1982.55 4785 4049
5823 -57371.69 166970.40 3267.09 6441 4050
5824 47693.95 -54115.58 3378.94 4051 6342
5825 132810.66 -139010.93 754.78 4052 6601
5826 -181956.33 -100009.73 2533.00 4369 4055
5827 -182149.93 -100693.26 2539.35 4055 6697
5828 91522.13 -139028.29 515.48 4056 5656
5829 -145740.60 73678.01 3550.91 4057 5016
5830 -210060.59 48803.57 3467.02 6143 4059
5831 256010.54 -49962.37 1485.12 4332 4060
5832 257615.97 -49785.76 1487.98 7090 4060
5833 88702.79 -260409.80 214.34 4061 6621
5834 165731.04 -42278.73 3116.69 4062 5420
5835 169008.75 42426.43 3370.11 4063 6811
5836 -124818.15 67806.54 3355.04 4064 4623
5837 -194375.92 47875.66 3204.74 5388 4065
5838 29036.51 -42259.18 2866.03 6075 4066
5839 4820.93 34397.78 3284.34 4068 4166
5840 1977.03 33755.88 3465.23 4068 6386
5841 -221013.64 -171201.70 966.54 4910 4070
5842 53408.08 46802.13 2702.25 4078 4071
5843 50367.53 45944.78 3026.89 6402 4071
5844 -31607.18 -37683.36 3353.69 4072 4517
5845 -32396.96 -37369.30 3061.28 4072 6713
5846 115128.01 248675.89 3530.29 4073 5805
5847 -204739.48 75045.90 3033.77 4310 4074
5848 -207933.28 75616.22 3191.27 5552 4074
5849 -27234.65 19015.55 2821.46 4075 6575
5850 -98681.82 -12084.53 2999.90 4952 4076
5851 35625.45 -63883.64 2804.01 4647 4077
5852 34839.65 -64494.91 2762.77 5659 4077
5853 55017.87 43750.71 2683.05 4263 4078
5854 -140980.10 -180774.73 706.76 4079 5814
5855 -160969.52 88524.50 3757.92 4080 5078
5856 -156594.93 88521.75 3711.73 4080 5411
5857 -23921.33 43640.99 3005.81 4082 5146
5858 31642.23 60319.88 2987.16 4085 7096
5859 32763.06 -65713.66 2218.13 6691 4086
5860 48246.80 -376.69 2865.76 4090 4313
5861 159221.60 161093.54 3454.95 5168 4092
5862 -172441.71 6526.11 3352.88 4093 7130
5863 -77133.05 156630.64 3283.19 4096 4239
5864 -76038.27 155078.22 3604.15 4511 4096
5865 -78457.15 156266.67 3352.21 6114 4096
5866 158001.10 -66130.19 2487.99 4651 4097
5867 153211.68 -66014.73 2002.07 4097 5559
5868 207171.36 -120149.58 912.96 7126 4098
5869 50821.01 -49933.76 3271.85 4741 4099
5870 -110684.92 179836.58 3170.52 4100 4213
5871 224155.29 15450.00 3256.51 5460 4101
5872 221017.94 15926.56 3333.28 4101 5838
5873 73005.73 57745.22 3297.15 4102 5386
5874 26221.05 34340.62 3057.05 6244 4105
5875 -142881.03 38748.58 3435.07 4106 5923
5876 -144607.63 36173.15 3262.47 4106 7098
5877 -218882.42 -175095.84 711.33 4107 5679
5878 209546.92 83138.64 3042.84 5271 4109
5879 211259.42 82188.12 3519.93 4109 6044
5880 -76991.04 -7607.02 2949.96 4112 6735
5881 66408.93 -55797.83 2726.60 5772 4113
5882 64337.42 -51829.03 3034.78 6653 4113
5883 -216223.72 81067.07 3585.49 4114 4175
5884 88098.37 -135585.12 967.89 4131 4118
5885 145031.95 186127.14 3530.02 4119 4626
5886 235413.80 67705.81 3110.17 4120 6650
5887 -2630.24 120724.03 3399.47 5070 4121
5888 -73981.24 -12737.83 3033.81 4122 5182
5889 -67943.15 -123526.78 1261.12 4124 7077
5890 56193.82 -43071.72 3479.50 4126 7238
5891 177665.20 229066.13 3228.86 4127 4914
5892 95950.61 199788.88 3587.86 4128 5037
5893 52455.92 -19182.32 3065.94 4129 5516
5894 -63357.86 -144956.42 515.15 4130 5315
5895 -192027.82 -169124.15 1196.75 4133 5716
5896 -189957.39 -166979.37 1221.56 4133 5963
5897 227002.80 -40926.43 2734.32 5089 4134
5898 86410.04 229523.91 3419.67 4135 5323
5899 -131340.17 -72448.76 3009.52 6360 4146
5900 -146502.79 -184174.47 320.25 4148 5872
5901 97258.32 112904.68 3358.04 4151 7153
5902 -129729.04 232503.07 3369.67 4156 5863
5903 -146077.89 245457.84 3281.77 4157 6549
5904 -143951.73 244303.32 3208.32 6603 4157
5905 242741.79 184604.57 3487.08 4158 4300
5906 241497.12 184823.26 3586.12 6371 4158
5907 124246.76 -40674.49 2792.58 6120 4160
5908 -203875.79 -76802.21 3271.35 6567 4161
5909 9663.26 267975.55 3229.83 4162 4977
5910 -18224.75 -76122.15 1203.70 5198 4163
5911 -19766.21 -74533.03 1229.19 4163 5265
5912 5154.45 31166.71 3247.85 6572 4166
5913 -78164.45 6261.47 2740.19 4393 4167
5914 -216305.02 42857.25 3324.46 4168 5608
5915 -18699.56 103979.80 2984.98 4232 4169
5916 123436.86 -158063.73 366.07 4171 4178
5917 121753.99 -156497.95 267.15 4586 4171
5918 122628.17 -157839.55 304.31 4171 5004
5919 28705.51 12178.70 3139.23 4172 6313
5920 -77493.06 101350.55 3219.41 6192 4174
5921 194707.79 -39418.91 3342.81 4176 4703
5922 194270.72 -37033.77 3396.18 7026 4176
5923 204434.48 255931.69 3591.29 4177 4617
5924 123897.89 -159596.91 308.95 4743 4178
5925 -202.91 -8968.75 2094.63 6242 4179
5926 54399.36 -50262.08 3109.36 4181 4741
5927 56056.61 -48814.78 3143.24 6616 4181
5928 -69373.07 23555.45 2978.91 4184 5065
5929 -70725.78 23150.21 3287.87 4184 5172
5930 -54942.02 157927.25 3523.52 4185 5194
5931 -55324.24 160872.09 3474.78 7256 4185
5932 -153116.54 32309.00 3181.30 4187 5941
5933 -1577.58 191175.08 3347.46 4188 7108
5934 250686.65 186882.15 3268.15 6019 4189
5935 250276.17 188706.07 3421.03 7084 4189
5936 13278.02 -110974.39 1620.40 4939 4196
5937 14099.64 -108619.38 1586.98 4196 5113
5938 3094.48 18116.68 3000.54 5582 4199
5939 2593.30 17505.09 3220.10 7123 4199
5940 257471.91 167140.67 3481.43 4200 4309
5941 -203881.13 118398.39 3434.35 4201 5063
5942 37791.89 -60467.62 2873.67 4388 4202
5943 -84699.73 199115.46 3007.10 6489 4203
5944 223241.24 237281.29 3484.11 4206 5208
5945 -64788.75 67532.04 3245.43 4207 4938
5946 184328.33 268657.24 3760.88 4208 4531
5947 185776.26 267592.36 3806.88 4208 6583
5948 -222009.12 -181271.48 167.64 4209 6815
5949 -221040.14 -151149.92 1502.00 4211 4537
5950 -215784.12 -148783.65 1542.50 4211 7039
5951 -108982.15 176098.91 3217.85 6347 4213
5952 -263549.36 124396.44 3992.78 6558 4214
5953 170749.73 -63916.32 2877.06 4215 6115
5954 -134163.79 216752.79 3515.35 4342 4218
5955 -130539.78 218211.55 3562.81 4218 6932
5956 -186418.36 247814.44 3571.72 5641 4219
5957 -101589.07 -75559.21 2859.36 4375 4220
5958 -101002.13 -74466.33 2840.40 6384 4220
5959 6818.15 -12762.43 1124.33 6041 4225
5960 2982.48 55945.56 2709.09 4227 5377
5961 9120.80 -31148.24 2207.38 4228 5002
5962 155145.52 -43672.36 3473.78 4229 5729
5963 50186.25 74332.79 2965.35 4231 6859
5964 -18354.31 102484.04 2961.92 6455 4232
5965 154324.07 28893.23 3105.43 4233 5064
5966 156958.83 29374.71 2996.44 5184 4233
5967 68368.45 -4439.53 2848.97 4432 4234
5968 69316.78 -2450.07 3210.73 4561 4234
5969 -252984.46 -52297.84 3060.01 4405 4235
5970 -251712.64 -55277.64 3140.22 4235 4806
5971 88954.26 45222.78 3301.71 4237 5048
5972 87928.70 43880.50 3328.49 4237 5713
5973 -243171.70 -84153.52 2545.34 5284 4238
5974 73174.30 -81571.83 1796.54 6701 4241
5975 -112100.67 171727.93 3254.97 4733 4245
5976 -108740.48 173163.08 3226.66 4245 6347
5977 -33332.70 -23041.81 3474.22 4248 5547
5978 40861.90 69687.38 3387.72 4249 4268
5979 -16671.85 -77149.13 1250.55 5198 4252
5980 -15145.99 -77580.86 1329.87 5451 4252
5981 -121104.23 -4207.34 2877.94 4866 4254
5982 -120707.98 -3264.37 2907.32 6524 4254
5983 -214103.52 -43149.94 3105.41 5793 4256
5984 -213395.03 -43895.74 3084.51 6091 4256
5985 182107.54 220130.48 3273.28 4612 4257
5986 -184961.32 -179484.32 763.45 4258 4360
5987 -182694.09 -180755.90 731.98 4258 7059
5988 -212857.13 -90496.50 2576.29 4898 4261
5989 189041.73 83034.05 3565.29 4262 5009
5990 188453.63 84782.89 3837.52 5160 4262
5991 185899.01 83887.00 3570.85 6896 4262
5992 -234009.70 110190.70 3751.64 6976 4264
5993 157324.95 -13422.73 2883.83 4660 4265
5994 43370.21 73177.32 3524.97 4268 5051
5995 -241580.31 -79687.47 2875.70 6169 4269
5996 -131481.37 -172781.93 733.32 4270 6646
5997 58810.09 130349.23 3434.63 4272 5368
5998 -128609.24 227142.67 2933.52 4274 6961
5999 -77975.95 -22874.17 3215.88 4275 6869
6000 126977.66 -42748.20 2760.25 6120 4276
6001 -264989.88 -174454.53 841.04 4277 6670
6002 -262538.63 -174482.84 828.31 4277 6781
6003 -89022.40 -86412.62 1822.89 4278 6686
6004 -193114.03 260735.72 3308.11 6944 4279
6005 117702.27 -148461.89 52.51 4281 4431
6006 58330.76 93014.81 3207.42 4283 4620
6007 -23488.67 12481.39 2638.12 4285 4376
6008 -25635.83 12292.16 2652.37 4285 6535
6009 40918.00 -39159.78 2841.14 4286 6437
6010 58771.39 239112.84 3619.32 4288 4813
6011 99844.61 21605.77 3303.11 4289 5223
6012 -206542.52 -83514.82 3207.90 5348 4292
6013 -244788.19 -158374.60 1197.92 6999 4293
6014 -5015.74 -33319.14 1869.86 4294 4312
6015 -5732.59 -32737.27 2170.02 4294 6131
6016 -84104.81 218371.94 3103.99 4295 5680
6017 -187667.41 -63904.90 3373.25 4549 4296
6018 226149.65 102566.63 3402.15 4652 4298
6019 223192.90 105385.91 3384.36 5100 4298
6020 -117362.36 204385.01 3216.17 4302 5142
6021 -173644.62 82319.14 3456.79 6760 4303
6022 -119166.94 -66306.97 3016.85 4305 4905
6023 -120394.26 -67212.03 2851.50 4305 5084
6024 268490.30 -99768.78 855.01 4547 4308
6025 259307.92 166525.41 3332.94 4309 6588
6026 108418.97 252990.48 3597.63 5401 4311
6027 47802.10 -2065.69 3108.14 4313 5524
6028 50084.64 -373.33 3367.99 7099 4313
6029 137238.02 176442.13 3563.97 4314 5224
6030 209016.56 -151689.15 283.09 6072 4315
6031 207014.02 -150550.54 490.26 6224 4315
6032 -98020.03 19340.56 2653.02 4782 4316
6033 114716.78 93550.50 2819.99 4319 5595
6034 95219.71 -6488.58 2904.89 4670 4321
6035 95910.29 -5608.10 2611.13 4321 5759
6036 -243195.70 -82201.21 3127.03 4323 5284
6037 -242749.66 -80074.13 3161.96 4323 6169
6038 47552.91 231315.21 3187.42 5833 4335
6039 46589.72 229950.29 3452.37 4335 6230
6040 -113836.72 10694.24 2987.28 5660 4336
6041 -114919.29 10685.24 2800.35 4336 6503
6042 -12552.99 -55105.42 761.13 4340 5459
6043 69029.11 11446.19 2982.82 4341 5435
6044 72075.05 11083.93 3230.76 6059 4341
6045 69464.11 10570.47 3130.05 4341 6418
6046 -256915.07 -71678.60 2872.03 4343 4859
6047 -146789.41 -76146.04 3117.73 5532 4344
6048 9914.85 81507.34 3283.64 4680 4345
6049 77161.08 42531.82 2871.81 4346 4577
6050 78387.28 42170.46 3178.88 5550 4346
6051 56166.45 215884.16 3561.49 4629 4347
6052 253644.77 100626.49 3227.53 4349 6389
6053 -189932.39 226645.06 3548.83 6238 4352
6054 -21635.83 -37530.29 3087.33 6726 4353
6055 -23656.23 -37028.66 3098.67 4353 6794
6056 147101.18 -57967.54 2925.42 6955 4354
6057 199637.97 -43376.92 2982.72 4355 4891
6058 198782.83 -44688.35 3017.86 6526 4355
6059 -246113.25 -87906.12 2758.37 4356 4507
6060 -195904.32 242565.01 3297.04 5301 4357
6061 176184.72 134513.01 3449.12 5694 4359
6062 -205157.99 20706.20 3468.97 4361 6893
6063 25687.27 -49347.00 3171.38 6378 4362
6064 -233908.94 92376.22 3358.17 6754 4363
6065 -144064.08 -63609.01 3097.06 4364 5645
6066 -28285.07 -25784.50 3331.38 5547 4368
6067 -182229.79 -98314.45 2554.17 4568 4369
6068 15673.19 -63880.64 2167.33 4370 5045
6069 163773.51 52251.14 3009.90 5770 4371
6070 -8521.51 -41775.99 2307.56 5427 4372
6071 -101715.40 -76771.32 2303.66 4375 5167
6072 12575.12 -40648.71 2810.69 5671 4379
6073 -175012.69 81132.95 3547.56 4381 5294
6074 -215749.08 99982.28 3563.00 6632 4383
6075 -268602.53 86163.13 3590.09 4385 6708
6076 -122332.61 -171561.97 606.86 5485 4386
6077 -122647.28 -170853.51 724.22 6117 4386
6078 647.46 81946.35 3014.45 6061 4387
6079 4444.90 84855.56 3520.36 4387 7222
6080 39300.99 -61221.53 2806.34 6485 4388
6081 51025.07 63741.03 2933.95 5560 4389
6082 -238963.59 235291.09 3516.93 4392 6550
6083 -80007.76 7011.03 2748.49 4787 4393
6084 57598.19 238973.50 3608.63 4394 4813
6085 -15670.65 13662.98 2875.68 4395 5044
6086 -77383.16 -2383.33 3040.45 5457 4396
6087 -14155.73 54644.77 3186.97 6505 4399
6088 90915.24 254772.55 3799.79 5188 4402
6089 -48056.79 19131.23 2904.29 4403 4414
6090 -48582.16 16943.26 2900.43 6290 4403
6091 221149.59 262039.36 3443.80 4404 6800
6092 -253326.74 -48115.51 3028.45 4405 5424
6093 -56185.49 50877.51 3251.01 4618 4406
6094 -54926.42 50982.76 3559.27 4406 6156
6095 6059.66 61602.92 2934.41 5597 4407
6096 8886.83 62945.63 2953.59 4407 6100
6097 195920.14 -42026.37 3340.97 4408 4703
6098 -202319.01 253384.48 3121.68 5867 4409
6099 -164016.31 -102076.12 2203.55 4410 6530
6100 -166471.02 -100238.93 2196.59 7216 4410
6101 16913.15 214732.79 3308.61 6112 4411
6102 140414.30 -51941.86 3397.06 4413 5979
6103 -46061.30 19788.05 2902.08 5661 4414
6104 -95434.83 -73029.47 2086.44 4417 6587
6105 -93846.87 -72532.89 2098.27 4417 6803
6106 208914.99 -125333.48 949.40 6285 4418
6107 217376.07 31883.65 2890.12 4419 5187
6108 -160087.48 220440.70 3437.91 4863 4420
6109 -41133.42 154493.46 3213.88 6405 4422
6110 -8190.75 -34369.32 2880.31 4426 6131
6111 104319.71 -38460.70 2887.89 4428 4943
6112 4034.59 76418.73 2832.70 4429 6819
6113 -249818.87 129188.58 3445.13 4430 6783
6114 234330.31 198818.43 3652.59 4434 6731
6115 -97632.87 -44035.38 3170.51 7180 4436
6116 123105.35 -142024.56 786.18 4437 6179
6117 124075.69 -143432.96 796.71 6499 4437
6118 -182411.07 50747.82 3352.53 4439 5263
6119 -180976.44 50685.78 3028.69 4439 6741
6120 202401.45 -15420.15 3312.61 4440 5515
6121 -161773.73 -100960.66 2557.71 6530 4441
6122 -130138.49 142171.40 3200.67 6559 4442
6123 -217941.09 -97396.31 1676.45 4444 6884
6124 -121904.81 -172040.94 556.33 4445 5485
6125 82894.88 263726.04 3583.78 4446 4474
6126 -101739.88 8453.71 2685.08 5480 4449
6127 -192616.46 -71257.91 3448.01 5832 4450
6128 198403.69 -145514.02 449.07 4451 5750
6129 197151.45 -146210.07 443.36 5854 4451
6130 -232038.63 133000.47 3114.21 4791 4452
6131 -235417.97 135272.15 2750.01 4452 6295
6132 -69442.35 -60254.49 1880.49 5970 4453
6133 245275.27 -36156.46 2736.09 4454 6592
6134 258138.58 -128729.73 363.87 4663 4455
6135 31098.96 13404.30 2817.86 4457 5964
6136 128154.53 35198.11 2711.62 4458 4477
6137 201281.57 265705.75 4049.19 4459 4852
6138 200004.85 265603.61 4055.31 4459 5691
6139 -227220.40 -3298.76 3076.20 4465 4490
6140 -111756.09 -68233.20 2743.32 4466 6835
6141 175515.50 43533.52 3587.99 6519 4467
6142 -243826.60 53793.47 3187.34 4469 6163
6143 -240514.79 55918.01 3254.65 7184 4469
6144 -17139.46 19263.15 2976.57 4471 5957
6145 -174307.49 140389.41 3350.51 4746 4476
6146 -192380.81 -180715.20 526.70 4478 7089
6147 -148035.47 -80944.14 3052.91 4481 5692
6148 -119825.54 -154425.88 1165.01 4886 4482
6149 137787.61 128963.83 3279.71 4689 4483
6150 -142899.62 -219634.06 402.10 4484 5162
6151 176393.20 140590.81 3320.08 5302 4485
6152 180659.73 -64218.03 2609.82 4486 4655
6153 72873.46 115512.65 2984.57 4489 5473
6154 27633.06 232397.05 3497.71 4493 4873
6155 237495.76 -132230.25 789.16 7053 4494
6156 -193116.52 47835.09 3698.89 5388 4495
6157 -25791.63 29460.19 3343.61 6553 4496
6158 -198268.69 228932.77 3032.46 4500 4833
6159 42050.99 85123.64 3121.63 4502 5102
6160 -181826.87 77470.23 4117.65 4512 4727
6161 262963.59 264338.23 3360.08 4516 4830
6162 -83673.61 -17735.65 3047.41 4519 5554
6163 135936.79 116225.26 3330.73 6464 4520
6164 -80439.55 -120247.65 1401.58 4524 5069
6165 -78699.54 -121725.40 1348.95 5584 4524
6166 32138.72 28225.12 2783.16 5870 4525
6167 -186274.41 -59705.93 3453.37 5217 4526
6168 -188462.48 -57869.77 3428.65 4526 6010
6169 -207885.28 81740.21 3363.82 4527 6851
6170 -81441.41 -16703.14 3067.00 4530 5554
6171 -267668.89 129744.24 3426.37 4534 7092
6172 -170301.19 229746.66 3183.41 6008 4535
6173 254054.71 257960.86 3230.55 4536 4894
6174 1685.02 -67484.75 1129.07 4542 5501
6175 -144777.93 -180054.27 510.03 4543 5614
6176 -144541.47 -182887.23 311.97 5872 4543
6177 -24912.33 -36310.47 3267.67 4544 6794
6178 -185957.61 -61374.58 3386.37 4549 5217
6179 215340.86 150192.90 3197.02 4551 4828
6180 217857.41 147862.83 3232.79 5278 4551
6181 217822.65 151066.41 3232.81 6699 4551
6182 30408.99 -85533.70 1900.43 4552 5795
6183 34466.87 -86838.87 1928.32 5897 4552
6184 32073.18 -89583.86 1596.43 6712 4552
6185 7840.88 55512.87 2682.71 4553 7246
6186 -14082.98 42401.13 3316.81 4554 4690
6187 207687.85 235509.27 3667.95 5432 4555
6188 -21245.57 -10749.92 3295.22 6793 4556
6189 -202548.36 40372.88 3230.88 4757 4558
6190 73003.32 -879.32 3326.80 4561 5891
6191 57653.91 66699.48 3075.75 4562 4861
6192 -92764.95 -19157.19 3141.76 4563 5530
6193 -92985.57 -20095.89 3241.68 4563 5764
6194 -197963.93 33139.36 3613.48 4564 4613
6195 -200001.00 34167.43 3696.25 4564 5396
6196 243609.79 -40682.34 2691.79 4566 4736
6197 242406.57 -40809.31 2657.88 4566 6710
6198 150468.85 -4854.95 3401.89 4567 5470
6199 150809.74 -3122.80 3441.39 4567 6890
6200 -183084.35 -96192.22 3041.52 5879 4568
6201 169501.54 -164258.55 151.74 4569 6982
6202 172010.80 232241.24 3480.62 4570 5613
6203 172616.91 231798.45 3380.92 4570 5651
6204 -189999.84 41904.57 3429.93 5465 4571
6205 -189404.26 43198.00 3482.91 4571 5535
6206 -9589.38 2283.06 4122.05 4572 6780
6207 -265121.75 212508.41 3162.17 4573 6164
6208 -265439.42 210811.12 3615.76 7177 4573
6209 228692.55 -22273.25 3042.08 4574 5192
6210 -42038.46 33372.43 3292.41 4575 6518
6211 -138734.97 50119.41 3155.92 4957 4576
6212 204345.72 96204.73 3608.22 6837 4578
6213 208946.10 95199.19 3413.88 7119 4578
6214 -55771.98 79720.29 3065.54 6619 4579
6215 -56502.49 77805.11 3261.74 4579 6861
6216 -205041.40 219694.81 3129.49 5134 4580
6217 -202253.90 221124.33 3139.74 4580 5299
6218 257576.98 239258.40 3544.24 4581 6034
6219 -162602.06 211211.36 3007.81 4582 7183
6220 224265.54 -56590.94 1267.34 4584 6620
6221 119600.44 -153433.86 265.57 5745 4586
6222 -244997.84 -116911.44 1289.49 6048 4587
6223 -255869.37 -67385.17 2854.77 4588 6011
6224 176515.52 -150170.09 1033.93 4592 4750
6225 173830.19 -149522.67 1020.22 4892 4592
6226 -128364.05 68880.57 3423.72 4593 5477
6227 180804.53 55434.79 3315.50 5594 4594
6228 178453.80 53300.89 3398.51 4594 6123
6229 160886.14 -65339.64 2637.91 4595 4624
6230 160460.81 -66466.22 2570.70 4595 4651
6231 14345.44 -5866.64 2714.22 5714 4597
6232 17792.10 -7009.04 2762.93 4597 6006
6233 15038.56 -7420.83 2311.56 6761 4597
6234 112567.10 172594.29 2877.24 4598 5239
6235 70732.13 242239.38 3701.61 4599 6629
6236 -17130.85 100359.34 2869.92 6455 4604
6237 29259.26 -69913.95 1624.98 4817 4605
6238 31811.30 -70917.21 1453.59 4605 5883
6239 142228.71 46540.94 2826.15 5220 4606
6240 15585.36 -74287.32 1311.66 5262 4607
6241 128494.51 -158135.07 143.33 6705 4608
6242 206029.79 -48665.85 3103.51 4614 6480
6243 76470.12 -118625.63 1167.34 4615 6997
6244 90342.20 265385.87 3242.81 6275 4616
6245 -101773.80 -72046.89 2632.24 4619 4998
6246 58710.77 98099.42 3188.93 4620 6128
6247 -209465.67 42176.05 2923.17 5005 4621
6248 -209191.18 46269.74 3332.52 4621 6143
6249 -130791.46 -36027.62 3092.04 6863 4627
6250 -132841.50 -36569.59 3066.27 7241 4627
6251 189255.56 -16935.19 2965.87 6789 4628
6252 55628.56 217862.94 3537.02 4629 7217
6253 151056.45 -2699.29 3059.97 4631 6890
6254 -45295.49 118732.19 3434.88 6821 4635
6255 59473.81 2578.20 3088.75 4643 4636
6256 60846.58 268.13 2725.30 4836 4636
6257 62741.89 1640.22 2711.82 4636 7076
6258 169795.06 -155645.59 757.45 5503 4638
6259 268545.94 -40872.24 2253.10 4642 5488
6260 264571.57 -39372.06 2263.65 4642 6278
6261 22160.47 7197.80 2746.98 4644 5170
6262 -202228.29 262582.91 3586.54 4645 7006
6263 36243.88 -62884.63 2817.24 4647 6235
6264 -172644.10 182040.59 3586.34 6095 4648
6265 226374.97 98154.78 3397.19 4652 6154
6266 110222.47 84455.95 3015.20 4653 5956
6267 183109.97 -62698.82 2361.25 4993 4655
6268 -234257.63 216905.33 3266.03 6457 4657
6269 -82782.64 19582.39 2748.49 6605 4658
6270 -55318.16 208989.15 3139.08 5171 4661
6271 -79294.88 -87148.33 1048.56 5986 4667
6272 214307.00 -32886.62 3011.55 4668 6356
6273 96156.79 -7877.80 2931.83 4916 4670
6274 -4588.00 142433.64 3381.30 7036 4671
6275 -35791.01 38980.88 2795.97 6729 4672
6276 172614.71 -149331.45 1006.97 4674 4892
6277 171526.80 -151824.54 955.06 6476 4674
6278 13212.09 221065.07 3315.26 6324 4675
6279 -180069.45 -146089.05 959.98 4676 4903
6280 200584.91 -51178.84 3301.52 4679 6644
6281 9523.78 83525.91 3198.39 6287 4680
6282 147651.47 45067.67 3526.49 4684 4737
6283 -150045.06 34387.29 3179.32 5941 4685
6284 -43283.25 66598.40 3152.82 5374 4686
6285 -42940.45 65143.79 3137.86 4686 6894
6286 221623.59 107517.80 3085.72 4687 5100
6287 -148792.74 -176569.07 685.27 4851 4688
6288 -11386.49 42140.42 3261.07 6194 4690
6289 -11995.94 40333.98 3199.66 7107 4690
6290 237781.22 -40365.86 2376.43 4694 6488
6291 239201.40 -42817.88 2547.38 6870 4694
6292 254920.27 -129294.72 475.26 4695 4701
6293 256489.92 -130415.32 469.69 5219 4695
6294 -21982.09 93544.35 3082.91 7061 4698
6295 -20469.33 93107.20 3085.25 7143 4698
6296 253945.44 -128022.57 552.07 4701 6681
6297 223508.57 260462.94 3588.02 4702 4726
6298 222214.61 260178.47 3705.79 4702 6800
6299 194021.95 -40819.39 3268.87 4703 4724
6300 -106850.81 18307.62 2841.13 4705 5763
6301 -124770.03 -157706.91 1084.19 5130 4706
6302 -193580.09 148203.95 3487.69 5095 4710
6303 -10942.88 -44605.38 3229.53 4711 6395
6304 -204483.34 38171.88 3186.80 4757 4713
6305 -203841.55 35436.75 3465.34 4713 5396
6306 224920.62 195204.42 3126.59 6867 4715
6307 -261693.47 -92731.70 2776.66 7178 4719
6308 -104211.67 180976.36 3032.14 4720 6889
6309 229092.23 -121528.80 963.23 4721 5337
6310 -9485.94 -82237.73 922.87 4722 6940
6311 -8537.92 -84584.32 959.77 4722 7161
6312 103891.98 23931.16 3493.95 5293 4723
6313 106353.66 24426.96 2684.35 4723 7157
6314 64812.70 -108626.79 1314.95 4728 6723
6315 137576.12 263192.27 3277.87 4730 6777
6316 -125329.38 -155530.35 966.35 4732 5322
6317 -114904.27 171151.46 3791.43 4733 6960
6318 -113602.03 173388.80 3571.17 7249 4733
6319 -190049.45 143370.43 3312.22 4824 4734
6320 -184011.74 140048.60 3599.01 5988 4734
6321 -184215.16 143406.32 3649.59 7132 4734
6322 59354.17 -40791.83 2822.84 4735 6614
6323 245293.54 -41024.79 2607.15 4736 5019
6324 145737.69 44403.21 3391.83 4737 5282
6325 -184598.12 238223.19 3115.11 6671 4738
6326 5080.75 -45411.84 2145.40 4739 4777
6327 5320.49 -47014.14 2137.61 7255 4739
6328 252880.98 -41318.70 2313.11 4740 5705
6329 253784.06 -41888.66 2296.69 5830 4740
6330 -125306.08 -81866.75 2818.88 4747 4925
6331 -126808.74 -81635.54 3226.65 5561 4747
6332 -16229.41 -90751.00 951.57 4937 4749
6333 177291.57 -150474.12 788.31 4750 7232
6334 -132034.80 -98745.38 1811.30 6173 4751
6335 -132523.74 -95938.94 2204.66 7208 4751
6336 -153926.10 246898.18 3338.99 4752 5087
6337 -80522.73 -30596.72 3446.67 6291 4754
6338 -80950.79 -33422.27 3382.15 4754 6954
6339 -53087.78 -269666.09 475.98 4755 4872
6340 -234258.66 -176540.34 694.08 5093 4759
6341 -56614.32 124226.88 3126.66 5405 4760
6342 -195640.76 -98534.00 1980.86 4762 6897
6343 -6965.99 62270.68 2890.88 4763 5797
6344 -87890.21 -157148.42 223.38 4983 4766
6345 -91615.31 -155504.13 309.45 4766 6099
6346 35176.11 8775.23 2941.26 7174 4767
6347 -135771.47 -15161.41 3226.08 4768 4812
6348 -13553.81 30405.42 3248.92 4770 5229
6349 -65397.92 -144345.90 568.61 5315 4771
6350 -215193.37 178613.90 3202.43 5395 4772
6351 94966.28 214659.97 3088.01 5648 4773
6352 -250597.07 201177.33 3387.54 6847 4774
6353 -218182.49 -23852.09 3009.90 5414 4775
6354 -219093.76 -22462.94 3036.31 7252 4775
6355 75694.25 17609.57 2773.52 6578 4776
6356 3769.46 -45593.93 2158.44 6396 4777
6357 -28971.07 -43315.42 3463.20 4781 4858
6358 -101818.67 18654.90 2484.22 5511 4782
6359 -221937.86 235833.35 3825.64 5390 4786
6360 -13205.69 -251908.86 49.12 4788 5344
6361 -27542.04 -146650.95 289.34 4911 4789
6362 147385.97 251640.52 3237.68 5634 4794
6363 143594.57 251307.17 3352.31 7046 4794
6364 105902.67 125100.09 3790.40 5079 4795
6365 204463.00 39298.47 2827.20 6282 4796
6366 220913.39 104082.78 3103.19 5100 4798
6367 -263440.53 160555.88 3485.96 6472 4800
6368 -124229.05 -72138.84 3229.88 5573 4803
6369 19668.69 28468.54 2786.86 4804 7091
6370 87647.57 4312.07 3177.64 4805 5720
6371 -190134.25 -173485.24 1059.31 4807 5716
6372 98137.15 197457.70 3804.31 5037 4808
6373 -92600.05 -11444.78 2693.61 4809 5620
6374 -8731.27 45607.71 2604.19 5246 4810
6375 -20964.10 89478.61 3392.27 4811 6655
6376 -22556.45 91535.14 3370.54 4811 7061
6377 -136502.13 -19737.43 3361.94 5236 4812
6378 -137769.17 -17614.22 3376.46 5947 4812
6379 68467.46 228027.87 3571.29 4815 7124
6380 27310.53 -70067.45 1661.22 4817 4864
6381 -155430.26 -48751.74 3100.64 4818 6390
6382 -198732.51 97315.02 3211.75 4820 5968
6383 -198802.99 95032.10 3526.23 4820 6028
6384 -63135.19 68054.40 2730.55 4821 4938
6385 -60309.02 66667.52 2718.14 5203 4821
6386 -60581.78 69492.04 2719.67 4821 7011
6387 246249.52 48418.36 3149.26 4823 6309
6388 -193315.46 145715.06 3366.06 7209 4824
6389 261933.89 265664.30 4168.11 4830 5288
6390 -255706.65 -34170.48 3190.25 4834 6607
6391 61100.21 -1444.69 2733.32 4836 6410
6392 -76590.38 -141195.13 781.43 4837 4900
6393 -78892.52 -142018.85 738.86 4837 7068
6394 -120693.15 -63387.34 2889.71 4839 4905
6395 153782.12 -75909.66 1301.32 6865 4840
6396 -159623.86 206293.74 3475.21 4843 6834
6397 -87760.80 99299.26 3500.33 7074 4846
6398 29772.77 -54583.29 3058.00 5218 4847
6399 26940.19 -56072.60 3658.80 5232 4847
6400 -66300.47 6541.74 3172.83 4981 4849
6401 -65976.15 6241.59 3187.05 4849 5054
6402 -250355.11 147954.49 3055.92 6370 4850
6403 -246926.33 146946.20 3071.61 4850 6943
6404 -159811.02 247828.38 3127.75 4853 4884
6405 -159936.23 249423.40 3133.18 5755 4853
6406 -160489.89 43471.88 3014.05 5010 4854
6407 -78413.63 -122942.03 1217.51 4856 5584
6408 -30006.25 -42012.66 3270.06 4858 7045
6409 26626.59 -69752.33 1308.89 4864 6542
6410 -122204.77 -4487.79 3018.13 4866 6597
6411 23049.77 30076.38 3366.14 4868 4913
6412 22350.45 28690.13 2984.39 4868 5189
6413 30720.63 172672.79 3329.35 4869 5607
6414 -110494.89 22543.99 3393.00 4870 5248
6415 210491.95 -4821.94 2923.08 4871 5669
6416 29894.21 231709.86 3480.23 6680 4873
6417 -259524.44 185595.88 3526.79 4874 5165
6418 -261377.53 186646.75 3504.49 4874 5599
6419 -1478.36 -15343.31 2271.91 7261 4878
6420 93376.09 -254992.12 382.10 4879 6174
6421 93303.58 -257259.74 425.06 4879 6261
6422 -85761.22 31786.83 3084.24 6920 4880
6423 -101074.26 -2531.55 3316.34 4887 6771
6424 79816.23 50263.86 2747.92 6664 4889
6425 87146.59 -35134.61 2773.14 4890 5342
6426 96965.02 -114932.96 1500.00 4895 6787
6427 237291.14 -126029.79 758.61 6057 4897
6428 -210835.98 -92952.49 2745.90 4999 4898
6429 -212697.43 -93241.36 2746.23 6270 4898
6430 -14686.71 10826.84 3505.21 5006 4899
6431 -15063.81 12625.23 3408.70 4899 5044
6432 -15650.51 10903.02 3251.47 6321 4899
6433 -75107.55 -141027.32 963.02 4900 5921
6434 -189022.23 211764.24 3398.33 4901 7190
6435 -62741.31 217810.22 3317.10 5839 4904
6436 -64594.10 218425.34 3298.31 4904 6015
6437 -245507.61 -69887.91 2969.89 4908 5977
6438 24612.21 31947.09 3426.11 4913 6244
6439 21737.89 31022.95 3030.03 6755 4913
6440 -25616.04 -10413.56 2746.61 4915 6277
6441 -24855.36 -11413.40 2748.34 6793 4915
6442 -64085.26 -149972.58 240.89 4918 6679
6443 -100802.90 -158479.66 539.42 6852 4920
6444 -67465.07 -6579.29 2599.86 5774 4921
6445 -68184.55 -7823.58 2603.40 4921 6517
6446 135667.81 170753.07 3033.74 4922 5185
6447 81915.12 -140618.43 479.80 6829 4924
6448 -123591.88 -83374.98 2789.34 5118 4925
6449 132863.41 -141784.70 767.06 6611 4927
6450 268460.90 -50967.67 1200.63 4928 5228
6451 -103945.69 219948.44 3408.35 5394 4929
6452 265292.29 188043.63 3156.35 4930 5868
6453 -177056.30 51791.42 3462.31 4932 6612
6454 242568.24 249406.77 3388.54 6413 4934
6455 -9872.20 55641.52 3373.11 6197 4935
6456 80425.17 15349.30 3067.12 4936 6421
6457 -16647.21 -93890.06 2036.67 4937 6135
6458 8657.51 -111234.49 1216.19 5363 4939
6459 224538.80 252368.18 3399.13 4941 5636
6460 200283.45 -39306.68 3396.67 4942 6812
6461 -64005.80 62280.43 2539.48 4946 7210
6462 229983.41 52789.02 3330.32 5890 4947
6463 227465.45 54177.99 3343.46 7263 4947
6464 -14663.11 68254.53 3484.43 4949 6431
6465 -176922.64 98835.87 3577.73 4951 5741
6466 30936.52 -54016.03 3033.94 4953 5218
6467 -109760.27 -94733.60 1390.22 6286 4954
6468 -42504.30 58535.97 2944.04 4955 5007
6469 -110229.28 -68442.11 2599.75 4956 6835
6470 -130448.81 -60040.50 3300.62 5015 4958
6471 -128175.58 -59639.02 3285.98 5695 4958
6472 -129974.78 -58788.46 3086.97 4958 5812
6473 -91908.75 -25284.84 2690.83 5359 4960
6474 178684.60 154179.64 2902.13 4961 7262
6475 -266138.20 93541.88 3232.94 5295 4964
6476 35290.87 11653.68 3399.16 4969 5126
6477 35794.57 10964.19 2971.44 7174 4969
6478 241248.49 -77786.80 1175.30 6458 4970
6479 147587.86 -151606.61 826.98 4972 7226
6480 -138620.74 -22389.78 3116.66 5236 4974
6481 -61895.60 -138893.92 1068.69 5888 4976
6482 -146429.10 -95363.31 2746.24 4978 6790
6483 82245.47 -118424.35 1245.73 5567 4980
6484 -58198.77 209691.26 3171.87 4982 5171
6485 -59722.81 211098.20 3117.43 4982 5619
6486 157985.70 -150792.12 1029.08 6312 4984
6487 -74056.16 -141216.67 987.64 5921 4985
6488 -72348.11 -141728.81 984.01 4985 6905
6489 -33627.74 -15719.17 2913.37 4986 5057
6490 -34243.68 -15546.20 2887.03 4986 5758
6491 226669.02 142163.23 3574.90 6659 4987
6492 151580.10 239599.04 3644.45 4989 5297
6493 151838.46 238195.83 3380.88 4989 6969
6494 -83965.31 -150441.56 617.84 6563 4991
6495 52552.41 -59523.56 2997.84 5209 4992
6496 184449.00 -62071.59 2389.40 4993 5631
6497 -80086.81 -65585.94 2199.32 5336 4995
6498 -80085.12 -64314.30 2618.32 6966 4995
6499 -100772.67 -73256.85 3012.47 6384 4998
6500 -207902.96 -94509.94 2591.41 4999 5850
6501 -208711.65 266840.01 3837.96 7050 5000
6502 15393.91 48338.12 2623.79 5915 5001
6503 18594.13 48220.34 2633.55 7215 5001
6504 -212119.31 39066.63 2914.85 5005 5650
6505 -147586.89 88132.65 3539.77 7057 5008
6506 189704.33 79959.47 3528.59 5009 6704
6507 34950.68 209935.85 3258.71 5012 5538
6508 -165060.20 54297.82 2795.82 5013 6822
6509 -81131.15 19437.95 2728.79 6605 5014
6510 9815.60 -40924.16 2814.21 5671 5017
6511 -268162.05 164614.55 3502.01 5611 5018
6512 -268878.11 165790.48 3249.25 5018 6122
6513 249561.56 -41103.73 2572.81 5259 5019
6514 -233274.87 220304.83 2975.12 6457 5020
6515 -72901.25 -51003.22 3421.89 5021 5061
6516 20869.07 -46397.35 3008.70 5024 5934
6517 22419.02 -43925.55 2894.24 5024 6090
6518 23742.06 -46089.74 3154.59 6378 5024
6519 213635.95 98474.31 3049.64 5026 7119
6520 -87451.25 545.23 2595.29 6633 5028
6521 -6767.73 66094.38 3022.58 6302 5029
6522 -7148.06 66154.87 3478.78 5029 6806
6523 -216327.02 -39394.97 3185.98 5030 5415
6524 94474.45 -135864.68 578.11 5032 5312
6525 175610.09 -32747.45 3136.65 5039 5327
6526 231417.22 -133250.34 425.89 6105 5040
6527 27722.59 29511.11 2939.27 6751 5042
6528 -14813.76 14083.22 3332.77 5044 5990
6529 16310.01 -61603.54 2553.61 6716 5045
6530 25287.56 71712.72 3166.91 5050 5092
6531 46576.50 -18900.84 3126.84 6189 5052
6532 263020.29 82287.78 2888.98 5053 7060
6533 262663.38 84197.76 2992.75 5053 7185
6534 -31912.95 -15758.30 2913.37 5057 5779
6535 59599.73 104969.98 3018.43 6128 5058
6536 -71394.67 -50585.64 2985.37 5061 5644
6537 153888.38 26272.87 3462.76 6027 5064
6538 215515.94 32012.74 3332.25 5187 5066
6539 -82586.32 -122034.61 771.73 5169 5069
6540 -132528.50 140028.52 3340.58 5071 6305
6541 -131416.94 141326.29 3540.49 5071 6559
6542 90912.10 207993.71 3462.47 6063 5073
6543 94274.55 209080.20 3111.45 6682 5073
6544 91380.76 211389.96 3624.95 5073 7111
6545 183234.34 58101.81 3318.30 5594 5074
6546 186444.70 59023.14 3329.49 5074 5958
6547 257783.37 -133563.34 158.59 5989 5076
6548 -187990.61 122343.54 3374.67 5077 6668
6549 -161562.46 88317.63 3921.44 6833 5078
6550 105158.06 126599.92 3578.22 7227 5079
6551 -101193.22 -159793.33 527.32 6852 5081
6552 -161746.12 177601.63 3374.41 5082 5326
6553 -123297.29 -66957.62 2878.64 5084 6330
6554 262975.32 -88522.79 1004.42 5085 6576
6555 -121757.79 -169236.51 721.46 5086 6117
6556 -120537.80 -168168.18 879.78 6374 5086
6557 -155627.68 248768.44 3217.29 5087 5443
6558 -155941.26 246159.91 3599.05 5087 6895
6559 -96680.26 -19971.94 3580.70 6373 5088
6560 79969.45 16521.25 3090.09 5090 6421
6561 -264941.05 252440.88 3607.13 5354 5091
6562 24456.89 70536.99 3191.60 5092 6684
6563 -233095.97 -177262.28 679.46 5202 5093
6564 18059.02 9587.02 2924.46 5140 5094
6565 -194187.22 147067.59 3446.76 7209 5095
6566 -31606.30 -49121.47 2002.57 5309 5097
6567 -174588.97 253989.75 3319.52 5099 6097
6568 172655.04 -44236.72 3397.09 5216 5101
6569 170678.10 -42407.17 3048.94 5101 5950
6570 -257699.14 -92577.20 2675.40 5104 7148
6571 -260132.94 -93340.66 2755.14 7178 5104
6572 253701.78 101530.54 3324.56 5106 6389
6573 101263.43 131972.04 3379.56 5108 7228
6574 23193.39 74501.82 3168.51 6265 5109
6575 -97510.85 -86794.62 1343.78 6808 5110
6576 86674.17 -28656.91 2998.82 5842 5117
6577 85086.35 -30230.37 2909.97 5117 6419
6578 -66380.14 -51552.56 2724.10 5120 7015
6579 -188546.07 -37674.01 3613.79 5121 6625
6580 -181376.72 18044.48 3626.13 5122 6382
6581 -65475.14 209930.45 3498.02 5124 5816
6582 113880.95 87784.61 2856.06 5125 5316
6583 -245810.07 60252.23 2977.94 5127 5724
6584 -120967.62 -161683.08 1110.23 5130 6283
6585 73164.53 -107780.02 1722.76 6241 5131
6586 76129.62 -108209.05 1441.62 5131 6268
6587 78312.94 -103764.49 1689.35 5131 6854
6588 -232961.38 -179037.57 407.43 5202 5133
6589 155615.36 -3267.94 2947.66 6922 5136
6590 -132925.06 -52077.28 2965.06 5138 5587
6591 -130330.51 -51244.73 2747.52 5615 5138
6592 16034.90 9691.21 2935.46 6039 5140
6593 -185299.84 224474.60 3341.63 5141 5245
6594 -186763.43 226782.14 3422.41 6238 5141
6595 -175608.04 102228.69 3627.11 5741 5144
6596 -113034.09 -76480.97 2757.93 6883 5147
6597 -215813.99 -173728.43 949.93 5148 5706
6598 -215637.31 -175500.61 636.68 7159 5148
6599 -241834.32 -183955.91 438.45 5149 6887
6600 -40594.07 -14860.95 2978.68 5150 6979
6601 125536.87 -139693.37 1148.68 5175 5152
6602 51615.56 199260.28 2931.48 5153 6326
6603 48214.03 199903.22 2979.05 6987 5153
6604 -59387.35 73336.65 3282.25 5154 5521
6605 -59854.40 72221.24 2953.60 5154 7011
6606 111804.18 -13176.53 3308.10 5157 5287
6607 -203128.35 105588.60 3523.05 6689 5158
6608 158735.66 131372.50 2962.47 5159 7173
6609 140443.29 70611.77 3311.16 5596 5161
6610 -257829.15 184367.92 3445.93 5165 5286
6611 -100733.68 -76768.98 2218.78 5817 5167
6612 -56888.62 205649.97 3186.44 5171 7024
6613 -191230.48 112228.19 3089.76 5419 5173
6614 -198202.32 -169097.42 1263.91 5884 5174
6615 123286.84 -140624.58 1096.68 6179 5175
6616 -188886.50 245019.90 3816.40 6826 5177
6617 190141.05 -26796.05 2980.21 5916 5178
6618 13300.19 -58026.62 2728.67 6818 5180
6619 -75074.37 -12369.89 3030.18 5182 6836
6620 137224.94 172782.75 3007.01 5624 5185
6621 41873.82 223799.18 3592.07 6168 5186
6622 42011.00 222050.51 3425.99 6511 5186
6623 89302.76 257817.89 3477.83 6656 5188
6624 -200470.56 -170906.69 1056.43 5190 5884
6625 170233.27 155238.65 2911.28 6820 5191
6626 -232599.82 33050.61 3676.51 6823 5193
6627 -234299.45 30966.01 2991.15 5193 6892
6628 -257218.57 -91091.54 2648.67 5195 7148
6629 69538.48 9479.21 2889.37 5196 6418
6630 -143993.87 -72450.32 3075.79 5197 6002
6631 -183300.21 250493.85 3571.76 6327 5201
6632 -230839.56 -178737.03 601.90 7200 5202
6633 -60597.50 63485.79 3502.96 6784 5203
6634 -238277.49 104702.97 3489.12 5204 5719
6635 -18778.32 31379.90 2989.28 6181 5207
6636 181113.66 72572.66 3645.84 5212 6495
6637 180748.27 74583.79 3395.05 5212 7212
6638 4454.84 240071.37 3169.36 5696 5213
6639 1878.21 239344.43 3173.03 5799 5213
6640 -16355.74 -253496.43 508.30 5214 6132
6641 -184405.31 -59838.23 3521.28 5217 6477
6642 29624.68 -53748.75 2867.91 5218 6849
6643 257097.78 -131609.43 355.83 5219 5989
6644 259160.75 -130516.65 456.48 6018 5219
6645 41633.68 18610.64 3078.51 6992 5221
6646 100843.79 86535.00 2885.14 6791 5222
6647 101728.99 22384.29 3334.43 5223 5293
6648 35307.62 -86525.17 1005.78 5226 5897
6649 146710.09 -148920.64 589.79 5227 5489
6650 146995.56 -150566.58 605.25 7226 5227
6651 268628.45 -54719.66 1292.66 5801 5228
6652 -14187.58 31864.19 3064.72 6593 5229
6653 -147590.71 -93671.96 2742.83 6790 5230
6654 19792.84 -67693.98 1700.74 5231 5585
6655 24755.15 -56202.24 3346.07 6180 5232
6656 99822.27 -52161.14 2688.78 5233 5663
6657 -192043.22 260366.69 3002.11 5234 6944
6658 112559.33 175082.09 3486.90 7136 5239
6659 40104.81 -43100.27 2825.99 6581 5241
6660 16786.12 32443.93 2992.35 5242 5910
6661 -82520.03 -89921.99 1557.78 6914 5244
6662 -183062.84 -170528.21 1150.57 5762 5249
6663 -248892.44 202116.97 3409.16 6847 5250
6664 -135207.39 -94473.90 2213.98 7208 5253
6665 -129056.71 -80484.60 3291.09 5257 6602
6666 -38974.13 54462.94 3164.88 5902 5258
6667 -227190.39 -114515.73 1358.54 5260 6911
6668 -184326.72 48598.00 3395.90 5313 5263
6669 -21043.40 -75048.69 1374.70 5265 6161
6670 -122732.50 5284.39 3182.70 5456 5267
6671 -121547.24 8465.31 2921.93 6473 5267
6672 -67356.35 -5666.86 2602.35 5268 5774
6673 -67686.22 -3777.64 2642.80 5268 6545
6674 27875.55 62192.73 3259.67 5647 5269
6675 209099.51 85733.56 3011.86 5525 5271
6676 207326.99 82647.64 3033.13 6188 5271
6677 -219171.86 -77628.49 3367.32 6663 5272
6678 247614.63 -123648.63 872.71 5275 6155
6679 -58484.39 222497.39 2997.29 5281 7079
6680 153888.18 -153278.69 533.79 7230 5285
6681 261343.93 267630.12 3364.37 6358 5288
6682 -45049.79 48219.06 2804.93 5289 5513
6683 -47271.97 46849.87 2847.63 5289 6157
6684 -174878.00 81879.63 3565.73 5294 6760
6685 -179001.21 225088.80 2942.25 6446 5296
6686 -178521.29 226498.52 3360.94 5296 6974
6687 268462.40 -89534.09 743.84 5466 5300
6688 269689.34 -89787.62 754.11 5536 5300
6689 178351.84 235461.72 3388.48 7154 5303
6690 -259523.13 -177146.47 713.31 6673 5306
6691 -256627.48 -178786.34 382.15 7242 5306
6692 64993.65 2625.48 2772.57 5308 7076
6693 -177841.87 33872.92 3437.42 6858 5310
6694 97357.92 -136681.13 570.07 6951 5312
6695 -185352.99 46618.60 3496.67 5313 5936
6696 203283.73 261609.04 3834.55 6450 5317
6697 -191103.74 133852.79 3098.57 5318 5371
6698 197523.47 73813.90 3289.29 5319 5612
6699 -237359.25 190471.66 2824.10 5320 6070
6700 -127275.21 -154950.24 1067.23 6166 5322
6701 209602.77 -52111.36 2483.85 5325 5640
6702 207922.20 -49173.21 3072.63 6480 5325
6703 -160849.29 173424.03 3387.48 5326 6782
6704 -100154.45 -60.48 3125.41 5329 5789
6705 -99832.18 -1304.83 3144.29 5329 6299
6706 -240460.93 -170081.31 1453.63 5330 5449
6707 -175411.10 -3723.17 3103.05 5353 5341
6708 -176121.04 -1442.68 3051.33 5341 5834
6709 -12376.06 -252265.38 215.61 5909 5344
6710 -22464.16 35503.78 3394.27 5346 6093
6711 265873.15 -130532.43 678.20 5808 5350
6712 266492.35 -131232.48 447.77 5350 6717
6713 -145376.07 -177659.71 878.75 5351 5904
6714 -257467.62 -66125.80 2958.01 5578 5352
6715 -257431.18 -64433.85 2980.10 5352 6759
6716 -176972.85 -5535.88 3517.92 6638 5353
6717 -48712.31 11081.92 3100.36 5918 5356
6718 42271.79 -83132.84 1552.08 6255 5357
6719 -138924.45 27657.08 2922.21 5658 5358
6720 -20018.12 -54403.23 2246.08 6254 5360
6721 -20765.46 -53374.21 2267.15 6678 5360
6722 -49823.42 225505.77 3392.58 5362 6012
6723 4597.81 -114265.71 1261.93 6700 5363
6724 -15225.68 -79166.37 1283.69 5364 5451
6725 -15409.80 -81266.23 1289.75 5364 5987
6726 133517.54 57055.95 3579.03 5365 6600
6727 138418.94 57023.40 3199.16 5365 6645
6728 134187.08 200073.78 3329.04 5366 6199
6729 125400.89 -150614.35 458.45 5367 6087
6730 60196.11 135490.32 3446.61 5368 6483
6731 -68285.69 168482.84 3019.42 5369 5666
6732 162446.01 -153088.12 819.19 5981 5372
6733 -262840.53 132572.54 3310.89 6468 5375
6734 43538.92 120348.16 3318.39 5379 5376
6735 42864.56 -57587.76 3265.78 5710 5378
6736 43204.14 -59976.20 3134.39 5718 5378
6737 -66389.83 29026.05 2959.56 6946 5381
6738 37334.35 87321.51 3103.02 5382 5617
6739 -223120.01 208525.32 3035.40 5384 6560
6740 234213.15 53638.27 3252.70 5917 5385
6741 152151.52 48333.36 3492.53 5387 5522
6742 -119802.58 -83080.94 2651.48 5393 5949
6743 -9514.19 54780.23 3221.71 5397 6197
6744 -30033.23 -13097.94 3136.24 5549 5400
6745 -29885.90 -14714.38 2948.82 5400 5779
6746 -210314.15 68884.14 3439.92 5402 5894
6747 -38210.98 -141544.34 338.11 5403 7181
6748 238405.08 201025.45 3160.18 5404 6479
6749 240269.47 200646.92 3672.29 5404 7189
6750 -57125.32 131434.23 3158.10 6226 5405
6751 -13098.67 141994.60 3369.98 5408 5780
6752 -153583.30 86360.61 3486.92 5411 5537
6753 -98936.53 -34410.02 3100.06 5412 6074
6754 -99422.64 -35983.08 3090.49 6391 5412
6755 -216992.89 -23953.57 3438.55 5414 6765
6756 207514.67 -117845.33 1243.27 7126 5417
6757 28222.89 57753.01 3165.38 7034 5418
6758 -12629.00 140216.63 3602.29 5780 5425
6759 -9960.37 -43173.53 3020.84 5427 6395
6760 -85534.53 25854.21 3353.88 5428 6038
6761 -193726.82 -183876.08 556.22 7138 5430
6762 14410.76 9960.60 3333.85 5434 6039
6763 13668.34 7847.36 3515.05 6276 5434
6764 68275.14 12723.40 2998.67 5435 6426
6765 85622.54 258482.25 3995.78 5736 5436
6766 86226.21 258774.70 3135.86 5436 6651
6767 138366.66 -156425.12 323.11 5652 5438
6768 34742.20 154868.30 3669.59 6440 5439
6769 -125500.56 -70482.57 3123.65 5440 5573
6770 -125627.99 -68401.71 3212.56 5440 6330
6771 170520.27 -152073.68 941.08 6476 5441
6772 -45015.75 -49179.72 1433.85 5565 5445
6773 -135071.90 -59837.53 3046.51 5448 7229
6774 -244866.05 -169967.71 1397.39 5449 7144
6775 -60525.24 -82876.35 1490.76 5514 5450
6776 -61767.30 -84804.16 1183.62 6036 5450
6777 -97915.67 190604.71 2887.06 5835 5452
6778 -128399.38 129279.67 3461.33 5871 5453
6779 -75879.51 -1444.02 3381.40 5752 5457
6780 45935.57 200834.70 3390.76 5458 6987
6781 -10810.35 -56890.67 795.15 5459 7150
6782 -236087.69 219849.27 3396.70 5461 6457
6783 266623.02 -89435.10 722.15 5466 6576
6784 21610.34 47447.83 2861.97 5467 7215
6785 83761.74 -41560.88 3002.84 6349 5468
6786 85547.76 -41487.40 2956.80 6714 5468
6787 104668.01 265429.03 3236.08 5472 7078
6788 21263.72 24383.43 3219.13 6256 5475
6789 -179954.15 -28163.71 3134.74 5966 5476
6790 -128729.21 68242.47 3562.71 5477 5821
6791 23643.09 227405.57 3145.92 5478 6609
6792 -250026.70 -90354.98 2447.64 6484 5479
6793 -100809.79 11457.80 3211.89 5499 5480
6794 -102049.02 7860.65 2967.66 6083 5480
6795 -97715.25 -41700.82 2731.23 7180 5482
6796 15988.74 212723.34 3419.77 6112 5483
6797 56732.89 -48341.29 3288.91 6616 5486
6798 6168.67 59813.99 2964.09 5597 5487
6799 7021.64 57907.48 2730.50 5487 7246
6800 147826.63 -147063.26 837.68 5489 6296
6801 -81652.97 -26608.29 3186.99 6291 5490
6802 112287.62 234733.02 3384.61 7105 5491
6803 47288.92 -4004.11 2595.68 5492 5524
6804 -117196.64 -164331.19 1178.59 5494 6283
6805 -113580.92 -164640.88 955.93 7134 5494
6806 64915.57 62805.79 2733.33 6471 5496
6807 17888.66 82833.16 3152.82 5497 6176
6808 -131362.53 -89384.76 2550.20 5502 5727
6809 170489.62 -154424.74 752.42 6030 5503
6810 -31890.93 -26320.25 3106.04 5504 5547
6811 -32493.73 -27316.53 3107.12 5504 5555
6812 74842.48 -52779.98 3087.42 7097 5505
6813 123289.46 -54601.82 2524.42 5508 5756
6814 121662.56 -55545.66 2492.74 7109 5508
6815 58763.01 17065.78 3265.22 5510 5557
6816 58248.78 13777.37 3164.06 5510 7158
6817 -135276.94 -69992.13 2995.93 5512 6566
6818 201255.29 -15846.97 3317.76 7043 5515
6819 -184789.31 104353.10 3975.23 6251 5517
6820 -243927.12 -117972.97 1060.90 6048 5523
6821 -90102.62 -91299.94 1565.19 6686 5526
6822 90339.45 206722.72 3508.66 5528 6063
6823 -150913.24 86277.26 3462.11 7057 5537
6824 14285.49 54830.08 3445.44 6876 5539
6825 38928.21 121414.72 3490.23 5541 5843
6826 37909.26 123789.64 3544.15 6051 5541
6827 79503.46 40342.46 2718.17 5550 6102
6828 -8178.60 197049.18 3410.02 5551 6086
6829 -81600.00 -18292.00 2776.52 5554 6170
6830 60979.81 19281.47 3377.72 5557 7056
6831 -242837.66 70059.46 2936.76 6304 5558
6832 152322.72 -70526.86 1522.74 5559 6865
6833 51294.59 62358.72 2945.15 5560 7005
6834 -125106.85 -79424.22 3137.50 5844 5561
6835 -127852.68 -80168.31 3228.45 5561 6602
6836 168667.14 -66933.21 2486.25 6486 5563
6837 -115125.51 -66821.81 2745.92 5564 6119
6838 -114865.48 -67804.55 3650.39 6749 5564
6839 -45903.19 -46835.27 1852.89 6159 5565
6840 -141534.77 -178425.15 355.89 6160 5566
6841 81077.89 -118831.60 1326.77 5908 5567
6842 215715.94 245958.00 3271.49 6521 5568
6843 214554.64 243119.29 3473.99 5568 7001
6844 256226.78 -134246.30 311.50 5571 5989
6845 255368.52 -136022.42 350.16 7152 5571
6846 -217294.21 159949.08 2963.20 5848 5572
6847 240436.43 -125160.88 893.49 6057 5575
6848 -65836.32 -7072.29 2984.53 5774 5576
6849 -63567.83 -7301.49 2802.71 5929 5576
6850 12721.24 54209.54 2829.51 5577 5717
6851 -257154.64 -66976.96 3087.36 5578 6011
6852 -78181.16 -123774.30 1056.44 6148 5584
6853 19885.41 -69703.39 1724.85 5628 5585
6854 -135157.05 -53585.47 3041.01 5587 6950
6855 -32488.16 -41602.26 3326.75 5589 5757
6856 -30864.64 -41622.62 3258.56 5589 7045
6857 -136918.28 -211142.68 442.39 5590 7219
6858 -258442.41 -61765.06 3220.35 6759 5592
6859 243302.93 40865.83 3086.66 7117 5598
6860 -228697.40 108780.79 3503.16 5742 5601
6861 -226444.79 108618.94 3586.06 5601 6927
6862 -216511.34 40237.82 3410.26 5608 5845
6863 13154.95 5308.90 3967.55 7236 5610
6864 -145047.03 -178631.48 828.42 5614 5904
6865 31511.85 23480.08 2940.70 5618 6924
6866 -62019.99 210849.59 3091.78 5619 7035
6867 -171528.91 133813.50 3159.12 6263 5632
6868 223812.57 250546.83 3483.83 5636 6860
6869 209483.23 -54827.95 2070.08 7186 5640
6870 221489.00 193852.82 3118.11 5642 6867
6871 -68139.81 -50335.77 2749.50 5644 7015
6872 134046.63 263868.20 3667.92 5646 6745
6873 135297.65 262555.55 3626.28 5646 6777
6874 92669.96 214033.75 3627.53 5648 7111
6875 -213247.17 254225.81 3646.60 5649 6805
6876 -213418.22 37674.11 3007.57 6269 5650
6877 139910.71 -154870.21 607.86 5652 7135
6878 137188.05 -157522.46 448.96 7167 5652
6879 -185072.34 106477.03 3181.13 6251 5653
6880 246362.58 58922.99 3444.45 5654 6406
6881 173847.07 -9544.13 2706.67 6941 5655
6882 -18841.59 59908.18 3387.60 5657 6065
6883 -17923.58 60329.61 3410.37 5657 7195
6884 -138049.81 26906.73 2948.44 7207 5658
6885 34670.05 -64665.02 2746.42 5659 6672
6886 104001.40 196608.59 3426.35 5664 7142
6887 -99624.01 -37178.45 3200.63 6391 5667
6888 210281.49 -6339.00 2927.59 5669 6523
6889 -156700.85 -181303.33 448.45 7116 5674
6890 -218672.82 -176536.60 498.40 7072 5679
6891 204348.38 17751.58 3465.41 5927 5683
6892 77930.99 259044.87 3675.25 6029 5684
6893 -130541.73 62708.09 3488.75 5686 6031
6894 -129602.75 65096.51 3463.01 5686 6088
6895 -260229.11 92842.79 3023.62 6096 5687
6896 -149306.43 -83990.59 3225.18 5692 6221
6897 -125736.99 -58697.45 3051.08 5695 6996
6898 91510.12 -260814.20 255.24 6621 5702
6899 -249051.27 -80262.96 2831.76 5703 6848
6900 -135456.69 -36228.70 3380.41 7241 5704
6901 216468.96 226405.81 3034.93 5707 6460
6902 -172420.55 -16531.73 3416.80 5708 6888
6903 -101601.83 1640.05 3441.73 5789 5711
6904 -103575.14 1342.55 2936.40 5811 5711
6905 -102922.13 2795.57 2944.79 5997 5711
6906 84298.26 41593.78 3275.70 6875 5713
6907 13047.11 54966.78 3418.05 6876 5717
6908 -235149.77 107099.53 3551.22 5719 6976
6909 -10835.64 -107380.84 1068.47 6497 5721
6910 210889.12 -7138.05 3688.50 5726 6523
6911 130800.39 -151799.45 257.25 5731 5939
6912 -59271.66 -6810.53 2824.23 5929 5733
6913 -57421.04 -8736.84 2800.69 7243 5733
6914 207978.87 -57176.35 1871.97 6642 5734
6915 209375.94 -55766.08 2023.10 5734 7186
6916 -103781.07 -64523.20 2917.44 6266 5735
6917 205583.17 -50325.04 3084.24 6480 5737
6918 203692.97 -51313.82 3442.08 6644 5737
6919 205470.94 -52718.62 2757.98 5737 6744
6920 12614.21 72568.67 2977.83 5738 6748
6921 137127.42 260512.07 3279.90 5739 6777
6922 -229641.04 106744.56 3483.61 5742 6394
6923 -230874.96 108284.24 3461.13 5742 6976
6924 -35852.47 58186.36 3148.05 5744 6205
6925 -37710.65 56356.23 3277.83 6866 5744
6926 -252015.94 -40438.42 2915.10 7102 5746
6927 172700.22 218665.07 3141.21 5747 6652
6928 -34985.00 5172.47 3541.78 6606 5748
6929 -32323.72 5619.68 3219.12 5748 7020
6930 -74720.51 -106.61 3290.44 7267 5752
6931 -113482.12 -169646.66 561.27 6918 5753
6932 -162891.24 253567.10 3261.21 5755 6798
6933 80424.61 38980.77 2719.86 6102 5761
6934 82063.60 38709.28 3346.35 6875 5761
6935 -107903.96 17535.13 2867.41 5763 6175
6936 -93871.62 -21468.17 3233.59 5764 5903
6937 -160095.24 54429.58 3465.83 5767 5933
6938 -160027.89 55975.35 2950.34 5767 7193
6939 -184040.16 41369.61 2868.15 5782 6151
6940 -112294.36 -185039.78 310.91 5784 6213
6941 -206316.35 47867.04 3135.44 6828 5786
6942 -100290.58 1939.27 2815.63 6942 5789
6943 52433.40 -70216.88 1743.60 6178 5791
6944 27863.20 -84569.30 1905.01 5795 6183
6945 29602.49 -82552.02 1587.06 6685 5795
6946 -7105.41 -56685.30 828.17 5796 6369
6947 -7276.99 -58858.17 796.12 5796 6742
6948 425.04 -32983.96 1887.46 5836 5802
6949 2107.45 -32344.59 1842.58 7147 5802
6950 133626.65 -139378.83 764.31 5806 6601
6951 265399.77 -129345.33 672.88 5980 5808
6952 -213119.87 265245.52 3069.46 5809 5944
6953 -201439.46 -176213.62 835.51 6448 5810
6954 -141402.95 -179272.27 746.07 5814 6160
6955 -140403.57 -179280.19 624.42 5814 6635
6956 -252679.84 135786.23 2962.33 6297 5815
6957 -63360.00 211522.69 3190.78 7035 5816
6958 -34705.96 37845.36 2818.43 6729 5818
6959 -238774.12 232691.49 3506.58 5820 6550
6960 -71648.50 -2597.81 2654.10 6438 5823
6961 115814.95 254240.98 3832.68 7214 5824
6962 54857.18 -42038.13 3545.04 7238 5826
6963 218669.33 156580.80 3250.34 6273 5829
6964 254933.78 -42083.44 2646.63 6533 5830
6965 47635.78 235745.03 3187.42 6515 5833
6966 -178068.01 -510.76 3534.57 6236 5834
6967 -98974.18 189121.35 2870.48 6098 5835
6968 -113942.25 -68440.28 3262.37 5841 6749
6969 -112554.10 -69020.25 3275.10 5841 6835
6970 87119.77 -26590.34 3276.64 5842 5876
6971 40578.69 119068.16 3416.22 5843 6432
6972 -214662.43 37052.47 3014.21 5845 6269
6973 -162504.04 237533.57 3418.12 5849 6757
6974 -205166.90 138513.27 3244.22 5853 7253
6975 190568.94 -148626.58 960.26 6639 5854
6976 -254124.87 -85084.59 2566.28 5951 5855
6977 133210.58 -53555.55 3352.21 6348 5857
6978 114765.92 77669.39 3083.90 6025 5860
6979 -129611.87 230017.02 3416.38 6961 5863
6980 -144391.45 -27455.20 2844.46 5865 7125
6981 32101.05 26213.57 3297.64 5870 6924
6982 -42618.68 5758.40 3445.30 6661 5873
6983 14610.25 21081.69 2578.77 5875 6962
6984 -16364.92 -82826.82 1012.69 5987 5877
6985 -116565.96 -83138.55 2598.24 5881 5949
6986 177696.61 43325.80 2896.78 5882 6519
6987 178155.19 44195.55 2798.77 5882 6939
6988 -87001.19 -63497.03 2815.90 6648 5889
6989 101666.06 46516.66 3037.18 5893 6647
6990 -11937.03 37627.45 2884.57 5985 5896
6991 -11035.04 39201.65 2830.43 5896 7107
6992 36235.07 -86396.36 1435.11 6308 5897
6993 226029.82 -47937.70 2606.11 5898 6300
6994 226744.20 -50433.65 2084.34 5898 7169
6995 224188.43 -140874.52 148.26 6318 5901
6996 224715.75 -139139.83 287.01 6367 5901
6997 -39334.44 55544.60 3187.11 6866 5902
6998 -95543.82 -20706.12 3275.41 5903 6373
6999 -146608.59 -178753.27 480.94 5972 5904
7000 -66175.87 -123927.38 1225.95 7077 5906
7001 -176528.93 -107666.22 1792.37 6779 5912
7002 233939.12 50206.54 2792.72 6200 5917
7003 -48392.50 9010.54 3163.28 5918 6147
7004 254102.29 -90852.72 1059.99 5922 7205
7005 -6864.47 -25256.52 2978.41 5924 6234
7006 -255622.18 247061.83 3516.97 6493 5926
7007 199132.38 16661.99 3436.72 5927 6404
7008 157678.14 -148323.08 1046.05 5928 6312
7009 -47391.64 -254801.78 166.12 6840 5942
7010 -257114.81 201045.26 3433.90 5948 6709
7011 -645.34 34258.39 2497.98 5952 6386
7012 -69538.27 12684.75 3197.85 5955 7175
7013 188016.95 63872.59 3447.13 6591 5958
7014 188396.20 59227.50 3417.65 6627 5958
7015 -76581.58 22733.72 2890.01 5959 6186
7016 114193.48 268516.23 3618.60 6692 5960
7017 107213.43 -3478.26 2935.26 5961 6411
7018 30419.77 11757.14 3188.99 5964 6313
7019 -179343.21 -120908.97 1262.57 6579 5973
7020 -178217.62 -119520.54 1271.25 6985 5973
7021 240720.91 199660.13 3379.28 5976 7189
7022 -100943.40 188860.92 3254.63 6098 5978
7023 262671.55 -129721.81 818.78 5980 6018
7024 -248707.94 71034.49 3588.55 7218 6000
7025 20013.85 -10606.99 2877.41 6078 6006
7026 19931.04 -7076.99 2928.70 7033 6006
7027 -247101.69 -175507.22 767.74 6007 6281
7028 -171743.04 232628.15 3202.66 6008 6165
7029 -189272.42 -56028.21 3063.54 6010 6336
7030 -47611.18 225794.04 3296.66 7250 6012
7031 -206594.32 140554.56 3186.54 7253 6016
7032 141363.23 -149942.55 515.84 6387 6021
7033 -56710.90 221896.67 3229.16 7079 6024
7034 113420.32 76659.80 3085.47 6025 6622
7035 78308.04 260151.21 3318.25 6029 6595
7036 -208509.17 -180249.36 296.00 6033 6466
7037 -10563.22 9570.68 4740.05 6035 6693
7038 -63241.03 -84847.03 1170.12 7231 6036
7039 -178364.59 121464.23 3634.09 6040 6109
7040 -176835.31 121546.63 3455.81 6040 7085
7041 162905.27 -50777.23 3405.97 6475 6045
7042 255784.44 -91316.22 1111.37 6049 7205
7043 -92681.11 218162.09 3317.12 6778 6050
7044 -223446.69 -121431.99 1364.59 6055 6827
7045 236681.09 -124732.65 1061.93 6057 6703
7046 -55902.70 223890.57 3235.46 6058 7079
7047 89125.61 206796.58 3496.64 7113 6063
7048 -19515.96 61069.19 3240.66 6508 6065
7049 -224452.80 42864.39 3375.10 6066 7196
7050 -229657.17 -179746.27 248.62 6068 7200
7051 125604.47 256936.49 3164.22 6069 6491
7052 132814.26 241749.73 3675.02 6076 6424
7053 49731.80 62335.71 2920.36 6079 7005
7054 13520.47 34900.49 2760.91 6584 6080
7055 -35673.47 3122.12 3552.66 6606 6082
7056 -209675.18 82347.01 3246.50 6851 6085
7057 123681.65 -150751.93 352.62 6087 6986
7058 -211730.58 -44792.83 3298.11 6698 6091
7059 -48106.24 190932.00 3524.10 6092 6877
7060 -23520.68 33788.66 3367.68 6093 6478
7061 -23396.30 35060.43 3104.15 6520 6093
7062 -210636.53 100318.66 3662.62 6856 6094
7063 -92690.61 -152375.61 350.69 6099 6323
7064 170522.64 154690.47 2945.11 6820 6101
7065 -68083.94 -45092.97 2988.11 6193 6103
7066 -69188.89 -43439.39 3047.40 6799 6103
7067 -138543.40 -28327.90 3248.02 6516 6106
7068 -178835.30 120289.92 3431.76 6109 7038
7069 -91855.90 23273.63 2617.27 6110 6792
7070 13337.17 213758.68 3381.86 6112 6129
7071 170768.48 -65340.84 2779.96 6115 6486
7072 173683.88 -64149.02 2853.96 6115 7028
7073 -115694.40 -3438.15 2872.24 6463 6118
7074 215643.69 -51749.80 2668.24 6125 6344
7075 190086.91 268194.95 3718.15 6177 6126
7076 188353.82 267841.65 3689.75 6583 6126
7077 -28352.58 -257737.52 537.38 6198 6132
7078 -18559.85 -94968.97 1579.17 6135 7009
7079 -32681.74 15567.56 2892.98 6139 6210
7080 -49190.28 8355.00 2782.63 6643 6147
7081 11026.33 -749.44 2766.31 7016 6152
7082 -147339.16 -96375.27 2751.52 6790 6153
7083 -49869.10 -46794.91 2659.64 6159 7247
7084 -123537.76 -41482.75 3045.18 6162 6219
7085 -171466.72 234369.17 3271.58 6439 6165
7086 44035.66 227074.85 3499.49 6168 6230
7087 23135.63 -56398.92 2827.03 6180 6737
7088 -18105.23 31100.31 3537.66 6392 6181
7089 81876.86 17016.88 3378.22 6421 6184
7090 83412.77 16510.41 3405.07 6184 6763
7091 191684.66 255059.74 3929.26 6185 7082
7092 -66040.95 -45438.06 3011.72 6193 7088
7093 123828.40 3348.09 2785.79 6964 6196
7094 -44390.96 -255734.26 471.04 6198 6840
7095 -19919.75 -33511.67 3248.78 6740 6201
7096 23483.11 -60028.47 3070.06 6202 6311
7097 -32287.32 59669.10 3014.41 6205 6428
7098 -35184.76 16637.26 2783.56 6776 6210
7099 -259892.27 -99746.28 2086.07 6227 6215
7100 -155710.42 -98789.96 2785.41 6461 6216
7101 -157436.99 -97809.86 2635.29 6216 6546
7102 175866.93 -155924.52 562.54 6795 6222
7103 118585.98 -55149.60 2177.55 7109 6223
7104 -52848.38 130185.44 3370.59 6909 6226
7105 -212811.29 26436.12 3445.51 6228 6937
7106 180543.62 75697.65 3312.65 6231 7212
7107 -199543.01 -88169.09 2720.54 6237 6948
7108 -188058.61 229806.50 2876.13 6238 6416
7109 142740.88 -153355.95 582.50 6548 6243
7110 -164540.09 258859.58 3276.00 6247 6798
7111 -254802.87 154880.05 3382.66 7054 6249
7112 -194421.52 145241.74 2960.75 7209 6252
7113 22933.51 23824.58 2992.04 7081 6256
7114 -66095.90 122861.62 3116.95 6434 6259
7115 83833.43 -100.07 3179.01 6260 7004
7116 85870.11 542.20 2832.89 7237 6260
7117 21609.80 72853.74 3164.04 6267 6265
7118 77563.02 -110327.70 1418.63 6879 6268
7119 -51398.99 -47460.31 2254.08 6274 7247
7120 201431.11 -116340.25 1239.80 6492 6279
7121 205753.67 -117707.86 1246.13 6279 7126
7122 -107401.84 -95397.18 1188.70 6451 6286
7123 -109349.82 -96718.21 1299.93 7188 6286
7124 7108.77 85903.66 3241.07 7222 6287
7125 -37790.65 -144756.74 301.01 6288 7181
7126 -23098.96 104473.42 3036.54 7012 6289
7127 -80082.22 -26271.07 3328.04 6291 6543
7128 105521.91 16415.74 2975.91 7244 6294
7129 -100153.54 -1892.26 3339.66 6771 6299
7130 -83059.03 -1681.94 3198.87 6301 7162
7131 -9393.91 218937.82 3226.42 7031 6303
7132 19335.97 -60047.91 2993.65 6311 6716
7133 21691.54 -58456.34 2839.18 6737 6311
7134 -265613.16 -176282.91 865.30 6670 6314
7135 -94117.25 -76349.45 1648.20 6316 6573
7136 -80653.04 2548.19 2992.06 6317 7165
7137 -193578.41 246305.35 3528.07 6365 6319
7138 11242.30 114134.94 2989.22 6904 6322
7139 -91740.60 -149518.74 872.10 6323 6841
7140 -215508.95 27551.50 2932.56 6333 6937
7141 41891.11 13766.07 3358.92 6513 6335
7142 -188244.98 -51989.84 3051.01 6336 7155
7143 -125123.14 -177637.87 253.18 7240 6339
7144 11882.52 19846.32 2812.35 6345 6962
7145 -227923.19 -73281.26 3334.76 6346 7201
7146 135302.60 -51789.58 3354.65 7133 6348
7147 134101.37 140897.89 3087.50 6596 6350
7148 133231.44 134774.69 3367.81 6923 6350
7149 -131313.84 -177373.48 320.28 6353 7110
7150 -213825.76 97449.18 3527.74 6632 6354
7151 -212642.20 98485.23 3625.03 6856 6354
7152 -119315.60 -168213.15 898.84 6853 6374
7153 88428.41 237414.65 3398.49 6864 6375
7154 -181634.88 20621.69 3506.64 6382 6891
7155 -98488.08 -73270.66 2980.21 6384 6587
7156 1664.77 -44048.82 2172.28 6983 6396
7157 -80098.54 -22126.83 3280.76 6399 6869
7158 -182900.99 -101086.58 2301.48 6697 6400
7159 -82343.50 -91920.75 1345.88 6914 6401
7160 246064.43 63048.32 3346.28 6406 6626
7161 247577.96 59911.30 2537.90 6658 6406
7162 252256.73 -55341.26 791.13 6409 6640
7163 60609.84 -2211.16 2826.30 6410 7087
7164 63384.12 63128.75 2815.66 6420 6471
7165 133813.23 240711.39 3554.99 6916 6424
7166 -27436.08 59780.62 2999.66 7029 6428
7167 223353.10 -132549.59 819.47 6571 6430
7168 223582.34 -131363.29 839.78 6430 6683
7169 -24718.39 -246769.44 246.58 6435 7007
7170 -155202.47 -99713.53 2770.47 6461 6436
7171 39353.82 -41523.45 2849.51 6581 6437
7172 -84940.91 248690.46 3157.07 6449 6688
7173 203726.54 262796.76 3526.50 7069 6450
7174 13134.61 243927.20 3543.17 6456 6775
7175 78542.44 229272.10 3440.16 6465 6899
7176 151488.70 -154301.19 843.74 6470 7230
7177 236504.12 200325.16 3191.23 6731 6479
7178 -82776.19 197805.61 3137.39 6814 6489
7179 183559.20 68591.02 3628.78 6591 6495
7180 -86452.35 234109.75 3353.49 7101 6498
7181 -238415.18 29480.22 2964.64 6892 6501
7182 -214750.36 -22959.74 3321.72 6765 6502
7183 -134121.05 -212406.57 399.92 6528 7219
7184 256548.11 -41538.24 2609.32 6533 7194
7185 -27118.08 12275.03 3316.77 6535 7220
7186 -137148.39 25928.10 3148.63 7207 6537
7187 -114481.88 -77770.98 2532.28 6540 6883
7188 -78981.72 -23919.79 3274.28 6869 6543
7189 142332.38 -154867.96 594.27 6548 7135
7190 -26995.84 28150.93 3315.02 6553 6947
7191 231435.91 -130972.65 590.16 6615 6557
7192 -257377.62 36129.09 3150.28 6810 6569
7193 223323.37 -133315.80 595.85 6907 6571
7194 266522.87 -91389.75 810.79 6576 6842
7195 12795.20 35894.03 3707.49 7259 6584
7196 -176418.09 -116528.86 1295.68 6585 6985
7197 -236098.68 35247.49 3258.36 6590 6823
7198 133268.87 -140657.01 750.93 6611 6601
7199 -37118.72 4182.43 3454.40 6933 6606
7200 -216067.96 -25257.85 3463.70 6765 6613
7201 56828.04 -41139.44 3028.51 7238 6614
7202 -36048.24 73530.51 2766.67 7062 6618
7203 -52652.81 81834.13 3029.40 7224 6619
7204 -188294.13 -43009.03 3194.76 7155 6625
7205 246132.79 65714.41 2967.19 6750 6626
7206 192189.44 60259.03 3465.24 6627 6910
7207 246122.64 -75404.70 1475.94 6925 6634
7208 -175285.05 -11448.35 3526.11 6638 6888
7209 207363.20 -58968.26 1764.70 6844 6642
7210 63258.84 -49795.73 3241.01 6912 6653
7211 154741.55 -55637.67 3221.55 6660 7071
7212 -40076.76 5835.24 3428.20 6661 6933
7213 -219629.40 -78863.28 3370.53 6663 7201
7214 81588.05 51876.15 2944.96 6664 7017
7215 54730.74 -115585.49 1414.65 6988 6666
7216 33867.19 -65482.39 2297.46 6672 6691
7217 -261332.96 -175419.61 778.54 6673 6781
7218 24234.86 68666.61 3146.81 7149 6684
7219 -202170.06 106418.67 3543.35 7049 6689
7220 37835.05 73495.25 2896.16 6694 6972
7221 75387.29 -82848.31 1736.33 6701 7042
7222 190188.31 77151.84 3443.65 6704 7093
7223 179580.33 -67808.91 2040.10 6926 6715
7224 136913.09 -50611.74 3248.24 6721 7133
7225 98830.67 90670.27 2895.32 6724 6791
7226 1498.23 17018.85 3582.43 6733 7123
7227 66898.82 226861.86 3317.10 6734 7124
7228 -75804.14 -9327.48 3062.33 6735 6836
7229 -6875.66 -59425.66 1031.38 6742 6774
7230 -9117.44 -59146.03 1149.84 6742 7150
7231 133438.64 134750.64 3061.67 6923 6752
7232 -118123.14 171692.11 3802.40 6756 6960
7233 -87709.04 236132.17 3000.82 6764 7101
7234 -68215.85 13302.76 2822.54 6773 7175
7235 -62994.56 62232.29 3514.36 6784 7210
7236 225725.76 55897.11 3384.36 6796 7263
7237 -73492.33 -42128.89 3116.18 6995 6799
7238 165504.30 -149398.82 874.07 6801 6994
7239 -224331.00 -185551.77 61.25 6815 6965
7240 12021.31 -55534.24 2966.05 6818 6998
7241 -220724.77 -80607.25 2988.47 6824 7201
7242 -92161.92 -145231.97 1078.51 6841 7115
7243 -50773.33 196239.03 3239.09 6956 6877
7244 8323.20 57200.75 2711.23 7246 6878
7245 59518.03 -3550.83 3483.54 6881 7087
7246 -155691.49 244733.02 3548.21 6895 6952
7247 222968.09 -135155.63 522.52 6907 7145
7248 193894.36 60819.19 3335.35 7146 6910
7249 133734.98 237431.38 3465.21 6916 7080
7250 -245407.93 -155344.60 1667.56 6919 6999
7251 154321.79 -4479.81 2943.35 7095 6922
7252 179078.12 46213.25 2803.30 7044 6939
7253 -68297.58 30303.76 2950.34 6946 7170
7254 -136322.02 -57265.19 3374.73 6950 7229
7255 -81203.03 -36416.53 3374.37 6954 6984
7256 255601.66 -137572.63 217.63 7152 6958
7257 850.40 -42407.04 1549.20 6983 7213
7258 -79607.54 -38776.48 3333.49 6995 6984
7259 -181463.08 146901.15 3407.48 7132 7014
7260 -66010.83 -48736.59 2686.83 7015 7088
7261 137806.15 89767.34 2974.01 7120 7066
7262 148690.14 -151186.54 805.24 7226 7106
7263 -77477.41 237406.59 3177.44 7163 7264
7264 15802.63 84542.36 3191.70 7202 7198
7265 -105042.59 -108702.07 1246.42 7221 7254
7266 152951.92 -154949.47 185.55 7234 7230
